player_name,elo,hard_elo,clay_elo,grass_elo,rank,rank_points,age,ht,is_left,matches_played,win_last_5,win_last_25,win_last_50,win_last_100,elo_grad_20,elo_grad_35,elo_grad_50,elo_grad_100,ace_avg_last_5,ace_avg_last_20,ace_avg_last_50,df_avg_last_5,df_avg_last_20,df_avg_last_50,1st_win_pct_avg_last_5,1st_win_pct_avg_last_20,1st_win_pct_avg_last_50,bp_save_pct_avg_last_5,bp_save_pct_avg_last_20,bp_save_pct_avg_last_50
Syed Mohd Agil Syed Naguib,1400.0,1400.0,1400.0,1400.0,2000.0,0.0,31.0,185.67156964873536,0,0,0.0,0.0,0.0,0.0,0.0,0.0,0.0,0.0,0.0,0.0,0.0,0.0,0.0,0.0,0.0,0.0,0.0,0.0,0.0,0.0
Chu Huan Yi,1381.7322869970383,1381.7322869970383,1381.7322869970383,1381.7322869970383,514.0,54.0,37.4,178.0,1,1,0.0,0.0,0.0,0.0,-18.267713002961727,-18.267713002961727,-18.267713002961727,-18.267713002961727,-1.0,-1.0,-1.0,-1.0,-1.0,-1.0,0.0,0.0,0.0,0.0,0.0,0.0
Marcos Ondruska,1795.5643183625523,1782.9385957737063,1839.5808627038646,1839.5808627038646,182.0,207.0,52.5,183.0,0,59,0.2,0.1111111111111111,0.1111111111111111,0.1111111111111111,-44.01654434131228,-44.01654434131228,-44.01654434131228,-44.01654434131228,2.6,3.111111111111111,3.111111111111111,5.0,4.888888888888889,4.888888888888889,0.5237828442072925,0.5702852810574841,0.5702852810574841,0.4557971014492754,0.45427881297446515,0.45427881297446515
Nathan Anthony Barki,1400.0,1400.0,1400.0,1400.0,2000.0,0.0,20.8,178.0,0,0,0.0,0.0,0.0,0.0,0.0,0.0,0.0,0.0,0.0,0.0,0.0,0.0,0.0,0.0,0.0,0.0,0.0,0.0,0.0,0.0
Sergei Cuptov,1387.9980831082623,1400.0,1389.0767497608197,1387.9980831082623,2000.0,0.0,43.3,185.67156964873536,0,3,0.3333333333333333,0.3333333333333333,0.3333333333333333,0.3333333333333333,-12.001916891737665,-12.001916891737665,-12.001916891737665,-12.001916891737665,-1.0,-1.0,-1.0,-1.0,-1.0,-1.0,0.0,0.0,0.0,0.0,0.0,0.0
Thiago Monteiro,1628.800149864275,1398.572567476024,1685.0885264374506,1376.6316262966072,100.0,609.0,31.4,183.0,1,220,0.2,0.52,0.42,0.4,-29.22262435969401,45.75967715553156,35.18478462749226,-5.335952615330598,8.8,5.7,6.04,2.6,2.2,2.28,0.7205221439119744,0.740326945927693,0.7042714821530573,0.7814285714285715,0.6450793650793651,0.5453730158730159
Juan Antonio Marin,1643.206054603254,1861.2561810247637,1775.364768835492,1946.4705879957228,259.0,148.0,50.1,175.0,0,238,0.2,0.28,0.32,0.3409090909090909,-115.90502615330524,-164.00031236907876,-164.89610972974424,-303.2645333924688,3.4,2.75,2.34,2.0,1.05,1.2,0.6452688297175182,0.651282692031622,0.6345729250541026,0.3940476190476191,0.41687229437229434,0.4530685502237226
Young Jun Kim,1468.6514255184577,1398.7570169607905,1468.6514255184577,1427.2489465854214,474.0,71.0,45.5,186.27336318231923,0,8,0.4,0.625,0.625,0.625,68.6514255184577,68.6514255184577,68.6514255184577,68.6514255184577,-1.0,-1.0,-1.0,-1.0,-1.0,-1.0,0.0,0.0,0.0,0.0,0.0,0.0
Anthony Susanto,1349.0329168248704,1376.1707786484994,1400.0,1349.0329168248704,2000.0,0.0,27.6,185.67156964873536,0,2,0.0,0.0,0.0,0.0,-50.967083175129574,-50.967083175129574,-50.967083175129574,-50.967083175129574,2.0,2.0,2.0,3.5,3.5,3.5,0.6004901960784315,0.6004901960784315,0.6004901960784315,0.26666666666666666,0.26666666666666666,0.26666666666666666
Alex Llompart,1396.8934473150098,1396.8934473150098,1396.8934473150098,1396.8934473150098,1418.0,3.0,35.1,186.27336318231923,0,10,0.4,0.5,0.5,0.5,-3.10655268499022,-3.10655268499022,-3.10655268499022,-3.10655268499022,-1.0,-1.0,-1.0,-1.0,-1.0,-1.0,0.0,0.0,0.0,0.0,0.0,0.0
Dannio Yahya,1381.5384596315482,1381.5384596315482,1381.5384596315482,1381.5384596315482,2000.0,0.0,39.4,185.67156964873536,0,1,0.0,0.0,0.0,0.0,-18.46154036845178,-18.46154036845178,-18.46154036845178,-18.46154036845178,-1.0,-1.0,-1.0,-1.0,-1.0,-1.0,0.0,0.0,0.0,0.0,0.0,0.0
Kittipong Wachiramanowong,1397.0250014693058,1472.8973705257922,1423.5014578161706,1400.0,1109.0,8.0,35.2,183.0,0,33,0.6,0.52,0.3939393939393939,0.3939393939393939,-3.911024820044986,-2.9749985306941653,-2.9749985306941653,-2.9749985306941653,5.8,0.9,0.45454545454545453,2.6,-0.05,-0.30303030303030304,0.7101287441197813,0.20669885269661198,0.16289617250265764,0.4685714285714286,0.14896103896103896,0.11149153876426604
Todd Widom,1586.6076039761472,1586.6076039761472,1586.6076039761472,1586.6076039761472,232.0,326.0,41.8,185.67156964873536,0,9,0.6,0.5555555555555556,0.5555555555555556,0.5555555555555556,186.60760397614717,186.60760397614717,186.60760397614717,186.60760397614717,3.6,3.7777777777777777,3.7777777777777777,2.0,2.4444444444444446,2.4444444444444446,0.6727243522780627,0.6679120535813939,0.6679120535813939,0.5720634920634919,0.5682539682539682,0.5682539682539682
Enrique Lopez Perez,1412.3231785930573,1412.3231785930573,1412.3231785930573,1412.3231785930573,196.0,278.0,34.1,185.67156964873536,0,0,0.0,0.0,0.0,0.0,0.0,0.0,0.0,0.0,0.0,0.0,0.0,0.0,0.0,0.0,0.0,0.0,0.0,0.0,0.0,0.0
Alejandro Tabilo,1749.7028686126248,1506.1404835362564,1598.2363996557765,1456.634717962618,22.0,2043.0,28.4,188.0,1,112,0.6,0.44,0.5,0.53,-114.01904381327267,33.22099016656921,50.01516363994688,261.93120872903046,9.2,8.45,7.48,3.2,2.8,2.52,0.7775335775335775,0.7378005099814301,0.7518536709125361,0.34285714285714286,0.5668417839470472,0.5947024422945476
Thanapet Chanta,1400.0,1400.0,1400.0,1400.0,938.0,16.0,25.3,185.67156964873536,0,0,0.0,0.0,0.0,0.0,0.0,0.0,0.0,0.0,0.0,0.0,0.0,0.0,0.0,0.0,0.0,0.0,0.0,0.0,0.0,0.0
Febi Widhiyanto,1725.110053753869,1725.110053753869,1725.110053753869,1725.110053753869,2000.0,0.0,45.1,186.27336318231923,0,23,1.0,0.7692307692307693,0.7692307692307693,0.7692307692307693,101.61599639894962,101.61599639894962,101.61599639894962,101.61599639894962,-1.0,-1.0,-1.0,-1.0,-1.0,-1.0,0.0,0.0,0.0,0.0,0.0,0.0
Filip Prpic,1415.4566880200834,1461.2726705846894,1356.7597847996535,1415.4566880200834,1426.0,2.0,42.7,173.0,0,12,0.2,0.16666666666666666,0.16666666666666666,0.16666666666666666,15.456688020083448,15.456688020083448,15.456688020083448,15.456688020083448,4.0,3.1666666666666665,3.1666666666666665,3.0,3.3333333333333335,3.3333333333333335,0.6693565709243174,0.6577181296512697,0.6577181296512697,0.6808658008658008,0.6348018879268879,0.6348018879268879
Andreas Fasching,1624.7483471342362,1624.7483471342362,1624.7483471342362,1624.7483471342362,700.0,16.0,44.5,185.67156964873536,0,10,0.0,0.0,0.0,0.0,0.0,0.0,0.0,0.0,0.0,0.0,0.0,0.0,0.0,0.0,0.0,0.0,0.0,0.0,0.0,0.0
Emilio Gomez,1502.5404853290133,1470.306771136393,1457.698945758454,1502.5404853290133,307.0,175.0,33.1,185.0,0,53,0.4,0.32,0.44,0.4339622641509434,-13.80423137111461,-40.0315290916335,81.81395543258213,102.54048532901334,0.6,2.3,2.5,1.6,1.9,1.8,0.37156620553359676,0.5217904214824242,0.4944024838911417,0.1857142857142857,0.38835497835497834,0.39693951473363237
Vit Kopriva,1422.8978660501753,1407.636877501027,1428.6029371458096,1400.0,113.0,553.0,28.1,178.0,0,17,0.0,0.35294117647058826,0.35294117647058826,0.35294117647058826,22.897866050175253,22.897866050175253,22.897866050175253,22.897866050175253,3.0,3.1176470588235294,3.1176470588235294,3.4,3.5294117647058822,3.5294117647058822,0.6009297238173367,0.6709486271612468,0.6709486271612468,0.4246031746031746,0.376984126984127,0.376984126984127
Thomas Larsen,1713.9591835078727,1713.9591835078727,1697.6438407068636,1713.9591835078727,2000.0,0.0,50.1,180.0,0,50,0.0,0.0,0.0,0.0,0.0,0.0,0.0,0.0,0.0,0.0,0.0,0.0,0.0,0.0,0.0,0.0,0.0,0.0,0.0,0.0
Ekkarin Pisuth Arnonth,1611.1471956396272,1611.1471956396272,1611.1471956396272,1611.1471956396272,920.0,6.0,49.0,185.67156964873536,0,10,0.0,0.0,0.0,0.0,0.0,0.0,0.0,0.0,0.0,0.0,0.0,0.0,0.0,0.0,0.0,0.0,0.0,0.0,0.0,0.0
Hussain Al Ashwak,1412.5124992311808,1412.5124992311808,1412.5124992311808,1412.5124992311808,2000.0,0.0,48.4,185.67156964873536,0,4,0.5,0.5,0.5,0.5,12.512499231180755,12.512499231180755,12.512499231180755,12.512499231180755,-1.0,-1.0,-1.0,-1.0,-1.0,-1.0,0.0,0.0,0.0,0.0,0.0,0.0
Mounir El Aarej,1623.0486059102293,1663.4170972373415,1742.7968518102368,1704.3260976990032,386.0,79.0,47.8,185.67156964873536,0,72,0.2,0.2727272727272727,0.2727272727272727,0.2727272727272727,-64.79428536093337,-81.27749178877389,-81.27749178877389,-81.27749178877389,-0.2,0.5,0.5,-0.6,0.9,1.1363636363636365,0.1368421052631579,0.20717247633541028,0.21936314587490402,0.0,0.16963514555619819,0.164314778788463
Walter Barahona,1400.0,1400.0,1400.0,1400.0,2000.0,0.0,52.9,185.67156964873536,0,0,0.0,0.0,0.0,0.0,0.0,0.0,0.0,0.0,0.0,0.0,0.0,0.0,0.0,0.0,0.0,0.0,0.0,0.0,0.0,0.0
Adam Thompson,1418.6942608054908,1395.602557991303,1418.6942608054908,1418.6942608054908,830.0,32.0,42.5,186.27336318231923,0,4,0.5,0.5,0.5,0.5,18.694260805490785,18.694260805490785,18.694260805490785,18.694260805490785,-1.0,-1.0,-1.0,-1.0,-1.0,-1.0,0.0,0.0,0.0,0.0,0.0,0.0
Owen Casey,1633.995364556037,1633.995364556037,1633.995364556037,1633.995364556037,650.0,19.0,55.7,185.67156964873536,0,11,0.0,0.0,0.0,0.0,-7.365221650052035,-7.365221650052035,-7.365221650052035,-7.365221650052035,-1.0,-1.0,-1.0,-1.0,-1.0,-1.0,0.0,0.0,0.0,0.0,0.0,0.0
Tyler Mayers,1400.0,1400.0,1400.0,1400.0,2000.0,0.0,42.3,185.67156964873536,0,0,0.0,0.0,0.0,0.0,0.0,0.0,0.0,0.0,0.0,0.0,0.0,0.0,0.0,0.0,0.0,0.0,0.0,0.0,0.0,0.0
Martin Damm Sr,1831.373058954302,1568.439143150422,1464.2792991651056,1598.5323751859605,2000.0,0.0,52.5,188.0,0,41,0.2,0.32,0.3902439024390244,0.3902439024390244,-27.51170188297965,302.47296319913085,431.373058954302,431.373058954302,9.4,7.4,6.487804878048781,4.0,3.7,3.292682926829268,0.7134093535546647,0.6800022660063414,0.713954326095783,0.4487734487734487,0.4624496010525422,0.5768411645743066
Viktor Galovic,1437.5643456796945,1437.5643456796945,1463.8684310309418,1386.1437040634219,197.0,259.0,34.8,193.0,0,8,0.4,0.375,0.375,0.375,37.5643456796945,37.5643456796945,37.5643456796945,37.5643456796945,5.4,5.25,5.25,3.0,3.125,3.125,0.6959255294747305,0.7016273879182192,0.7016273879182192,0.5405128205128205,0.4628205128205128,0.4628205128205128
Stefano Pescosolido,1764.6793388114156,1814.3328072976678,1794.1181673270978,1777.7054729847623,157.0,257.0,54.1,185.0,0,56,0.2,0.16666666666666666,0.16666666666666666,0.16666666666666666,-49.65346848625222,-49.65346848625222,-49.65346848625222,-49.65346848625222,3.2,4.0,4.0,5.4,5.333333333333333,5.333333333333333,0.6763242942988436,0.696936911915703,0.696936911915703,0.4706060606060606,0.39217171717171717,0.39217171717171717
Casper Ruud,1861.908350237658,1482.277644962701,1935.3715629960798,1307.0729556138692,7.0,3855.0,26.8,183.0,0,394,0.2,0.44,0.62,0.65,-149.97822809288687,-134.40891635762887,-117.10519810809728,-106.28716634118064,9.0,5.8,5.28,3.4,2.75,2.26,0.7429765145657646,0.615710961752509,0.6580146111384181,0.5866666666666667,0.38763480392156857,0.4477443977591036
Adria Soriano Barrera,1401.6505358109519,1400.0,1372.4599956386685,1401.6505358109519,460.0,91.0,26.2,191.0,0,2,0.5,0.5,0.5,0.5,1.650535810951851,1.650535810951851,1.650535810951851,1.650535810951851,8.5,8.5,8.5,5.5,5.5,5.5,0.7577551020408163,0.7577551020408163,0.7577551020408163,0.7083333333333333,0.7083333333333333,0.7083333333333333
Bobby Reynolds,1647.5874219114849,1556.6145584116794,1455.4831280670764,1445.5590231376193,133.0,428.0,43.0,183.0,0,100,0.4,0.24,0.28,0.28,22.808373106957788,-53.893900785443066,-18.19751490810995,251.4129225528652,9.0,5.8,7.44,4.2,2.8,3.12,0.6933962193654107,0.6748165596410945,0.6899520274903942,0.6191919191919192,0.599065379065379,0.5513561774482827
James Duckworth,1527.5711968506907,1537.91512219381,1346.8414377631382,1457.5354684935053,77.0,731.0,33.7,183.0,0,172,0.0,0.36,0.36,0.41,-3.246730700558828,-63.79455989238113,-103.72454237398779,-48.99460150292839,4.0,7.25,7.64,2.8,2.45,2.52,0.7099603174603175,0.7421105813992561,0.7283426710120886,0.5357142857142857,0.5812078272604588,0.5560447979952624
Roger Federer,2125.7022361580975,2134.2808624174777,1823.7343908744137,2036.837366153913,8.0,4815.0,43.8,185.0,0,1658,0.8,0.72,0.78,0.8,-105.0744919570293,-125.8074788391159,-139.57009350901626,-158.28726701835012,8.4,9.0,8.18,1.0,1.05,1.18,0.7411453089126212,0.7080517781331424,0.7043164368115322,0.8100000000000002,0.6201713564213565,0.5818579198579199
Michal Tabara,1776.6409395350504,1912.8008516632678,1796.2428934602813,1856.1349856543848,596.0,36.0,45.7,175.0,0,131,0.0,0.36,0.34,0.41975308641975306,-70.60851597995088,-121.0689170885064,-205.00301457349792,-96.38752703313025,5.2,5.05,3.74,8.4,8.15,5.66,0.6512119397025058,0.6758005825660811,0.6540334943004279,0.4947435897435898,0.49683032245532244,0.4741248212571742
Petros Tsitsipas,1426.0964135712102,1391.363870403979,1446.400688591003,1426.0964135712102,2000.0,0.0,25.0,185.0,0,6,0.4,0.5,0.5,0.5,26.096413571210178,26.096413571210178,26.096413571210178,26.096413571210178,2.6,2.0,2.0,2.0,1.5,1.5,0.48416951469583047,0.4034745955798587,0.4034745955798587,0.29166666666666663,0.24305555555555555,0.24305555555555555
Damion Johnson,1308.0680730584577,1374.235493725344,1366.1120075254607,1308.0680730584577,2000.0,0.0,39.8,185.67156964873536,0,5,0.0,0.0,0.0,0.0,-91.93192694154232,-91.93192694154232,-91.93192694154232,-91.93192694154232,-1.0,-1.0,-1.0,-1.0,-1.0,-1.0,0.0,0.0,0.0,0.0,0.0,0.0
Nuno Marques,1737.152371912246,1737.152371912246,1737.152371912246,1737.152371912246,432.0,57.0,55.0,190.0,1,50,0.0,0.0,0.0,0.0,0.0,0.0,0.0,0.0,0.0,0.0,0.0,0.0,0.0,0.0,0.0,0.0,0.0,0.0,0.0,0.0
Yevgeny Kafelnikov,1872.1534179370328,2204.503371179341,2121.546230699471,2368.5226506070358,41.0,950.0,51.6,190.0,0,821,0.4,0.52,0.54,0.54,-139.31399267378833,-17.007719738375044,-46.1464869026961,-241.5062076281397,3.8,4.0,3.64,2.2,3.7,2.92,0.561914071591491,0.6721087770267433,0.6628989022826408,0.506060606060606,0.4544191919191919,0.46124458874458873
Robin Haase,1711.3548791588023,1528.376653886466,1503.9396415999593,1457.5923697081578,1199.0,7.0,38.3,191.0,0,504,0.6,0.44,0.4,0.44,6.500815517865703,-32.45108210958051,-91.23204115224803,-145.29176760522523,6.0,7.9,7.28,2.4,3.5,3.24,0.7181527347781218,0.7441212079700353,0.735850332755665,0.4843223443223444,0.5739538892480069,0.5836482667659137
Tomas Behrend,1663.6603424206558,1754.875188056944,1818.7141643714513,1842.3552890105386,152.0,270.0,50.5,193.0,0,161,0.2,0.32,0.32,0.36,-130.65044657540034,-167.37609735244519,-158.08404184715732,-184.8469848994689,3.8,3.8,3.82,6.0,3.95,3.34,0.6247014511860748,0.677152838900977,0.6752545662728409,0.24246031746031754,0.4654063188273715,0.5482307370991581
Ilija Martinoski,1354.1571358175404,1372.8507747521799,1398.9307733091043,1354.1571358175404,928.0,18.0,35.9,185.67156964873536,0,5,0.2,0.2,0.2,0.2,-45.84286418245961,-45.84286418245961,-45.84286418245961,-45.84286418245961,-1.0,-1.0,-1.0,-1.0,-1.0,-1.0,0.0,0.0,0.0,0.0,0.0,0.0
Yasir Khan,1255.5600820640152,1309.8983173701956,1362.8451113031792,1255.5600820640152,2000.0,0.0,35.8,185.67156964873536,0,7,0.0,0.0,0.0,0.0,-144.4399179359848,-144.4399179359848,-144.4399179359848,-144.4399179359848,-1.0,-1.0,-1.0,-1.0,-1.0,-1.0,0.0,0.0,0.0,0.0,0.0,0.0
Lars Poerschke,1398.415407072418,1398.415407072418,1398.415407072418,1398.415407072418,332.0,123.0,40.6,185.67156964873536,0,1,0.0,0.0,0.0,0.0,-1.58459292758198,-1.58459292758198,-1.58459292758198,-1.58459292758198,12.0,12.0,12.0,6.0,6.0,6.0,0.7619047619047619,0.7619047619047619,0.7619047619047619,0.5,0.5,0.5
Andrea Arnaboldi,1495.4212950030085,1428.5861690613615,1474.988406267805,1428.5861690613615,267.0,206.0,37.0,180.0,1,13,0.4,0.3076923076923077,0.3076923076923077,0.3076923076923077,66.835125941647,66.835125941647,66.835125941647,66.835125941647,2.6,4.0,4.0,3.6,3.076923076923077,3.076923076923077,0.6675396825396824,0.6489901275678752,0.6489901275678752,0.6504761904761904,0.5890824986978833,0.5890824986978833
Oskar Saarne,1400.0,1400.0,1400.0,1400.0,2000.0,0.0,39.9,185.67156964873536,0,0,0.0,0.0,0.0,0.0,0.0,0.0,0.0,0.0,0.0,0.0,0.0,0.0,0.0,0.0,0.0,0.0,0.0,0.0,0.0,0.0
Nicola Kuhn,1437.0171620633635,1416.8433890438555,1408.4004144133305,1392.8943322809134,259.0,190.0,25.3,185.0,0,11,0.2,0.2727272727272727,0.2727272727272727,0.2727272727272727,37.01716206336346,37.01716206336346,37.01716206336346,37.01716206336346,2.0,2.1818181818181817,2.1818181818181817,4.0,3.0,3.0,0.6409902436999211,0.6289995198099053,0.6289995198099053,0.3535714285714286,0.39816017316017316,0.39816017316017316
Ilija Bozoljac,1548.751566071837,1345.8991033224934,1477.8234267982052,1454.9224451124387,268.0,170.0,39.4,193.0,0,30,0.2,0.28,0.36666666666666664,0.36666666666666664,-29.036051239836752,148.75156607183703,148.75156607183703,148.75156607183703,10.6,13.35,11.5,3.4,5.1,3.966666666666667,0.7402959114477445,0.6853031591863777,0.6654944488851481,0.4928571428571429,0.5257223332223332,0.4596879046879047
Heve Kelley,1400.0,1400.0,1400.0,1400.0,2000.0,0.0,27.8,185.67156964873536,0,0,0.0,0.0,0.0,0.0,0.0,0.0,0.0,0.0,0.0,0.0,0.0,0.0,0.0,0.0,0.0,0.0,0.0,0.0,0.0,0.0
Devin Mullings,1428.6697248885323,1443.4524457385048,1390.5292959357448,1428.6697248885323,1006.0,14.0,39.7,168.0,1,12,0.2,0.3333333333333333,0.3333333333333333,0.3333333333333333,28.6697248885323,28.6697248885323,28.6697248885323,28.6697248885323,-0.8,-0.9166666666666666,-0.9166666666666666,-0.2,-0.6666666666666666,-0.6666666666666666,0.09473684210526315,0.039473684210526314,0.039473684210526314,0.11666666666666667,0.04861111111111111,0.04861111111111111
Di Wu,1473.8707570612132,1560.39799607288,1379.1352288992637,1400.0,339.0,116.0,34.0,175.0,0,52,0.2,0.32,0.4,0.38461538461538464,-111.67594988022324,18.87788130930585,57.105323781786865,73.87075706121323,3.4,2.55,0.92,2.8,2.35,1.16,0.6837876509455457,0.6443068848533711,0.36973525323923667,0.5257142857142857,0.5485550379572118,0.31001797477884435
Ivan Ljubicic,1802.3555637460952,1921.727639337218,1962.2344003259468,1703.9085122047688,53.0,840.0,46.0,193.0,0,840,0.4,0.52,0.52,0.55,-88.39146317489303,-67.46095415943591,-89.22084433999726,-170.8287036581628,15.4,13.4,10.82,3.6,2.75,2.0,0.7798624140087556,0.7728957198632824,0.767399982105711,0.7499999999999999,0.6060626873126873,0.572956820956821
Dmitrii Baskov,1400.0,1400.0,1400.0,1400.0,2018.0,1.0,30.5,185.67156964873536,0,0,0.0,0.0,0.0,0.0,0.0,0.0,0.0,0.0,0.0,0.0,0.0,0.0,0.0,0.0,0.0,0.0,0.0,0.0,0.0,0.0
Henri Laaksonen,1519.1959293919954,1458.859032764539,1506.9025932168383,1384.9021135410667,125.0,434.0,33.4,185.0,0,124,0.0,0.32,0.32,0.4,-143.22997499011285,-52.93819887798645,-165.0430787205646,-18.308844722934282,3.8,4.8,5.32,2.2,2.0,2.58,0.4928431372549019,0.6467409967731855,0.6448933964039435,0.38734598734598735,0.4781010656010656,0.4776285936285936
Toni Androic,1394.3594148962466,1400.0,1400.0,1394.3594148962466,363.0,119.0,33.5,168.0,0,1,0.0,0.0,0.0,0.0,-5.640585103753438,-5.640585103753438,-5.640585103753438,-5.640585103753438,2.0,2.0,2.0,2.0,2.0,2.0,0.6666666666666666,0.6666666666666666,0.6666666666666666,0.625,0.625,0.625
Daniel Nestor,1929.1263689204886,1919.8692829675185,1919.6504646269295,1874.9635172477808,2000.0,0.0,52.9,190.0,1,186,0.4,0.4,0.4444444444444444,0.4444444444444444,5.253752579301363,-13.0084326479639,9.475904293559097,9.475904293559097,6.0,4.8,5.361111111111111,3.2,2.7,3.0277777777777777,0.449629421146449,0.49919755087578366,0.4987723052219662,0.3833333333333333,0.31529411764705884,0.36933828245102757
Nicklas Kulti,1833.2921827952675,1864.36645095676,1872.467931580806,1878.4353978081624,430.0,55.0,54.2,190.0,0,54,0.0,0.0,0.0,0.0,-45.14321501289487,-45.14321501289487,-45.14321501289487,-45.14321501289487,9.25,9.25,9.25,4.25,4.25,4.25,0.687037037037037,0.687037037037037,0.687037037037037,0.5584935897435898,0.5584935897435898,0.5584935897435898
Andres Martin,1424.5565315149495,1424.5565315149495,1424.5565315149495,1424.5565315149495,483.0,86.0,24.0,183.0,0,3,0.3333333333333333,0.3333333333333333,0.3333333333333333,0.3333333333333333,24.556531514949484,24.556531514949484,24.556531514949484,24.556531514949484,3.3333333333333335,3.3333333333333335,3.3333333333333335,0.6666666666666666,0.6666666666666666,0.6666666666666666,0.7342500636618284,0.7342500636618284,0.7342500636618284,0.6777777777777777,0.6777777777777777,0.6777777777777777
Marko Tkalec,1737.0896695590634,1669.6174678423579,1790.3281066108043,1696.444486287966,330.0,108.0,48.3,178.0,0,79,0.6,0.64,0.6551724137931034,0.6551724137931034,-16.438512121985923,40.645183271097494,40.645183271097494,40.645183271097494,-1.0,-1.0,-0.7241379310344828,-1.0,-1.0,-0.8620689655172413,0.0,0.0,0.023872679045092837,0.0,0.0,0.01293103448275862
Serguei Tarasevitch,1396.6728356652588,1400.0,1396.6728356652588,1396.6728356652588,1256.0,3.0,37.5,185.67156964873536,0,1,0.0,0.0,0.0,0.0,-3.3271643347411555,-3.3271643347411555,-3.3271643347411555,-3.3271643347411555,-1.0,-1.0,-1.0,-1.0,-1.0,-1.0,0.0,0.0,0.0,0.0,0.0,0.0
Lucas Arnold Ker,1713.7872484901495,1713.7872484901495,1726.064921014957,1713.7872484901495,2000.0,0.0,50.4,180.0,0,51,0.0,0.0,0.0,0.0,-12.277672524807485,-12.277672524807485,-12.277672524807485,-12.277672524807485,2.0,2.0,2.0,0.0,0.0,0.0,0.5862068965517241,0.5862068965517241,0.5862068965517241,0.5714285714285714,0.5714285714285714,0.5714285714285714
Dusan Vemic,1715.394994275675,1698.7949783033205,1792.2225497456761,1787.925577409655,178.0,229.0,49.1,190.0,0,75,0.2,0.44,0.44,0.44,-75.8747304745707,-46.78725939655578,-46.78725939655578,-46.78725939655578,10.8,7.95,6.36,3.4,3.35,2.8,0.7278778467908902,0.6803425441626751,0.5722740353301401,0.5257575757575756,0.5820941558441558,0.48567532467532465
Demetris Azoides,1400.0,1400.0,1400.0,1400.0,1054.0,12.0,24.9,186.27336318231923,0,0,0.0,0.0,0.0,0.0,0.0,0.0,0.0,0.0,0.0,0.0,0.0,0.0,0.0,0.0,0.0,0.0,0.0,0.0,0.0,0.0
Tom Kocevar Desman,1347.4083895926237,1372.780457710003,1400.0,1347.4083895926237,688.0,35.0,35.1,180.0,0,3,0.0,0.0,0.0,0.0,-52.591610407376265,-52.591610407376265,-52.591610407376265,-52.591610407376265,-1.0,-1.0,-1.0,-1.0,-1.0,-1.0,0.0,0.0,0.0,0.0,0.0,0.0
Luis Delgado,1374.762098893019,1400.0,1379.2655112903058,1374.762098893019,2000.0,0.0,34.0,186.27336318231923,0,3,0.0,0.0,0.0,0.0,-25.2379011069811,-25.2379011069811,-25.2379011069811,-25.2379011069811,-1.0,-1.0,-1.0,-1.0,-1.0,-1.0,0.0,0.0,0.0,0.0,0.0,0.0
James Blake,1626.9315934938927,1974.6560323219867,1643.5386509909563,1684.2200782727602,100.0,553.0,45.6,185.0,0,669,0.4,0.4,0.42,0.46,-47.74184647150423,-40.25467662879987,-152.04670940324468,-279.82176286411755,6.0,5.6,5.44,3.0,2.7,2.7,0.7720231029577672,0.7579551090569292,0.7209187098558378,0.7328571428571429,0.6013832654273831,0.5120133918369213
Alexander Cozbinov,1400.0,1366.0012710224341,1400.0,1400.0,816.0,18.0,29.6,188.0,0,0,0.0,0.0,0.0,0.0,0.0,0.0,0.0,0.0,0.0,0.0,0.0,0.0,0.0,0.0,0.0,0.0,0.0,0.0,0.0,0.0
Sanam Singh,1418.2546061494206,1424.7315655832665,1400.0,1418.2546061494206,371.0,115.0,37.2,173.0,0,3,0.3333333333333333,0.3333333333333333,0.3333333333333333,0.3333333333333333,18.254606149420624,18.254606149420624,18.254606149420624,18.254606149420624,-0.6666666666666666,-0.6666666666666666,-0.6666666666666666,-0.3333333333333333,-0.3333333333333333,-0.3333333333333333,0.19858156028368792,0.19858156028368792,0.19858156028368792,0.22916666666666666,0.22916666666666666,0.22916666666666666
Sean Cooper,1539.0144160981154,1572.9225841206053,1572.9225841206053,1539.0144160981154,1334.0,1.0,45.7,186.27336318231923,0,11,0.0,0.0,0.0,0.0,-33.90816802248992,-33.90816802248992,-33.90816802248992,-33.90816802248992,-1.0,-1.0,-1.0,-1.0,-1.0,-1.0,0.0,0.0,0.0,0.0,0.0,0.0
Victor Hanescu,1657.4372988393652,1473.4439178957116,1871.942717644853,1508.510332763166,146.0,375.0,43.6,198.0,0,453,0.2,0.36,0.38,0.37,-8.550428167148084,-66.35485624781177,-69.95530143644282,-132.26152104393714,4.6,2.65,3.66,1.6,1.85,1.42,0.6264766076269157,0.6545498346728357,0.659860360238548,0.5711111111111112,0.554109477124183,0.528482174688057
Joachim Johansson,1924.2188682597427,1919.0603038703618,1304.2722315538724,1441.4467079299382,2000.0,0.0,43.2,198.0,0,131,0.4,0.52,0.48,0.57,-128.1247317539753,-155.61099109339898,-260.68695931876596,61.49365834410855,4.2,7.7,9.98,-0.4,1.45,2.9,0.3409966777408638,0.5265643829051136,0.6262219893150611,0.16,0.2781410256410256,0.40292796092796096
Gabriel Trifu,1749.560609436687,1749.560609436687,1796.1615024540395,1773.2486231520406,252.0,115.0,49.8,193.0,0,60,0.2,0.2,0.2,0.2,-31.579586434592102,-31.579586434592102,-31.579586434592102,-31.579586434592102,5.0,4.2,4.2,4.8,3.6,3.6,0.5679825537870651,0.5412936236695636,0.5412936236695636,0.31333333333333335,0.4033333333333333,0.4033333333333333
Osgar Ohoisin,1416.8092325408438,1408.9893161902446,1400.0,1416.8092325408438,1015.0,12.0,28.4,193.0,0,4,0.5,0.5,0.5,0.5,16.809232540843823,16.809232540843823,16.809232540843823,16.809232540843823,-1.0,-1.0,-1.0,-1.0,-1.0,-1.0,0.0,0.0,0.0,0.0,0.0,0.0
Jan Choinski,1389.3594925997968,1400.0,1386.057983328685,1398.5339263457367,276.0,199.0,29.2,196.0,0,9,0.2,0.2222222222222222,0.2222222222222222,0.2222222222222222,-10.640507400203205,-10.640507400203205,-10.640507400203205,-10.640507400203205,4.0,4.0,4.0,2.2,1.7777777777777777,1.7777777777777777,0.6672448963303536,0.6383546738285067,0.6383546738285067,0.7892732267732268,0.6218425093425093,0.6218425093425093
Christian Sigsgaard,1408.7580976042339,1377.993033673901,1408.7580976042339,1400.0,820.0,19.0,28.4,188.0,0,6,0.4,0.5,0.5,0.5,8.758097604233853,8.758097604233853,8.758097604233853,8.758097604233853,1.0,1.6666666666666667,1.6666666666666667,2.4,2.5,2.5,0.43929989550679205,0.4758393438166357,0.4758393438166357,0.5,0.5075757575757576,0.5075757575757576
Frank Dancevic,1637.1053965618573,1527.8786541129118,1229.7622747014414,1531.067316347548,422.0,94.0,40.8,185.0,0,179,0.6,0.32,0.32,0.36,-64.12654632577642,-65.6495479799296,-200.84106929476798,-287.30783366965034,6.8,5.3,5.54,2.2,2.35,2.1,0.7568394086247875,0.6170937500225157,0.5550384431002461,0.7176190476190476,0.5109451659451659,0.43776923076923085
Billy Harris,1508.8179292345906,1441.387525525059,1508.8179292345906,1465.6855451085248,106.0,552.0,30.6,193.0,0,14,0.4,0.5714285714285714,0.5714285714285714,0.5714285714285714,108.81792923459057,108.81792923459057,108.81792923459057,108.81792923459057,5.0,6.5,6.5,3.6,2.5,2.5,0.6935992578849721,0.7469051867791686,0.7469051867791686,0.694047619047619,0.649858276643991,0.649858276643991
Piero Demichelli,1400.0,1400.0,1400.0,1400.0,2000.0,0.0,45.5,185.67156964873536,1,0,0.0,0.0,0.0,0.0,0.0,0.0,0.0,0.0,0.0,0.0,0.0,0.0,0.0,0.0,0.0,0.0,0.0,0.0,0.0,0.0
Adrian Ungur,1499.4678427290035,1433.8638549956165,1493.101297178818,1397.7768078552933,674.0,36.0,40.6,178.0,0,58,0.4,0.36,0.28,0.3103448275862069,67.40531217501257,-11.659588884620007,-85.67528334410099,66.28278407327844,2.8,1.4,1.82,2.8,1.75,2.72,0.6362182730456515,0.4455220022883554,0.4941143846397704,0.4850349650349651,0.37319597069597066,0.4027501387501387
Chemseddine Belal,1624.7483471342362,1624.7483471342362,1624.7483471342362,1624.7483471342362,553.0,31.0,47.4,180.0,0,10,0.0,0.0,0.0,0.0,0.0,0.0,0.0,0.0,0.0,0.0,0.0,0.0,0.0,0.0,0.0,0.0,0.0,0.0,0.0,0.0
Nicolas Todero,1633.883686584713,1633.883686584713,1633.883686584713,1633.883686584713,332.0,89.0,46.2,183.0,0,10,0.0,0.0,0.0,0.0,0.0,0.0,0.0,0.0,0.0,0.0,0.0,0.0,0.0,0.0,0.0,0.0,0.0,0.0,0.0,0.0
Sam Barry,1336.9343781573173,1336.183409736609,1400.0,1336.9343781573173,425.0,96.0,33.4,185.67156964873536,0,7,0.2,0.2857142857142857,0.2857142857142857,0.2857142857142857,-63.06562184268273,-63.06562184268273,-63.06562184268273,-63.06562184268273,-1.0,-1.0,-1.0,-1.0,-1.0,-1.0,0.0,0.0,0.0,0.0,0.0,0.0
Nicolas Barrientos,1349.6578712357798,1343.312759166198,1428.3778309745576,1349.6578712357798,510.0,68.0,37.7,175.0,0,5,0.2,0.2,0.2,0.2,-50.342128764220206,-50.342128764220206,-50.342128764220206,-50.342128764220206,1.2,1.2,1.2,4.4,4.4,4.4,0.5310460783524339,0.5310460783524339,0.5310460783524339,0.4023076923076923,0.4023076923076923,0.4023076923076923
Kristof Vliegen,1732.2955551077082,1546.3974973823492,1624.761405623531,1413.1067634644594,307.0,139.0,43.2,193.0,0,211,0.4,0.32,0.32,0.34,-33.36889986795177,-95.37538853270553,-130.71629945953464,-325.19349792585285,3.0,5.6,5.5,2.0,2.75,2.12,0.6707897651104504,0.6779986430116,0.6242939692794193,0.24214285714285716,0.42620310245310244,0.4462119547119547
Giorgio Galimberti,1644.170955153605,1734.0577357693812,1747.9443879371743,1644.170955153605,204.0,190.0,48.5,180.0,0,74,0.2,0.25,0.25,0.25,-130.95410106093436,-141.76567233291325,-141.76567233291325,-141.76567233291325,3.2,2.0,2.1666666666666665,3.8,4.05,3.8333333333333335,0.5148809745598327,0.567991236955233,0.552837597128246,0.49833333333333335,0.47579451345755686,0.4612275707384403
Frederic Niemeyer,1712.3091453845093,1659.2633302825911,1790.9895294543958,1822.5442002280984,487.0,81.0,49.2,190.0,0,89,0.2,0.28,0.3076923076923077,0.3076923076923077,-96.66977940751462,-47.19756499120945,-79.7402099135245,-79.7402099135245,1.8,2.75,5.846153846153846,1.4,1.2,2.9743589743589745,0.2859800664451827,0.3173879172879323,0.38057765243745273,0.32,0.2550992063492064,0.29415036530421146
Dentry Mortimer,1389.3700787401574,1389.3700787401574,1389.3700787401574,1389.3700787401574,2000.0,0.0,43.0,185.67156964873536,0,1,0.0,0.0,0.0,0.0,-10.629921259842604,-10.629921259842604,-10.629921259842604,-10.629921259842604,-1.0,-1.0,-1.0,-1.0,-1.0,-1.0,0.0,0.0,0.0,0.0,0.0,0.0
Gilles Muller,1745.6967123264958,1515.6100122623386,1451.256346782135,1626.4901264583275,127.0,448.0,42.3,193.0,1,444,0.4,0.32,0.5,0.54,-201.72971186924792,-329.60981382369664,-239.28454659508384,-213.41738736294337,16.6,12.7,16.12,7.4,4.35,4.64,0.7971398516774101,0.7735652992148198,0.801033619124322,0.6071428571428571,0.520966810966811,0.594555389055389
Yasutaka Uchiyama,1462.7862974803643,1540.6974688284126,1386.8402797205495,1358.3043843676708,160.0,370.0,33.1,183.0,0,40,0.4,0.24,0.325,0.325,-57.711130003471226,41.52438264688408,62.78629748036428,62.78629748036428,7.8,6.85,6.725,1.4,2.45,2.05,0.7560800060581231,0.7168289928289678,0.6910378927254353,0.6787878787878787,0.5751303889347368,0.4879917817689557
Luka Belic,1373.8309008741167,1373.8309008741167,1373.8309008741167,1373.8309008741167,766.0,20.0,36.7,185.67156964873536,0,2,0.0,0.0,0.0,0.0,-26.16909912588335,-26.16909912588335,-26.16909912588335,-26.16909912588335,5.0,5.0,5.0,3.5,3.5,3.5,0.6515151515151515,0.6515151515151515,0.6515151515151515,0.606060606060606,0.606060606060606,0.606060606060606
Byron Black,1892.718488358064,1894.736897610171,1912.8441587981636,2063.522552854074,265.0,116.0,55.9,175.0,0,235,0.4,0.36,0.42,0.47058823529411764,-13.367065802514162,-157.88800747007053,-219.50637663622956,-63.40750464907933,0.0,1.7,1.64,0.0,1.1,1.22,0.24131147540983608,0.5310702085510638,0.5236377552432042,0.19797979797979803,0.39407828282828283,0.4031118326118326
Niko Karagiannis,1572.9225841206053,1572.9225841206053,1572.9225841206053,1572.9225841206053,2000.0,0.0,51.1,185.67156964873536,0,10,0.0,0.0,0.0,0.0,0.0,0.0,0.0,0.0,0.0,0.0,0.0,0.0,0.0,0.0,0.0,0.0,0.0,0.0,0.0,0.0
Thomas Dupre,1761.7306471730358,1761.7306471730358,1761.7306471730358,1761.7306471730358,274.0,125.0,51.5,185.67156964873536,0,50,0.0,0.0,0.0,0.0,0.0,0.0,0.0,0.0,0.0,0.0,0.0,0.0,0.0,0.0,0.0,0.0,0.0,0.0,0.0,0.0
Omar Awadhy,1368.746427667781,1368.746427667781,1368.746427667781,1368.746427667781,2000.0,0.0,43.1,185.67156964873536,0,9,0.0,0.0,0.0,0.0,-31.253572332218937,-31.253572332218937,-31.253572332218937,-31.253572332218937,0.0,0.1111111111111111,0.1111111111111111,4.8,5.0,5.0,0.5470902753160818,0.4909358212303514,0.4909358212303514,0.37297979797979797,0.3550705467372134,0.3550705467372134
Rob Steckley,1544.5923741736538,1562.5086294566722,1585.7868597827407,1544.5923741736538,644.0,29.0,45.4,185.67156964873536,0,13,0.3333333333333333,0.3333333333333333,0.3333333333333333,0.3333333333333333,-28.330209946951527,-28.330209946951527,-28.330209946951527,-28.330209946951527,-0.3333333333333333,-0.3333333333333333,-0.3333333333333333,0.0,0.0,0.0,0.21794871794871795,0.21794871794871795,0.21794871794871795,0.06666666666666667,0.06666666666666667,0.06666666666666667
Geoffrey Blancaneaux,1340.7885509776945,1349.2813794381511,1400.0,1340.7885509776945,152.0,385.0,26.5,180.0,0,5,0.0,0.0,0.0,0.0,-59.21144902230549,-59.21144902230549,-59.21144902230549,-59.21144902230549,4.6,4.6,4.6,3.2,3.2,3.2,0.6542434230830956,0.6542434230830956,0.6542434230830956,0.3138095238095238,0.3138095238095238,0.3138095238095238
Pedro Sakamoto,1400.0,1400.0,1400.0,1400.0,389.0,39.0,31.6,178.0,0,0,0.0,0.0,0.0,0.0,0.0,0.0,0.0,0.0,0.0,0.0,0.0,0.0,0.0,0.0,0.0,0.0,0.0,0.0,0.0,0.0
Cristian Paiz,1397.5604886015428,1397.5604886015428,1397.5604886015428,1397.5604886015428,1138.0,9.0,43.8,185.67156964873536,0,7,0.6,0.42857142857142855,0.42857142857142855,0.42857142857142855,-2.439511398457171,-2.439511398457171,-2.439511398457171,-2.439511398457171,-1.0,-1.0,-1.0,-1.0,-1.0,-1.0,0.0,0.0,0.0,0.0,0.0,0.0
David Szintai,1400.0,1400.0,1400.0,1400.0,2000.0,0.0,27.6,185.67156964873536,0,0,0.0,0.0,0.0,0.0,0.0,0.0,0.0,0.0,0.0,0.0,0.0,0.0,0.0,0.0,0.0,0.0,0.0,0.0,0.0,0.0
Richard Fromberg,1846.446249118579,1965.8176859862162,1852.5385699411668,1947.0979272440284,296.0,109.0,54.7,196.0,0,200,0.2,0.28,0.4,0.4,-120.00738011946737,-132.90645726601906,-96.5797807385859,-85.92537007427677,4.8,8.35,8.76,3.6,3.2,3.12,0.5490935672514621,0.6726889323007119,0.6765763763360403,0.39047619047619053,0.414065934065934,0.4692681328333502
Ian Flanagan,1400.0,1400.0,1400.0,1495.30015244566,866.0,10.0,43.3,186.27336318231923,0,0,0.0,0.0,0.0,0.0,0.0,0.0,0.0,0.0,0.0,0.0,0.0,0.0,0.0,0.0,0.0,0.0,0.0,0.0,0.0,0.0
Julian Knowle,1667.65732439519,1744.2926781642807,1710.8767708066687,1804.8046556127679,2000.0,0.0,51.4,188.0,1,89,0.2,0.2,0.2564102564102564,0.2564102564102564,-69.07126219413067,-158.16875428258572,-135.05793901550214,-135.05793901550214,3.2,3.0,3.230769230769231,5.6,4.9,6.153846153846154,0.6693303751939028,0.6863008662342813,0.664968051374408,0.4708333333333333,0.4939132395382395,0.5339300300838763
Helge Koll,1633.4378718527385,1681.0077142901332,1644.4940168257983,1633.4378718527385,2000.0,0.0,50.1,185.67156964873536,0,17,0.6,0.42857142857142855,0.42857142857142855,0.42857142857142855,-47.569842437394755,-47.569842437394755,-47.569842437394755,-47.569842437394755,-1.0,-0.5714285714285714,-0.5714285714285714,-1.0,-0.8571428571428571,-0.8571428571428571,0.0,0.0911854103343465,0.0911854103343465,0.0,0.08571428571428572,0.08571428571428572
Mark Chigaazira,1400.0,1400.0,1400.0,1400.0,1322.0,3.0,26.9,185.67156964873536,0,0,0.0,0.0,0.0,0.0,0.0,0.0,0.0,0.0,0.0,0.0,0.0,0.0,0.0,0.0,0.0,0.0,0.0,0.0,0.0,0.0
Lucky Candra Kurniawan,1400.0,1400.0,1400.0,1400.0,2000.0,0.0,21.7,185.67156964873536,0,0,0.0,0.0,0.0,0.0,0.0,0.0,0.0,0.0,0.0,0.0,0.0,0.0,0.0,0.0,0.0,0.0,0.0,0.0,0.0,0.0
Nicolas Moreno De Alboran,1474.8606136454077,1437.7461207148283,1525.7944241022044,1474.8606136454077,143.0,430.0,28.0,185.0,0,16,0.4,0.375,0.375,0.375,10.042002342137039,10.042002342137039,10.042002342137039,10.042002342137039,6.8,6.1875,6.1875,1.8,2.1875,2.1875,0.7506410256410256,0.7246808152091608,0.7246808152091608,0.44000000000000006,0.6325396825396825,0.6325396825396825
Carlos Alcaraz,2279.2670193289837,1709.4125783644122,1823.1701637681604,1491.6965812623423,3.0,7010.0,22.5,183.0,0,264,0.4,0.72,0.8,0.79,-56.10088160214673,-28.663761285540204,-31.424134057763695,-38.96826804421926,7.2,5.2,4.88,2.0,1.3,2.04,0.7375042997981529,0.7728758498342558,0.7435058621222603,0.4416666666666667,0.53125,0.5670939640070075
David Marrero,1450.5531776994194,1450.5531776994194,1450.5531776994194,1450.5531776994194,262.0,171.0,45.0,185.0,0,8,0.4,0.375,0.375,0.375,50.55317769941939,50.55317769941939,50.55317769941939,50.55317769941939,5.6,6.0,6.0,2.2,2.25,2.25,0.6577359375586326,0.6685505739085082,0.6685505739085082,0.5984126984126984,0.6524170274170275,0.6524170274170275
Konstantin Kravchuk,1408.3409084314392,1334.5543641855447,1412.1163971298645,1363.6962650503979,260.0,195.0,40.6,190.0,0,37,0.2,0.24,0.2702702702702703,0.2702702702702703,-55.74692513453124,-29.715153702322823,8.340908431439175,8.340908431439175,5.2,5.95,6.351351351351352,4.0,2.8,2.4594594594594597,0.6753070430140391,0.67035465847568,0.6290224412331734,0.4146825396825397,0.5798966311466311,0.5114686364686365
Ramkumar Ramanathan,1438.3946184202662,1277.3943882050419,1400.0,1546.4714349573387,332.0,153.0,30.8,188.0,0,61,0.2,0.24,0.4,0.39344262295081966,-167.91537248621944,-139.2625377682125,-7.408520852649644,38.39461842026617,7.6,7.45,8.16,2.2,3.65,4.12,0.4787361485474693,0.6736813864183383,0.700285823302725,0.35238095238095235,0.44434523809523807,0.5531944444444444
Abdulhamid Mubarak,1400.0,1400.0,1400.0,1400.0,2000.0,0.0,30.8,185.67156964873536,0,0,0.0,0.0,0.0,0.0,0.0,0.0,0.0,0.0,0.0,0.0,0.0,0.0,0.0,0.0,0.0,0.0,0.0,0.0,0.0,0.0
Ivan Miranda,1567.6845262020695,1559.0542191766533,1635.3881933699188,1627.4544943364049,674.0,26.0,45.3,175.0,0,65,0.6,0.44,0.4,0.41818181818181815,-177.6047175420124,-222.21609464055155,-118.8550280152017,-59.769968134335386,-1.0,-1.0,0.5,-1.0,-1.0,-0.08,0.0,0.0,0.2579608925838302,0.0,0.0,0.18093900543900543
Mariano Hood,1817.312136788561,1817.312136788561,1817.312136788561,1817.312136788561,485.0,43.0,51.9,178.0,1,54,0.5,0.5,0.5,0.5,12.103240425636386,12.103240425636386,12.103240425636386,12.103240425636386,1.75,1.75,1.75,0.5,0.5,0.5,0.7168614107173429,0.7168614107173429,0.7168614107173429,0.6979166666666667,0.6979166666666667,0.6979166666666667
Finn Reynolds,1400.0,1400.0,1400.0,1400.0,2000.0,0.0,25.6,185.0,1,0,0.0,0.0,0.0,0.0,0.0,0.0,0.0,0.0,0.0,0.0,0.0,0.0,0.0,0.0,0.0,0.0,0.0,0.0,0.0,0.0
Sebastian Quiros,1372.398884360575,1400.0,1400.0,1372.398884360575,1774.0,1.0,26.9,185.67156964873536,0,1,0.0,0.0,0.0,0.0,-27.60111563942496,-27.60111563942496,-27.60111563942496,-27.60111563942496,-1.0,-1.0,-1.0,-1.0,-1.0,-1.0,0.0,0.0,0.0,0.0,0.0,0.0
Kwok Shun Dasson Chan,1400.0,1400.0,1400.0,1400.0,2000.0,0.0,19.5,185.67156964873536,0,0,0.0,0.0,0.0,0.0,0.0,0.0,0.0,0.0,0.0,0.0,0.0,0.0,0.0,0.0,0.0,0.0,0.0,0.0,0.0,0.0
Andreas Bjerrehus,1400.0,1400.0,1400.0,1400.0,2000.0,0.0,33.2,185.67156964873536,0,0,0.0,0.0,0.0,0.0,0.0,0.0,0.0,0.0,0.0,0.0,0.0,0.0,0.0,0.0,0.0,0.0,0.0,0.0,0.0,0.0
Clint Bowles,1400.0,1400.0,1400.0,1400.0,1401.0,2.0,36.2,185.67156964873536,1,0,0.0,0.0,0.0,0.0,0.0,0.0,0.0,0.0,0.0,0.0,0.0,0.0,0.0,0.0,0.0,0.0,0.0,0.0,0.0,0.0
Olivier Patience,1592.9304321899467,1644.857542443468,1753.3606141397568,1758.1491525689862,199.0,239.0,45.3,180.0,0,128,0.0,0.32,0.3,0.3333333333333333,-108.81557745948203,-157.51887353561597,-198.682800768775,-170.61610980750038,4.2,3.65,3.82,2.0,2.55,2.52,0.65030882416843,0.6376401573088184,0.6224311410319261,0.5185714285714285,0.4734018759018759,0.480582695082695
Ricardo Rodriguez,1591.5536065381966,1592.2578981663942,1404.5240691716301,1591.5536065381966,591.0,53.0,32.3,189.0,0,31,0.6,0.64,0.7096774193548387,0.7096774193548387,55.01347552544621,191.55360653819662,191.55360653819662,191.55360653819662,1.8,1.5,0.6129032258064516,0.8,1.45,0.5806451612903226,0.612700872801951,0.5507228538430379,0.35530506699550835,0.6663955342902711,0.3967233424470266,0.2559505435142107
Arthur Rinderknech,1673.000536075272,1573.7476601230896,1546.9782575925594,1387.3102864967025,60.0,872.0,30.2,196.0,0,156,0.6,0.56,0.46,0.45,72.01616848429262,107.04848318680183,50.89879925629225,-48.63874721913521,6.6,10.1,10.34,1.2,2.2,2.56,0.7103797393452566,0.7592053736897818,0.7506924199453364,0.7311111111111112,0.6149585921325051,0.5797886316581969
David Luque Velasco,1400.0,1400.0,1400.0,1400.0,596.0,33.0,41.1,185.67156964873536,0,0,0.0,0.0,0.0,0.0,0.0,0.0,0.0,0.0,0.0,0.0,0.0,0.0,0.0,0.0,0.0,0.0,0.0,0.0,0.0,0.0
Pavel Katliarov,1400.0,1400.0,1400.0,1400.0,977.0,10.0,37.3,185.67156964873536,0,0,0.0,0.0,0.0,0.0,0.0,0.0,0.0,0.0,0.0,0.0,0.0,0.0,0.0,0.0,0.0,0.0,0.0,0.0,0.0,0.0
Hamid Reza Nadaf,1425.770920571255,1400.0,1400.0,1425.770920571255,1588.0,2.0,32.2,183.0,0,1,1.0,1.0,1.0,1.0,25.77092057125492,25.77092057125492,25.77092057125492,25.77092057125492,-1.0,-1.0,-1.0,-1.0,-1.0,-1.0,0.0,0.0,0.0,0.0,0.0,0.0
Daniel Elahi Galan,1516.9720693645718,1385.396524551898,1424.812276797788,1502.4587754384372,124.0,486.0,29.1,191.0,0,125,0.6,0.28,0.32,0.4,-2.2937527726485314,-41.228390282344435,-100.60276559769954,-87.46824830508172,4.0,4.45,5.86,1.8,1.6,1.68,0.6684623538685672,0.6534077019384612,0.6530040059041895,0.49696969696969695,0.5507187257187256,0.5324272283272283
Julian Reister,1512.4728231612164,1331.9757401027791,1572.6291353061329,1434.8757734571113,759.0,27.0,39.3,188.0,0,47,0.2,0.24,0.2978723404255319,0.2978723404255319,-105.5943922914937,-79.19958657673874,112.47282316121641,112.47282316121641,0.6,3.65,3.4468085106382977,3.0,3.6,2.7872340425531914,0.6284115810197941,0.6377753458458956,0.651352143195587,0.6263986013986014,0.5726550981698041,0.5572153510513961
Andrej Martin,1547.2347030948322,1432.2904680417591,1558.4799587176576,1417.7526452208958,115.0,624.0,35.3,183.0,0,64,0.4,0.28,0.42,0.421875,-54.724814428006766,-166.99320229023965,-18.53956664701832,129.48205787393636,0.4,2.0,2.22,2.8,2.95,2.24,0.5243650017843565,0.5941216948305234,0.5989295304186055,0.5228171828171828,0.5274547674547675,0.5595685458332518
Alibek Kachmazov,1420.379782142975,1451.8784420799686,1420.379782142975,1420.379782142975,252.0,226.0,23.0,185.0,0,6,0.4,0.3333333333333333,0.3333333333333333,0.3333333333333333,20.379782142975046,20.379782142975046,20.379782142975046,20.379782142975046,4.6,4.5,4.5,3.4,3.8333333333333335,3.8333333333333335,0.6690470438841898,0.6466864900585302,0.6466864900585302,0.5069230769230769,0.477991452991453,0.477991452991453
Martins Podzus,1362.064379261187,1366.259466699396,1364.1171761466467,1362.064379261187,860.0,18.0,30.5,188.0,0,12,0.6,0.3333333333333333,0.3333333333333333,0.3333333333333333,-37.935620738812986,-37.935620738812986,-37.935620738812986,-37.935620738812986,3.2,0.75,0.75,0.6,-0.3333333333333333,-0.3333333333333333,0.2858714788732394,0.11911311619718308,0.11911311619718308,0.3166666666666667,0.13194444444444445,0.13194444444444445
Simon Stadler,1660.2342689422603,1622.841196435118,1660.2342689422603,1635.5732744233778,288.0,155.0,41.4,183.0,1,25,0.4,0.4,0.4,0.4,79.00886421070936,79.00886421070936,79.00886421070936,79.00886421070936,2.0,2.6666666666666665,2.6666666666666665,1.2,1.7333333333333334,1.7333333333333334,0.5853388984332556,0.657054859617645,0.657054859617645,0.5844444444444445,0.6404497354497354,0.6404497354497354
Jim Courier,2003.1093989961153,2003.1093989961153,2003.1093989961153,2003.1093989961153,60.0,697.0,54.5,185.0,0,307,0.4,0.42857142857142855,0.42857142857142855,0.42857142857142855,-45.345607507912746,-45.345607507912746,-45.345607507912746,-45.345607507912746,5.0,6.285714285714286,6.285714285714286,2.4,2.2857142857142856,2.2857142857142856,0.7378681840656891,0.743615329554724,0.743615329554724,0.6166666666666666,0.59593837535014,0.59593837535014
Constant Lestienne,1369.3110154537271,1483.2718965187253,1342.7572155179093,1359.4284104043027,111.0,527.0,33.2,180.0,0,58,0.0,0.2,0.3,0.29310344827586204,-88.07786020546268,-256.95547337964945,-75.28095390371686,-30.688984546272877,2.6,5.1,4.08,2.6,2.95,3.16,0.6843787395836077,0.6682634630972981,0.6415441600383309,0.5381818181818182,0.5055970418470419,0.5237991766687419
Lloyd Harris,1590.7704162774678,1675.8336472679034,1325.5715440815625,1393.276343341992,118.0,541.0,28.3,193.0,0,157,0.4,0.32,0.4,0.48,-88.25276388430643,-115.87457568378636,-242.06963668876892,-80.63422894272571,19.2,13.85,11.0,3.6,2.9,2.08,0.8505548818282265,0.7926492678154375,0.7562379788326378,0.553968253968254,0.599495226995227,0.5646682206682206
Maximilian Marterer,1533.2962712948909,1467.1108972103946,1487.9830148191913,1391.6452365321984,114.0,507.0,30.3,188.0,1,119,0.6,0.28,0.36,0.37,-20.167838610743047,-14.945304404522403,2.805946717679035,82.30100531555354,7.0,4.75,6.28,1.6,2.4,2.3,0.7372318698789286,0.6391936746879863,0.6709890976167245,0.5454545454545455,0.5506547619047619,0.5466216006216006
David Mullins,1393.1018240729438,1400.0,1400.0,1393.1018240729438,2000.0,0.0,53.5,185.67156964873536,0,1,0.0,0.0,0.0,0.0,-6.898175927056172,-6.898175927056172,-6.898175927056172,-6.898175927056172,-1.0,-1.0,-1.0,-1.0,-1.0,-1.0,0.0,0.0,0.0,0.0,0.0,0.0
Alastair Gray,1395.4664111355037,1395.4664111355037,1395.4664111355037,1395.4664111355037,288.0,173.0,27.0,193.0,0,3,0.3333333333333333,0.3333333333333333,0.3333333333333333,0.3333333333333333,-4.533588864496323,-4.533588864496323,-4.533588864496323,-4.533588864496323,5.666666666666667,5.666666666666667,5.666666666666667,5.0,5.0,5.0,0.667949701917188,0.667949701917188,0.667949701917188,0.6518518518518519,0.6518518518518519,0.6518518518518519
Darius Florin Bragusi,1400.0,1400.0,1400.0,1400.0,942.0,9.0,31.7,185.67156964873536,0,0,0.0,0.0,0.0,0.0,0.0,0.0,0.0,0.0,0.0,0.0,0.0,0.0,0.0,0.0,0.0,0.0,0.0,0.0,0.0,0.0
Johannes Ingildsen,1355.5494457004854,1371.6679245440873,1355.5494457004854,1400.0,638.0,38.0,28.1,15.0,0,2,0.0,0.0,0.0,0.0,-44.45055429951458,-44.45055429951458,-44.45055429951458,-44.45055429951458,4.5,4.5,4.5,8.5,8.5,8.5,0.6767970401691332,0.6767970401691332,0.6767970401691332,0.4772727272727273,0.4772727272727273,0.4772727272727273
Alejandro Gonzalez,1499.5864678043313,1543.087126872267,1380.5542768764924,1371.6667287634746,453.0,81.0,36.0,190.0,0,60,0.6,0.32,0.32,0.3,-77.59615935703505,-44.362851013977206,77.0617514464202,98.71059980908854,2.4,2.15,3.0,2.4,2.3,2.14,0.5163491611103195,0.5064877924704547,0.5867178239628378,0.46317460317460313,0.43847402597402596,0.4640296076472547
Boris Arias,1400.0,1400.0,1400.0,1400.0,2000.0,0.0,31.2,185.0,0,0,0.0,0.0,0.0,0.0,0.0,0.0,0.0,0.0,0.0,0.0,0.0,0.0,0.0,0.0,0.0,0.0,0.0,0.0,0.0,0.0
Anis Ghorbel,1331.4563635522359,1400.0,1400.0,1331.4563635522359,564.0,59.0,35.8,185.67156964873536,0,3,0.0,0.0,0.0,0.0,-68.54363644776413,-68.54363644776413,-68.54363644776413,-68.54363644776413,-1.0,-1.0,-1.0,-1.0,-1.0,-1.0,0.0,0.0,0.0,0.0,0.0,0.0
Finn Tearney,1348.4555021505832,1348.4555021505832,1348.4555021505832,1348.4555021505832,1018.0,9.0,34.4,183.0,0,4,0.0,0.0,0.0,0.0,-51.54449784941676,-51.54449784941676,-51.54449784941676,-51.54449784941676,1.5,1.5,1.5,2.5,2.5,2.5,0.3902056415960754,0.3902056415960754,0.3902056415960754,0.3434873949579832,0.3434873949579832,0.3434873949579832
Ignacio Carou,1344.1869563584476,1344.1869563584476,1344.1869563584476,1344.1869563584476,828.0,24.0,26.1,178.0,0,3,0.0,0.0,0.0,0.0,-55.81304364155244,-55.81304364155244,-55.81304364155244,-55.81304364155244,-0.6666666666666666,-0.6666666666666666,-0.6666666666666666,1.0,1.0,1.0,0.18627450980392157,0.18627450980392157,0.18627450980392157,0.125,0.125,0.125
Federico Sansonetti,1383.9925001185495,1400.0,1409.578888527957,1383.9925001185495,565.0,57.0,38.8,186.27336318231923,0,9,0.6,0.4444444444444444,0.4444444444444444,0.4444444444444444,-16.007499881450485,-16.007499881450485,-16.007499881450485,-16.007499881450485,-1.0,-1.0,-1.0,-1.0,-1.0,-1.0,0.0,0.0,0.0,0.0,0.0,0.0
Rudolf Molleker,1443.7680797939406,1400.0,1455.903704410531,1398.909362109015,197.0,309.0,24.7,188.0,0,17,0.2,0.29411764705882354,0.29411764705882354,0.29411764705882354,43.768079793940615,43.768079793940615,43.768079793940615,43.768079793940615,4.8,7.411764705882353,7.411764705882353,1.0,3.235294117647059,3.235294117647059,0.7038684405025869,0.6877371327426101,0.6877371327426101,0.4938888888888888,0.5134453781512605,0.5134453781512605
Matthew Forbes,1400.0,1400.0,1400.0,1400.0,1848.0,1.0,19.3,185.67156964873536,0,0,0.0,0.0,0.0,0.0,0.0,0.0,0.0,0.0,0.0,0.0,0.0,0.0,0.0,0.0,0.0,0.0,0.0,0.0,0.0,0.0
Grega Zemlja,1706.0310101187695,1470.949968001907,1465.14346038502,1438.4858771873744,148.0,406.0,38.5,183.0,0,98,0.6,0.36,0.42,0.4897959183673469,-120.37504431797697,-77.19844744878651,-41.86608895123027,306.0310101187695,12.0,8.75,6.92,2.6,3.25,2.74,0.7814522007571558,0.6355769194947094,0.6437985915149694,0.4892857142857142,0.5131222943722944,0.5088012494751625
Spencer Newman,1400.0,1400.0,1400.0,1400.0,2000.0,0.0,31.7,185.67156964873536,0,0,0.0,0.0,0.0,0.0,0.0,0.0,0.0,0.0,0.0,0.0,0.0,0.0,0.0,0.0,0.0,0.0,0.0,0.0,0.0,0.0
Nikolas Sanchez Izquierdo,1400.0,1400.0,1400.0,1400.0,260.0,221.0,26.1,185.0,0,0,0.0,0.0,0.0,0.0,0.0,0.0,0.0,0.0,0.0,0.0,0.0,0.0,0.0,0.0,0.0,0.0,0.0,0.0,0.0,0.0
Augusto Sanabria,1400.0,1400.0,1400.0,1400.0,2000.0,0.0,44.8,185.67156964873536,0,0,0.0,0.0,0.0,0.0,0.0,0.0,0.0,0.0,0.0,0.0,0.0,0.0,0.0,0.0,0.0,0.0,0.0,0.0,0.0,0.0
Nicolas Xiviller,1400.0,1400.0,1400.0,1400.0,2000.0,0.0,26.9,186.27336318231923,0,0,0.0,0.0,0.0,0.0,0.0,0.0,0.0,0.0,0.0,0.0,0.0,0.0,0.0,0.0,0.0,0.0,0.0,0.0,0.0,0.0
Bor Artnak,1407.163675245618,1407.163675245618,1407.163675245618,1407.163675245618,616.0,54.0,21.2,193.0,0,4,0.5,0.5,0.5,0.5,7.163675245617924,7.163675245617924,7.163675245617924,7.163675245617924,0.0,0.0,0.0,1.0,1.0,1.0,0.2781109445277361,0.2781109445277361,0.2781109445277361,0.328125,0.328125,0.328125
Santiago Fa Rodriguez Taverna,1409.0411827738533,1409.0411827738533,1409.0411827738533,1409.0411827738533,201.0,287.0,25.8,191.0,0,0,0.0,0.0,0.0,0.0,0.0,0.0,0.0,0.0,0.0,0.0,0.0,0.0,0.0,0.0,0.0,0.0,0.0,0.0,0.0,0.0
Luis Manuel Flores,1419.075747057893,1373.0156072984482,1419.075747057893,1419.075747057893,478.0,98.0,40.4,186.27336318231923,1,3,0.6666666666666666,0.6666666666666666,0.6666666666666666,0.6666666666666666,19.075747057893068,19.075747057893068,19.075747057893068,19.075747057893068,-1.0,-1.0,-1.0,-1.0,-1.0,-1.0,0.0,0.0,0.0,0.0,0.0,0.0
Sergey Makashin,1405.0886410178243,1400.0,1400.0,1405.0886410178243,2000.0,0.0,45.5,185.67156964873536,0,2,0.5,0.5,0.5,0.5,5.0886410178243295,5.0886410178243295,5.0886410178243295,5.0886410178243295,-1.0,-1.0,-1.0,-1.0,-1.0,-1.0,0.0,0.0,0.0,0.0,0.0,0.0
Marin Cilic,1886.4425209403541,1390.7848931985689,1539.783407968021,1683.7737326394351,196.0,298.0,37.1,198.0,0,932,0.2,0.4,0.58,0.56,-127.43487437804197,-121.47535479931958,-44.99023524838299,-43.87331224107129,8.4,9.45,10.32,3.0,3.25,3.44,0.7310599047283094,0.6548400687570182,0.7125244080239537,0.5365079365079366,0.4864799253034547,0.5299613784907902
Michael Russell,1538.3072817582085,1844.6055308308207,1641.4963707557706,1682.7202176852172,156.0,325.0,46.7,173.0,0,274,0.2,0.32,0.36,0.37,-76.03514884789547,-151.83260663668239,-131.09975183232427,-114.44686790458218,4.8,2.5,2.86,2.8,3.2,3.16,0.6648749081530254,0.6468602286812573,0.6603861357203885,0.7038961038961039,0.5376975108225108,0.496683621933622
Radek Stepanek,1772.3760655213796,1782.09900645778,1733.4654226411953,1855.385770571325,102.0,595.0,46.1,185.0,0,732,0.6,0.52,0.44,0.48,34.59685515604565,19.624751784934233,-88.75617150366611,-122.53755621457094,3.6,5.1,5.18,3.4,3.75,3.74,0.5855930377630293,0.6835109020065133,0.7082664800250584,0.5980952380952382,0.6050541125541126,0.5942186147186148
Werner Eschauer,1518.6079042154277,1683.876798123743,1713.4794657309426,1827.771127355012,218.0,179.0,51.2,188.0,0,103,0.0,0.2,0.28,0.2830188679245283,-252.80152814166763,-287.5773064277621,-340.10194667578685,-303.3706793890499,3.8,5.25,5.28,4.0,3.35,3.08,0.6389700108213432,0.6108811232683168,0.6580176430557496,0.44000000000000006,0.4133333333333334,0.49966378066378064
Alexander Sarkissian,1444.1707629159796,1444.1707629159796,1444.1707629159796,1444.1707629159796,478.0,80.0,35.2,191.0,0,5,0.4,0.4,0.4,0.4,37.059813143749125,37.059813143749125,37.059813143749125,37.059813143749125,6.4,6.4,6.4,2.2,2.2,2.2,0.7173852674991408,0.7173852674991408,0.7173852674991408,0.35757575757575755,0.35757575757575755,0.35757575757575755
Nicolas Thomann,1813.31730784549,1758.0542831834625,1640.2735426700606,1721.3600341319209,266.0,146.0,52.8,183.0,0,46,0.2,0.4,0.3888888888888889,0.3888888888888889,28.599945094038276,87.90335685695777,126.09829613823922,126.09829613823922,4.6,5.4,6.916666666666667,2.6,3.7,3.5555555555555554,0.697364004995791,0.756491154080291,0.7490602717788373,0.41688311688311686,0.5602723665223666,0.5671446608946609
Pavel Snobel,1662.3358824055692,1675.128586471345,1662.3358824055692,1705.4919967057206,184.0,231.0,45.6,190.0,1,53,0.0,0.0,0.0,0.0,-43.15611430015133,-43.15611430015133,-43.15611430015133,-43.15611430015133,4.666666666666667,4.666666666666667,4.666666666666667,4.666666666666667,4.666666666666667,4.666666666666667,0.616240860921712,0.616240860921712,0.616240860921712,0.6356837606837606,0.6356837606837606,0.6356837606837606
Digvijaypratap Singh,1400.0,1400.0,1400.0,1400.0,544.0,68.0,25.2,191.0,0,0,0.0,0.0,0.0,0.0,0.0,0.0,0.0,0.0,0.0,0.0,0.0,0.0,0.0,0.0,0.0,0.0,0.0,0.0,0.0,0.0
Rajeev Ram,1678.0563875331366,1477.977042925624,1367.3276962929997,1622.5685658473135,235.0,218.0,41.3,193.0,0,150,0.4,0.36,0.44,0.39,-67.28413170395288,37.161991433567664,98.28533689058327,60.9958021188404,8.2,5.9,7.92,4.6,2.95,2.78,0.7110887840934262,0.6828433098788393,0.71987275278274,0.6642857142857141,0.5702308802308803,0.5895786749482401
Paul Hanley,1697.9226274316977,1702.2735928693714,1716.4830075977975,1697.9226274316977,2000.0,0.0,47.2,183.0,0,52,0.0,0.0,0.0,0.0,-18.560380166099776,-18.560380166099776,-18.560380166099776,-18.560380166099776,2.5,2.5,2.5,0.0,0.0,0.0,0.3684210526315789,0.3684210526315789,0.3684210526315789,0.0,0.0,0.0
Nicolas Escude,2106.2500954427055,2192.2353219499582,1862.7308904039346,2109.7291606640633,67.0,611.0,49.3,185.0,0,505,0.6,0.68,0.62,0.63,-24.061259639146556,-46.19453338401581,-8.888888912400944,52.63230420385662,6.2,6.15,6.34,3.4,2.05,2.46,0.6874076749000915,0.6248343800349281,0.6321922102395052,0.674029304029304,0.5521382783882783,0.47826295926295925
Peter Tramacchi,1690.8311971720846,1690.8311971720846,1690.8311971720846,1690.8311971720846,1164.0,2.0,54.7,185.0,0,50,0.0,0.0,0.0,0.0,0.0,0.0,0.0,0.0,0.0,0.0,0.0,0.0,0.0,0.0,0.0,0.0,0.0,0.0,0.0,0.0
Quentin Halys,1697.9157086169466,1512.413763823887,1462.4771054040225,1454.8289229747354,84.0,693.0,29.0,191.0,0,96,0.4,0.48,0.5,0.3645833333333333,113.76930729541482,138.51463627813996,268.85575692714224,297.91570861694663,8.8,13.3,13.6,3.0,4.1,4.2,0.8024916143527994,0.7992806778088901,0.8061013711460359,0.4412698412698413,0.5618573868941515,0.6236498811645871
Camilo Ugo Carabelli,1441.6839163613433,1421.074327802682,1448.271557244023,1441.6839163613433,93.0,608.0,26.1,185.0,0,12,0.2,0.3333333333333333,0.3333333333333333,0.3333333333333333,-1.216574187569222,-1.216574187569222,-1.216574187569222,-1.216574187569222,3.0,2.0,2.0,3.0,2.4166666666666665,2.4166666666666665,0.6553418673938293,0.6187447399555388,0.6187447399555388,0.6663515406162465,0.5528601504704446,0.5528601504704446
Ryler Deheart,1446.3483806760519,1446.3483806760519,1446.3483806760519,1446.3483806760519,270.0,168.0,41.7,183.0,1,4,0.25,0.25,0.25,0.25,46.348380676051875,46.348380676051875,46.348380676051875,46.348380676051875,7.5,7.5,7.5,3.0,3.0,3.0,0.6828576258089443,0.6828576258089443,0.6828576258089443,0.5583333333333333,0.5583333333333333,0.5583333333333333
Federico Zeballos,1297.5143923142641,1415.5661331565307,1306.9599613319015,1297.5143923142641,743.0,25.0,37.2,185.0,0,15,0.2,0.26666666666666666,0.26666666666666666,0.26666666666666666,-102.48560768573589,-102.48560768573589,-102.48560768573589,-102.48560768573589,1.8,0.06666666666666667,0.06666666666666667,1.2,0.13333333333333333,0.13333333333333333,0.30849673202614375,0.1409274821039527,0.1409274821039527,0.29500000000000004,0.13166666666666668,0.13166666666666668
Stefan Koubek,1637.6062787429405,1943.5161988995096,1828.711927567712,1852.4209407239005,206.0,249.0,48.1,175.0,1,691,0.0,0.32,0.4,0.44,-135.8476574886506,-212.3908716525034,-176.10294805113313,-124.80060437548082,2.0,3.7,3.48,3.2,2.75,2.54,0.5739538234035181,0.5801598616519952,0.5898606627242315,0.4145299145299145,0.4058453130416046,0.3868588822373989
Sergio Rojas,1400.0,1400.0,1400.0,1400.0,2000.0,0.0,36.6,185.67156964873536,0,0,0.0,0.0,0.0,0.0,0.0,0.0,0.0,0.0,0.0,0.0,0.0,0.0,0.0,0.0,0.0,0.0,0.0,0.0,0.0,0.0
Favel Antonio Freyre Perdomo,1375.4240384710388,1400.0,1400.0,1375.4240384710388,2000.0,0.0,38.9,185.67156964873536,0,1,0.0,0.0,0.0,0.0,-24.575961528961216,-24.575961528961216,-24.575961528961216,-24.575961528961216,-1.0,-1.0,-1.0,-1.0,-1.0,-1.0,0.0,0.0,0.0,0.0,0.0,0.0
Fredrik Aarum,1366.8593465504805,1400.0,1375.0,1366.8593465504805,1332.0,1.0,41.9,185.67156964873536,0,2,0.0,0.0,0.0,0.0,-33.140653449519505,-33.140653449519505,-33.140653449519505,-33.140653449519505,-1.0,-1.0,-1.0,-1.0,-1.0,-1.0,0.0,0.0,0.0,0.0,0.0,0.0
Antso Rakotondramanga,1410.7953906594096,1416.7836368462813,1429.193224760893,1410.7953906594096,2000.0,0.0,36.5,186.27336318231923,0,6,0.6,0.5,0.5,0.5,10.795390659409577,10.795390659409577,10.795390659409577,10.795390659409577,-1.0,-1.0,-1.0,-1.0,-1.0,-1.0,0.0,0.0,0.0,0.0,0.0,0.0
Goran Bosalevski,1400.0,1400.0,1400.0,1400.0,2000.0,0.0,46.8,185.67156964873536,0,0,0.0,0.0,0.0,0.0,0.0,0.0,0.0,0.0,0.0,0.0,0.0,0.0,0.0,0.0,0.0,0.0,0.0,0.0,0.0,0.0
Rodrigo Rappaccioli,1400.0,1400.0,1400.0,1400.0,2000.0,0.0,34.7,186.27336318231923,0,0,0.0,0.0,0.0,0.0,0.0,0.0,0.0,0.0,0.0,0.0,0.0,0.0,0.0,0.0,0.0,0.0,0.0,0.0,0.0,0.0
Karim Maamoun,1487.1964351593026,1580.2125322748082,1660.8744205946964,1487.1964351593026,403.0,85.0,45.6,185.67156964873536,0,33,0.6,0.43478260869565216,0.43478260869565216,0.43478260869565216,-151.66528644687423,-182.87971070697745,-182.87971070697745,-182.87971070697745,-0.8,-0.95,-0.9565217391304348,-0.4,-0.85,-0.8695652173913043,0.06206896551724138,0.015517241379310345,0.013493253373313344,0.10769230769230768,0.02692307692307692,0.023411371237458192
Nicolas Devilder,1559.7665061026375,1527.5059564632809,1627.0843123696407,1658.7668151191558,286.0,159.0,45.1,173.0,1,78,0.2,0.16,0.28,0.3235294117647059,-85.62997619472276,-177.21279291525298,-173.2216638533098,-58.0785484175924,4.6,4.5,4.18,4.4,3.75,3.48,0.5903357029879039,0.646352564255128,0.6553975754209342,0.5882145028884159,0.5532288393973176,0.5435206954880868
Andis Juska,1601.2164834956718,1356.7237706908393,1486.4950926543931,1601.2164834956718,710.0,32.0,40.2,185.67156964873536,0,39,0.4,0.52,0.48717948717948717,0.48717948717948717,61.640083994436964,201.2123197595397,201.2164834956718,201.2164834956718,-1.0,-1.0,-1.0,-1.0,-1.0,-1.0,0.0,0.0,0.0,0.0,0.0,0.0
Minhtuan Pham,1382.75027515228,1382.75027515228,1382.75027515228,1382.75027515228,2000.0,0.0,31.7,185.67156964873536,0,1,0.0,0.0,0.0,0.0,-17.249724847720017,-17.249724847720017,-17.249724847720017,-17.249724847720017,1.0,1.0,1.0,9.0,9.0,9.0,0.43333333333333335,0.43333333333333335,0.43333333333333335,0.1111111111111111,0.1111111111111111,0.1111111111111111
Steven Diez,1325.8018874123902,1401.3517699303459,1329.6974092852413,1325.8018874123902,314.0,170.0,33.7,175.0,0,14,0.0,0.14285714285714285,0.14285714285714285,0.14285714285714285,-74.19811258760978,-74.19811258760978,-74.19811258760978,-74.19811258760978,1.2,1.5,1.5,1.8,2.5714285714285716,2.5714285714285716,0.5772671342438784,0.5564476190496075,0.5564476190496075,0.4958333333333334,0.4823863636363636,0.4823863636363636
Mohammed Nazreen Fuzi Nasruddin,1400.0,1400.0,1400.0,1400.0,2000.0,0.0,43.6,185.67156964873536,0,0,0.0,0.0,0.0,0.0,0.0,0.0,0.0,0.0,0.0,0.0,0.0,0.0,0.0,0.0,0.0,0.0,0.0,0.0,0.0,0.0
Simen Sunde Bratholm,1393.3416808063967,1393.3416808063967,1393.3416808063967,1393.3416808063967,1488.0,2.0,25.9,185.67156964873536,0,2,0.5,0.5,0.5,0.5,-6.658319193603347,-6.658319193603347,-6.658319193603347,-6.658319193603347,3.5,3.5,3.5,4.5,4.5,4.5,0.6700680272108843,0.6700680272108843,0.6700680272108843,0.7071428571428571,0.7071428571428571,0.7071428571428571
Laurence Tieleman,1825.9301121716112,1913.1555218474934,1879.053694801475,1891.9564519397463,138.0,279.0,52.9,180.0,0,178,0.4,0.36,0.35714285714285715,0.35714285714285715,-64.71115447390571,-92.21411204280321,-92.21411204280321,-92.21411204280321,9.0,8.65,8.75,5.2,4.85,5.25,0.5739090909090908,0.6738079497944195,0.6958215159017165,0.4822222222222222,0.45296860410830997,0.5084979825263438
Romain Jouan,1435.7543673572004,1436.962948005456,1400.0,1435.7543673572004,230.0,215.0,40.1,183.0,0,4,0.25,0.25,0.25,0.25,35.75436735720041,35.75436735720041,35.75436735720041,35.75436735720041,8.75,8.75,8.75,2.0,2.0,2.0,0.6997203482673124,0.6997203482673124,0.6997203482673124,0.6706349206349206,0.6706349206349206,0.6706349206349206
Lazaro Navarro Batles,1644.287717649889,1670.745328511905,1663.9786763445964,1644.287717649889,2000.0,0.0,51.1,185.67156964873536,0,56,0.6,0.5,0.5,0.5,-53.80601021144207,-53.80601021144207,-53.80601021144207,-53.80601021144207,-1.0,-1.0,-1.0,-1.0,-1.0,-1.0,0.0,0.0,0.0,0.0,0.0,0.0
Andres Pedroso,1400.0,1400.0,1400.0,1400.0,286.0,114.0,46.5,185.67156964873536,0,0,0.0,0.0,0.0,0.0,0.0,0.0,0.0,0.0,0.0,0.0,0.0,0.0,0.0,0.0,0.0,0.0,0.0,0.0,0.0,0.0
Scott Lipsky,1400.0,1400.0,1400.0,1400.0,1004.0,8.0,43.8,185.0,0,0,0.0,0.0,0.0,0.0,0.0,0.0,0.0,0.0,0.0,0.0,0.0,0.0,0.0,0.0,0.0,0.0,0.0,0.0,0.0,0.0
Diego Duran,1374.086574095948,1400.0,1400.0,1374.086574095948,2000.0,0.0,27.28978785329969,186.27336318231923,0,1,0.0,0.0,0.0,0.0,-25.91342590405202,-25.91342590405202,-25.91342590405202,-25.91342590405202,-1.0,-1.0,-1.0,-1.0,-1.0,-1.0,0.0,0.0,0.0,0.0,0.0,0.0
Juncheng Shang,1679.992180031515,1609.9494173742423,1376.888053025488,1436.9257903483817,50.0,1115.0,20.8,180.0,1,59,0.2,0.6,0.54,0.4915254237288136,9.24085667420627,83.12093631836842,241.22172303402886,279.9921800315151,4.0,4.1,4.34,1.8,2.35,2.42,0.7244499178981937,0.6911837580596092,0.6872230902189301,0.41904761904761906,0.5399694146433277,0.5640134068829721
Stefano Ianni,1432.3852977997367,1432.3852977997367,1400.0,1432.3852977997367,559.0,43.0,44.4,185.67156964873536,0,1,1.0,1.0,1.0,1.0,32.38529779973669,32.38529779973669,32.38529779973669,32.38529779973669,3.0,3.0,3.0,4.0,4.0,4.0,0.6470588235294118,0.6470588235294118,0.6470588235294118,0.6666666666666666,0.6666666666666666,0.6666666666666666
Michael Sell,1833.9675735879835,1865.1701732655488,1833.9675735879835,1833.9675735879835,167.0,219.0,52.3,180.0,0,50,0.0,0.0,0.0,0.0,0.0,0.0,0.0,0.0,0.0,0.0,0.0,0.0,0.0,0.0,0.0,0.0,0.0,0.0,0.0,0.0
Abdulhameed Alshatti,1372.8542481551303,1372.8542481551303,1372.8542481551303,1372.8542481551303,2017.0,1.0,29.6,185.67156964873536,0,1,0.0,0.0,0.0,0.0,-27.145751844869665,-27.145751844869665,-27.145751844869665,-27.145751844869665,-1.0,-1.0,-1.0,-1.0,-1.0,-1.0,0.0,0.0,0.0,0.0,0.0,0.0
Julien Jeanpierre,1741.2376528083762,1717.9679043175454,1695.6276287873238,1741.2376528083762,154.0,260.0,45.3,188.0,0,53,0.6666666666666666,0.6666666666666666,0.6666666666666666,0.6666666666666666,45.61002402105237,45.61002402105237,45.61002402105237,45.61002402105237,1.3333333333333333,1.3333333333333333,1.3333333333333333,3.6666666666666665,3.6666666666666665,3.6666666666666665,0.6425588982541064,0.6425588982541064,0.6425588982541064,0.6914862914862915,0.6914862914862915,0.6914862914862915
Flavio Cobolli,1848.7502327100808,1684.6043316051034,1576.1865748477096,1381.0860097493799,31.0,1482.0,23.4,183.0,0,78,0.6,0.64,0.56,0.5256410256410257,106.40210498575038,135.62733015519848,221.1828194162813,448.7502327100808,3.8,6.15,6.52,1.8,3.85,3.52,0.7311166253101737,0.73264297711571,0.7436148087980631,0.8111111111111111,0.6570066045066045,0.6092284163840228
Sam Groth,1636.641717908153,1394.0238315716315,1406.1426998114375,1641.995138897538,201.0,262.0,37.7,193.0,0,99,0.2,0.24,0.38,0.3838383838383838,-57.54260520024104,-137.63285327063568,33.25562913025078,236.64171790815294,16.6,14.7,15.28,6.8,6.05,5.3,0.8206487232574189,0.7829858019314733,0.7674614178915082,0.48,0.4860897435897436,0.5872432567432567
Clement Morel,1435.7472314173751,1435.7472314173751,1435.7472314173751,1435.7472314173751,712.0,40.0,40.9,185.67156964873536,0,1,1.0,1.0,1.0,1.0,35.74723141737513,35.74723141737513,35.74723141737513,35.74723141737513,-1.0,-1.0,-1.0,-1.0,-1.0,-1.0,0.0,0.0,0.0,0.0,0.0,0.0
Jordan Thompson,1802.4138200628647,1730.2484935813343,1308.9555638406816,1599.1015156120604,28.0,1571.0,31.5,183.0,0,297,0.2,0.6,0.56,0.53,67.99788660236004,63.30635298124503,104.03112647933108,181.44269490692318,9.4,8.15,6.58,1.8,1.05,1.2,0.7201975612344058,0.7022817044550308,0.7112265425095982,0.597069597069597,0.5167673992673992,0.5673171273171274
Leander Paes,1889.6269902960337,1800.0432495912899,1854.313496685083,1948.2810821806595,2000.0,0.0,51.8,178.0,0,89,0.6,0.76,0.6666666666666666,0.6666666666666666,9.255790688644538,19.254237284019382,35.31349361095067,35.31349361095067,-0.4,0.0,1.0769230769230769,-0.8,0.0,1.0256410256410255,0.13333333333333333,0.12738904498625336,0.2383967818038036,0.08571428571428572,0.09937728937728937,0.16128017281863435
Maxime Koffi,1400.0,1400.0,1400.0,1400.0,2000.0,0.0,39.6,185.67156964873536,0,0,0.0,0.0,0.0,0.0,0.0,0.0,0.0,0.0,0.0,0.0,0.0,0.0,0.0,0.0,0.0,0.0,0.0,0.0,0.0,0.0
Arturs Lazdins,1391.7667880504048,1391.7667880504048,1391.7667880504048,1391.7667880504048,1469.0,3.0,27.8,185.67156964873536,0,1,0.0,0.0,0.0,0.0,-8.233211949595216,-8.233211949595216,-8.233211949595216,-8.233211949595216,-1.0,-1.0,-1.0,-1.0,-1.0,-1.0,0.0,0.0,0.0,0.0,0.0,0.0
Gyorgy Balazs,1483.543169054646,1400.0,1421.981767243603,1483.543169054646,2000.0,0.0,40.1,185.67156964873536,0,4,0.75,0.75,0.75,0.75,83.54316905464589,83.54316905464589,83.54316905464589,83.54316905464589,-1.0,-1.0,-1.0,-1.0,-1.0,-1.0,0.0,0.0,0.0,0.0,0.0,0.0
Thierry Ascione,1584.0262456828136,1613.5753188358838,1581.0110673248614,1551.1450100973454,238.0,199.0,44.6,188.0,0,85,0.2,0.2,0.24,0.29333333333333333,-190.54982848341137,-152.71286871951315,-230.43351520281067,-6.915318710161046,5.0,3.85,3.24,2.0,2.45,2.92,0.6660008964826241,0.6473235382834688,0.6525963775355916,0.5948051948051948,0.5317659791189202,0.5464403243815008
Marco Cecchinato,1481.9078416411762,1254.7996157342131,1735.0458887015911,1322.8284817907222,109.0,549.0,32.9,185.0,0,206,0.2,0.44,0.42,0.4,-50.0713858999909,-48.02026717503168,-127.30252448930196,-175.39529304170242,1.2,3.6,4.0,2.4,2.75,2.74,0.5929364295125165,0.647129485834743,0.6640420235621229,0.4551587301587302,0.6153516663075487,0.5705219796543326
Jose De Armas,1729.0560487743285,1731.0056222922874,1689.5384980969902,1729.0560487743285,662.0,28.0,44.4,185.67156964873536,0,80,0.6,0.64,0.6,0.6,-39.20038348900175,20.002417680338112,20.002417680338112,20.002417680338112,-1.0,-1.0,-1.0,-1.0,-1.0,-1.0,0.0,0.0,0.0,0.0,0.0,0.0
Damar Johnson,1414.1912984632736,1382.1479061807904,1400.0,1414.1912984632736,2000.0,0.0,41.1,185.67156964873536,0,2,0.5,0.5,0.5,0.5,14.191298463273597,14.191298463273597,14.191298463273597,14.191298463273597,-1.0,-1.0,-1.0,-1.0,-1.0,-1.0,0.0,0.0,0.0,0.0,0.0,0.0
Janne Ojala,1705.2071015465317,1722.014179893863,1722.014179893863,1705.2071015465317,537.0,37.0,47.4,185.67156964873536,0,51,0.0,0.0,0.0,0.0,-16.8070783473313,-16.8070783473313,-16.8070783473313,-16.8070783473313,-1.0,-1.0,-1.0,-1.0,-1.0,-1.0,0.0,0.0,0.0,0.0,0.0,0.0
Martin Lee,1717.6737501054827,1714.160033790848,1734.6551394994708,1838.1147196464751,252.0,149.0,47.4,180.0,1,100,0.0,0.16,0.32,0.32,-117.87423554792076,-171.81451243207243,-36.566142208691645,-51.47745578229069,3.6,4.15,4.3,4.0,3.4,2.62,0.5537984332488975,0.6193624208979243,0.6421111106205679,0.46254901960784317,0.505733328419087,0.48767556609197477
Zack Fleishman,1687.6379178627378,1696.7118289951038,1687.6379178627378,1669.370803054689,437.0,67.0,45.3,188.0,0,33,0.2,0.30434782608695654,0.30434782608695654,0.30434782608695654,-10.417189365959757,14.17159778125938,14.17159778125938,14.17159778125938,5.4,5.45,5.826086956521739,2.6,3.7,3.608695652173913,0.6442857142857144,0.6958526441339077,0.7022252116002233,0.4392857142857142,0.5420177045177045,0.5365371343632213
Edouard Roger Vasselin,1678.9350431925059,1521.4132036161732,1564.7790657696696,1458.6249672036502,128.0,436.0,41.9,188.0,0,36,0.2,0.24,0.3333333333333333,0.3333333333333333,60.948787397818705,229.9768822149806,259.08656171341,259.08656171341,4.2,4.65,3.8333333333333335,3.0,2.6,2.4166666666666665,0.6651811956159783,0.6614516290509505,0.6568951982958574,0.4119047619047619,0.5503174603174603,0.4919445604752622
Roberto Ortega Olmedo,1400.0,1400.0,1400.0,1400.0,310.0,157.0,34.0,168.0,0,0,0.0,0.0,0.0,0.0,0.0,0.0,0.0,0.0,0.0,0.0,0.0,0.0,0.0,0.0,0.0,0.0,0.0,0.0,0.0,0.0
Jerome Kym,1451.2737467775803,1451.2737467775803,1451.2737467775803,1451.2737467775803,140.0,421.0,22.6,198.0,0,2,1.0,1.0,1.0,1.0,51.2737467775803,51.2737467775803,51.2737467775803,51.2737467775803,2.5,2.5,2.5,2.0,2.0,2.0,0.296875,0.296875,0.296875,0.3,0.3,0.3
Tai Wei Liu,1395.6774245913741,1368.4106295516845,1395.6774245913741,1395.6774245913741,839.0,14.0,39.2,185.67156964873536,1,3,0.3333333333333333,0.3333333333333333,0.3333333333333333,0.3333333333333333,-4.32257540862588,-4.32257540862588,-4.32257540862588,-4.32257540862588,-1.0,-1.0,-1.0,-1.0,-1.0,-1.0,0.0,0.0,0.0,0.0,0.0,0.0
Sun Yong Kim Jr,1423.9242971528013,1453.7229182236813,1423.9242971528013,1423.9242971528013,734.0,22.0,37.6,186.27336318231923,0,3,0.6666666666666666,0.6666666666666666,0.6666666666666666,0.6666666666666666,23.924297152801273,23.924297152801273,23.924297152801273,23.924297152801273,-1.0,-1.0,-1.0,-1.0,-1.0,-1.0,0.0,0.0,0.0,0.0,0.0,0.0
Erling Tveit,1307.5022002140388,1356.1002825466385,1363.97288803985,1307.5022002140388,598.0,37.0,40.5,185.67156964873536,1,6,0.0,0.0,0.0,0.0,-92.4977997859612,-92.4977997859612,-92.4977997859612,-92.4977997859612,0.2,0.0,0.0,-0.4,-0.5,-0.5,0.11162790697674418,0.09302325581395349,0.09302325581395349,0.075,0.0625,0.0625
Bostjan Osabnik,1452.94691129394,1411.4371749991806,1400.841505307645,1452.94691129394,381.0,76.0,43.1,185.67156964873536,0,6,0.6,0.5,0.5,0.5,52.94691129394005,52.94691129394005,52.94691129394005,52.94691129394005,-1.0,-1.0,-1.0,-1.0,-1.0,-1.0,0.0,0.0,0.0,0.0,0.0,0.0
Aivaras Balzekas,1576.9622486148496,1566.017592260695,1576.9622486148496,1576.9622486148496,1304.0,1.0,43.2,185.67156964873536,0,12,0.5,0.5,0.5,0.5,10.944656354154631,10.944656354154631,10.944656354154631,10.944656354154631,-1.0,-1.0,-1.0,-1.0,-1.0,-1.0,0.0,0.0,0.0,0.0,0.0,0.0
Ilya Snitari,1400.0,1400.0,1371.7893054530136,1400.0,740.0,34.0,22.8,188.0,0,0,0.0,0.0,0.0,0.0,0.0,0.0,0.0,0.0,0.0,0.0,0.0,0.0,0.0,0.0,0.0,0.0,0.0,0.0,0.0,0.0
West Nott,1372.3462483144801,1396.9987740463978,1372.3462483144801,1372.3462483144801,2000.0,0.0,43.0,186.27336318231923,0,5,0.4,0.4,0.4,0.4,-27.653751685519865,-27.653751685519865,-27.653751685519865,-27.653751685519865,-1.0,-1.0,-1.0,-1.0,-1.0,-1.0,0.0,0.0,0.0,0.0,0.0,0.0
Andrey Kuznetsov,1766.1202471229183,1540.6697731298893,1583.4127855904153,1468.0704354130676,2000.0,0.0,34.4,183.0,0,179,0.2,0.36,0.4,0.49,-111.19327913949269,-131.5901230988818,-158.8180236352257,45.98175397591808,7.6,6.65,5.1,4.2,3.7,3.08,0.6958350620063726,0.7285727976715572,0.7079269277687138,0.5733333333333334,0.5135668498168499,0.5333581973581973
Ivo Heuberger,1679.7343661383738,1764.1447707658856,1716.5978313865592,1719.8409724894518,191.0,217.0,49.5,188.0,0,130,0.4,0.32,0.3,0.3125,-34.15125011104783,-49.0888900235725,-165.25825154760673,-116.94795175609306,7.4,6.5,6.56,1.2,3.0,3.0,0.6117799711820926,0.6946664831575309,0.6941930983433483,0.5787878787878789,0.6195977633477633,0.5131276207452679
Ki Lung Ng,1399.781448206013,1399.781448206013,1399.781448206013,1399.781448206013,2102.0,1.0,24.1,185.67156964873536,0,2,0.5,0.5,0.5,0.5,-0.21855179398698965,-0.21855179398698965,-0.21855179398698965,-0.21855179398698965,2.5,2.5,2.5,0.5,0.5,0.5,0.35294117647058826,0.35294117647058826,0.35294117647058826,0.3125,0.3125,0.3125
Daniel Elsner,1677.9710929747648,1689.655871258429,1728.3874452447465,1722.3469727812399,339.0,94.0,46.7,183.0,0,80,0.0,0.16,0.23333333333333334,0.23333333333333334,-119.54425183350486,-44.37587980647504,-44.37587980647504,-44.37587980647504,2.0,2.2,2.966666666666667,5.0,5.1,4.8,0.5500577200577201,0.5962847219543463,0.6182867342547077,0.4177777777777778,0.4628291316526611,0.5141846225669755
Scott Barron,1644.868542304349,1644.868542304349,1673.9509519960839,1644.868542304349,336.0,87.0,50.8,186.27336318231923,0,12,0.5,0.5,0.5,0.5,-6.147448913160133,-6.147448913160133,-6.147448913160133,-6.147448913160133,-1.0,-1.0,-1.0,-1.0,-1.0,-1.0,0.0,0.0,0.0,0.0,0.0,0.0
Daniel Vallejo,1435.2314649718367,1435.2314649718367,1400.0,1435.2314649718367,2000.0,0.0,40.6,185.67156964873536,0,1,1.0,1.0,1.0,1.0,35.23146497183666,35.23146497183666,35.23146497183666,35.23146497183666,5.0,5.0,5.0,0.0,0.0,0.0,0.6896551724137931,0.6896551724137931,0.6896551724137931,0.0,0.0,0.0
Adrien Bossel,1347.4800809597539,1396.275077076057,1400.0,1388.475736026678,485.0,78.0,38.0,185.67156964873536,1,4,0.0,0.0,0.0,0.0,-52.51991904024612,-52.51991904024612,-52.51991904024612,-52.51991904024612,6.25,6.25,6.25,2.5,2.5,2.5,0.4910943223443224,0.4910943223443224,0.4910943223443224,0.5527777777777778,0.5527777777777778,0.5527777777777778
Akash Wagh,1400.0,1400.0,1400.0,1400.0,2000.0,0.0,35.5,175.0,1,0,0.0,0.0,0.0,0.0,0.0,0.0,0.0,0.0,0.0,0.0,0.0,0.0,0.0,0.0,0.0,0.0,0.0,0.0,0.0,0.0
Pablo Carreno Busta,1797.9182703371278,1662.3763080612582,1692.5806149929508,1284.9858326946994,203.0,287.0,34.2,188.0,0,498,0.4,0.48,0.56,0.57,-89.55460803544747,-147.49288814469332,-61.19887166116246,-252.10701889516872,2.2,5.0,4.98,2.4,2.9,2.14,0.6320128819792873,0.6705679134008736,0.7041084960065652,0.44373015873015875,0.5681944444444444,0.5139603174603175
Kevin Kim,1558.5226477116996,1760.6436801801053,1732.0488161559367,1724.9337321429466,151.0,334.0,47.0,180.0,0,187,0.2,0.32,0.22,0.28,15.140896283537359,-30.953223090948313,-140.5748741984903,-233.72411113666658,3.4,5.1,4.16,3.6,5.55,3.94,0.7099634575153384,0.739780360299847,0.6865316568933488,0.6952380952380953,0.5523361360861361,0.48703146853146856
Omar Jasika,1424.7045718212155,1424.7045718212155,1424.7045718212155,1424.7045718212155,343.0,148.0,27.6,183.0,1,4,0.25,0.25,0.25,0.25,24.704571821215495,24.704571821215495,24.704571821215495,24.704571821215495,2.5,2.5,2.5,3.0,3.0,3.0,0.6322151908467383,0.6322151908467383,0.6322151908467383,0.5208333333333334,0.5208333333333334,0.5208333333333334
Kacper Zuk,1433.6968151039448,1455.495680655926,1400.0,1433.6968151039448,245.0,220.0,25.9,183.0,0,7,0.4,0.42857142857142855,0.42857142857142855,0.42857142857142855,33.6968151039448,33.6968151039448,33.6968151039448,33.6968151039448,2.0,3.4285714285714284,3.4285714285714284,1.6,2.0,2.0,0.42148647226023794,0.5059576163184084,0.5059576163184084,0.3383116883116883,0.47242043670615097,0.47242043670615097
Juan Ignacio Londero,1474.003145942441,1357.2459639800127,1582.0700560780413,1382.3404139118632,142.0,442.0,31.7,180.0,0,84,0.2,0.24,0.32,0.4166666666666667,-163.76860648561114,-213.65070348096606,-208.60558190478537,74.00314594244105,2.4,2.8,3.48,3.4,2.7,3.06,0.6337692010055134,0.6117734117538923,0.6660743652389256,0.49952380952380954,0.4742099567099567,0.5124590311649135
Claude Ngoran,1619.6449349971256,1639.282592248334,1693.192599218521,1619.6449349971256,2000.0,0.0,50.3,190.0,1,29,0.4,0.631578947368421,0.631578947368421,0.631578947368421,-23.699318302534493,-23.699318302534493,-23.699318302534493,-23.699318302534493,-1.0,-1.0,-1.0,-1.0,-1.0,-1.0,0.0,0.0,0.0,0.0,0.0,0.0
Cesar Ramirez,1439.362856585959,1406.503408500723,1456.8418090356545,1439.362856585959,660.0,37.0,35.1,180.0,0,18,0.4,0.4444444444444444,0.4444444444444444,0.4444444444444444,39.36285658595898,39.36285658595898,39.36285658595898,39.36285658595898,-0.2,-0.6111111111111112,-0.6111111111111112,-0.2,-0.5,-0.5,0.08571428571428572,0.08430335097001763,0.08430335097001763,0.11666666666666667,0.07500000000000001,0.07500000000000001
Vishal Uppal,1647.9681716629725,1647.9681716629725,1647.9681716629725,1647.9681716629725,526.0,43.0,48.1,185.67156964873536,0,10,0.0,0.0,0.0,0.0,0.0,0.0,0.0,0.0,0.0,0.0,0.0,0.0,0.0,0.0,0.0,0.0,0.0,0.0,0.0,0.0
Jan Vacek,1723.0150064169368,1671.847769702228,1720.2792953145422,1888.3651329963072,342.0,101.0,49.0,198.0,0,139,0.6,0.28,0.28,0.33707865168539325,-81.57596670452585,-70.59498874143401,-138.09187261099942,-29.57648543278151,4.6,4.1,4.26,2.8,3.25,3.08,0.6920139040731085,0.673558215401681,0.6875729887162951,0.515934065934066,0.5038279775779776,0.5068688533688533
Colin Ebelthite,1400.0,1400.0,1400.0,1400.0,254.0,300.0,40.1,185.67156964873536,0,0,0.0,0.0,0.0,0.0,0.0,0.0,0.0,0.0,0.0,0.0,0.0,0.0,0.0,0.0,0.0,0.0,0.0,0.0,0.0,0.0
Ricardo Chile Fonte,1466.642172524307,1506.920698117869,1333.0814646594902,1466.642172524307,2000.0,0.0,43.5,185.67156964873536,0,12,0.6,0.5833333333333334,0.5833333333333334,0.5833333333333334,66.64217252430694,66.64217252430694,66.64217252430694,66.64217252430694,-1.0,-1.0,-1.0,-1.0,-1.0,-1.0,0.0,0.0,0.0,0.0,0.0,0.0
Hyeon Chung,1832.2662658517484,1661.458133183881,1605.008831806765,1421.2658974201393,139.0,383.0,29.4,188.0,0,151,0.4,0.44,0.54,0.59,-105.20540663551196,-175.92015139996397,-192.3251534980002,167.23347032852712,5.4,5.05,3.74,1.6,1.9,2.7,0.7011338852015484,0.6896300253124531,0.697908883939015,0.38666666666666666,0.4160732323232323,0.5078954933954933
Alexander Erler,1443.3926582128647,1443.3926582128647,1400.0,1443.3926582128647,337.0,146.0,27.7,193.0,0,1,1.0,1.0,1.0,1.0,43.39265821286472,43.39265821286472,43.39265821286472,43.39265821286472,2.0,2.0,2.0,4.0,4.0,4.0,0.6428571428571429,0.6428571428571429,0.6428571428571429,0.7272727272727273,0.7272727272727273,0.7272727272727273
Marcos Giron,1730.738748425016,1639.3490280222284,1385.41297127102,1466.0718670318142,49.0,1105.0,32.2,180.0,0,221,0.6,0.56,0.52,0.47,28.647831210437744,18.134704454216717,82.8299225698006,3.3565036953348226,5.8,5.45,5.0,0.2,1.3,1.28,0.78442715507576,0.752523608632962,0.7384246966705038,0.6428571428571429,0.5943253968253968,0.5682413664766607
Ricardo Mello,1581.0017768915156,1683.3001489849194,1762.7477175475783,1582.0299368213343,346.0,121.0,44.1,175.0,1,203,0.2,0.24,0.34,0.33,-115.52836270988905,-104.96347681001339,-118.96213341220732,-314.7613726910488,3.0,2.2,2.0,1.6,2.25,2.06,0.6633982683982683,0.5730214938463749,0.5903296327118914,0.45758636788048557,0.4651052166787461,0.4693572976043564
Federico Browne,1830.7996196726967,1835.7349222658054,1888.4927543759986,1830.7996196726967,181.0,212.0,49.1,180.0,0,76,0.2,0.4,0.38461538461538464,0.38461538461538464,-85.91096624925603,-30.1002497788013,-30.1002497788013,-30.1002497788013,2.0,3.05,3.3461538461538463,3.2,2.1,2.269230769230769,0.6688680897646415,0.5967931699079848,0.6045059130652584,0.3642857142857142,0.44782828282828274,0.47996192169908475
Maxim Dubarenco,1404.4774027188878,1392.772885924381,1376.3915088251047,1404.4774027188878,387.0,111.0,32.2,185.67156964873536,0,13,0.6,0.46153846153846156,0.46153846153846156,0.46153846153846156,4.477402718887788,4.477402718887788,4.477402718887788,4.477402718887788,-1.0,-1.0,-1.0,-1.0,-1.0,-1.0,0.0,0.0,0.0,0.0,0.0,0.0
Martin Vilarrubi,1462.5540221970077,1425.0,1414.349818544263,1462.5540221970077,533.0,49.0,40.4,186.27336318231923,0,9,0.6,0.5555555555555556,0.5555555555555556,0.5555555555555556,62.554022197007725,62.554022197007725,62.554022197007725,62.554022197007725,-1.0,-1.0,-1.0,-1.0,-1.0,-1.0,0.0,0.0,0.0,0.0,0.0,0.0
Luka Mikrut,1400.0,1400.0,1400.0,1400.0,350.0,143.0,21.2,188.0,0,0,0.0,0.0,0.0,0.0,0.0,0.0,0.0,0.0,0.0,0.0,0.0,0.0,0.0,0.0,0.0,0.0,0.0,0.0,0.0,0.0
Orlando Luz,1389.864575223758,1389.864575223758,1389.864575223758,1389.864575223758,278.0,213.0,27.5,180.0,0,1,0.0,0.0,0.0,0.0,-10.135424776241962,-10.135424776241962,-10.135424776241962,-10.135424776241962,4.0,4.0,4.0,3.0,3.0,3.0,0.5882352941176471,0.5882352941176471,0.5882352941176471,0.4,0.4,0.4
Brandon Perez,1353.6519541675314,1378.6519541675314,1400.0,1353.6519541675314,1921.0,1.0,25.6,191.0,1,2,0.0,0.0,0.0,0.0,-46.34804583246864,-46.34804583246864,-46.34804583246864,-46.34804583246864,7.5,7.5,7.5,6.0,6.0,6.0,0.6606060606060606,0.6606060606060606,0.6606060606060606,0.7333333333333334,0.7333333333333334,0.7333333333333334
Nicolas Mejia,1358.8413728802118,1300.520663742223,1457.2896144877527,1358.8413728802118,237.0,242.0,25.5,183.0,0,15,0.2,0.2,0.2,0.2,-41.15862711978821,-41.15862711978821,-41.15862711978821,-41.15862711978821,0.8,1.8,1.8,0.6,1.3333333333333333,1.3333333333333333,0.3804901960784314,0.4331325863678805,0.4331325863678805,0.325,0.2996031746031746,0.2996031746031746
Ignacio Hirigoyen,1692.4825323476277,1673.4663200814784,1700.0476474595164,1692.4825323476277,322.0,97.0,49.2,183.0,0,13,0.3333333333333333,0.3333333333333333,0.3333333333333333,0.3333333333333333,19.016212266149296,19.016212266149296,19.016212266149296,19.016212266149296,6.333333333333333,6.333333333333333,6.333333333333333,3.0,3.0,3.0,0.68,0.68,0.68,0.5777777777777778,0.5777777777777778,0.5777777777777778
Dean Obrien,1382.1675737387216,1382.1675737387216,1382.1675737387216,1382.1675737387216,563.0,53.0,35.4,178.0,0,1,0.0,0.0,0.0,0.0,-17.832426261278442,-17.832426261278442,-17.832426261278442,-17.832426261278442,-1.0,-1.0,-1.0,-1.0,-1.0,-1.0,0.0,0.0,0.0,0.0,0.0,0.0
Sanjar Fayziev,1330.3918946471833,1355.3634668734112,1415.6151938164808,1392.9016460807115,510.0,62.0,30.5,188.0,0,14,0.4,0.14285714285714285,0.14285714285714285,0.14285714285714285,-69.60810535281666,-69.60810535281666,-69.60810535281666,-69.60810535281666,3.2,5.214285714285714,5.214285714285714,0.2,2.9285714285714284,2.9285714285714284,0.3623809523809524,0.5272978304172289,0.5272978304172289,0.3194444444444445,0.4488352916924345,0.4488352916924345
Mateus Alves,1400.0,1400.0,1400.0,1400.0,556.0,60.0,24.0,193.0,0,0,0.0,0.0,0.0,0.0,0.0,0.0,0.0,0.0,0.0,0.0,0.0,0.0,0.0,0.0,0.0,0.0,0.0,0.0,0.0,0.0
Hugo Armando,1758.6758729300363,1813.439535232073,1726.1263274488215,1758.6758729300363,205.0,192.0,46.8,183.0,0,92,0.6,0.36,0.30952380952380953,0.30952380952380953,46.76534328351795,-38.620191281547704,-12.398443069241239,-12.398443069241239,0.8,2.75,3.0,1.6,2.15,2.4285714285714284,0.680012163251153,0.6897689338722939,0.6814612883853821,0.509090909090909,0.5389070189070189,0.5072270762746953
Quinton Vega,1376.714472664084,1376.714472664084,1376.714472664084,1376.714472664084,2000.0,0.0,32.2,185.0,0,1,0.0,0.0,0.0,0.0,-23.28552733591596,-23.28552733591596,-23.28552733591596,-23.28552733591596,-1.0,-1.0,-1.0,-1.0,-1.0,-1.0,0.0,0.0,0.0,0.0,0.0,0.0
Enzo Pigola,1383.9213830970518,1383.9213830970518,1383.9213830970518,1383.9213830970518,2000.0,0.0,38.9,185.67156964873536,0,2,0.0,0.0,0.0,0.0,-16.07861690294817,-16.07861690294817,-16.07861690294817,-16.07861690294817,-1.0,-1.0,-1.0,-1.0,-1.0,-1.0,0.0,0.0,0.0,0.0,0.0,0.0
Thomas Johansson,1764.7799213260835,2008.1859841251269,1746.6480420811283,2024.648608497625,178.0,456.0,49.9,180.0,0,714,0.4,0.36,0.48,0.49,-96.85326892523176,-109.59243272336062,-102.99578321122885,-139.39192411568752,7.0,6.75,6.12,3.0,2.4,2.04,0.5771802325581395,0.6082241916867198,0.6064335570306693,0.4417948717948718,0.5289660339660339,0.47906512931512935
Valentin Sanon,1421.6474512589823,1686.679794210112,1603.1998690067928,1421.6474512589823,688.0,23.0,45.1,185.67156964873536,0,30,0.2,0.3,0.3,0.3,-202.12162897188387,-243.1814749591972,-243.1814749591972,-243.1814749591972,-1.0,-1.0,-1.0,-1.0,-1.0,-1.0,0.0,0.0,0.0,0.0,0.0,0.0
Ari Fahresi,1400.0,1400.0,1400.0,1400.0,2000.0,0.0,32.289787853299686,186.27336318231923,0,0,0.0,0.0,0.0,0.0,0.0,0.0,0.0,0.0,0.0,0.0,0.0,0.0,0.0,0.0,0.0,0.0,0.0,0.0,0.0,0.0
Michael Kohlmann,1810.667226971348,1759.9138450079165,1918.4281777225237,1864.3435560652715,1494.0,1.0,51.4,188.0,0,95,0.4,0.4,0.35555555555555557,0.35555555555555557,-35.62647816925232,-3.0923728299765116,-33.92534378337223,-33.92534378337223,4.2,5.35,5.266666666666667,3.0,2.4,2.911111111111111,0.5417024839168587,0.6636455826937643,0.6443361075223591,0.38607843137254905,0.36576563958916897,0.46858204250361113
Martin Vassallo Arguello,1589.5254201061327,1566.55368404406,1774.216687010046,1704.4917901856734,102.0,515.0,44.9,183.0,0,177,0.0,0.2,0.34,0.36,-140.69054285839024,-149.25334407231912,-72.23428891245567,-196.41487163497413,1.0,2.1,2.06,2.2,1.7,2.08,0.5914215914309232,0.6324163280670911,0.6329690569204929,0.5750000000000001,0.5233176691729324,0.507943728785834
Komlavi Loglo,1364.0461398616583,1364.0461398616583,1364.0461398616583,1364.0461398616583,2000.0,0.0,40.0,183.0,0,2,0.0,0.0,0.0,0.0,-35.953860138341724,-35.953860138341724,-35.953860138341724,-35.953860138341724,1.5,1.5,1.5,1.0,1.0,1.0,0.5735912531539109,0.5735912531539109,0.5735912531539109,0.425,0.425,0.425
Dominic Pagon,1400.0,1400.0,1400.0,1400.0,2000.0,0.0,37.3,185.67156964873536,1,0,0.0,0.0,0.0,0.0,0.0,0.0,0.0,0.0,0.0,0.0,0.0,0.0,0.0,0.0,0.0,0.0,0.0,0.0,0.0,0.0
Benjamin Balleret,1490.88132151826,1374.7675838895204,1570.8083724846372,1490.88132151826,2000.0,0.0,42.6,185.0,0,56,0.4,0.4,0.5,0.5,-46.609572773916625,-71.605523353139,-66.27895556340013,90.88132151825994,1.0,0.25,0.22,-0.2,-0.25,-0.48,0.24154555122297056,0.16794644648903626,0.11611646486123187,0.2257142857142857,0.1514285714285714,0.09039285714285712
Daniel Langre,1634.3916339905463,1634.3916339905463,1634.3916339905463,1634.3916339905463,2000.0,0.0,43.9,186.27336318231923,0,10,0.0,0.0,0.0,0.0,0.0,0.0,0.0,0.0,0.0,0.0,0.0,0.0,0.0,0.0,0.0,0.0,0.0,0.0,0.0,0.0
Blake Strode,1400.0,1400.0,1400.0,1400.0,393.0,95.0,37.5,188.0,0,0,0.0,0.0,0.0,0.0,0.0,0.0,0.0,0.0,0.0,0.0,0.0,0.0,0.0,0.0,0.0,0.0,0.0,0.0,0.0,0.0
Hector Moretti,1810.344077077088,1810.344077077088,1810.344077077088,1810.344077077088,228.0,146.0,52.4,170.0,0,50,0.0,0.0,0.0,0.0,0.0,0.0,0.0,0.0,0.0,0.0,0.0,0.0,0.0,0.0,0.0,0.0,0.0,0.0,0.0,0.0
Christos Hadjigeorgiou,1347.0615659883424,1347.0615659883424,1347.0615659883424,1347.0615659883424,2000.0,0.0,30.8,185.67156964873536,0,3,0.0,0.0,0.0,0.0,-52.93843401165759,-52.93843401165759,-52.93843401165759,-52.93843401165759,-1.0,-1.0,-1.0,-1.0,-1.0,-1.0,0.0,0.0,0.0,0.0,0.0,0.0
Tomas Machac,1891.4898441128523,1793.8545714503812,1549.2690027260742,1363.2890919164793,25.0,1758.0,25.0,183.0,0,89,0.6,0.56,0.58,0.550561797752809,121.60792922925202,95.77469503344378,179.59416642295173,491.4898441128523,6.8,6.2,4.66,2.4,3.1,2.68,0.7077673900942535,0.7123738400866231,0.6679824735431146,0.4916666666666666,0.5799404761904763,0.5479765234765235
Sarp Agabigun,1400.0,1400.0,1400.0,1400.0,867.0,17.0,27.6,178.0,0,0,0.0,0.0,0.0,0.0,0.0,0.0,0.0,0.0,0.0,0.0,0.0,0.0,0.0,0.0,0.0,0.0,0.0,0.0,0.0,0.0
Mirza Basic,1546.228676028081,1564.1465992893184,1323.3902732840852,1418.9392652279819,579.0,59.0,34.1,188.0,0,74,0.4,0.24,0.4,0.4594594594594595,-123.30261993254726,-215.3591479782126,-42.77116838765551,146.22867602808105,2.0,2.85,4.78,0.2,1.5,1.66,0.3952379399197625,0.49917761250267095,0.6272205499293174,0.2866666666666667,0.3187156593406593,0.4851456598956599
Youssef Hossam,1425.0,1425.0,1425.0,1425.0,311.0,157.0,26.8,178.0,0,1,1.0,1.0,1.0,1.0,25.0,25.0,25.0,25.0,6.0,6.0,6.0,1.0,1.0,1.0,0.7142857142857143,0.7142857142857143,0.7142857142857143,0.75,0.75,0.75
Kenneth Raisma,1400.0,1400.0,1400.0,1400.0,896.0,15.0,26.8,193.0,1,0,0.0,0.0,0.0,0.0,0.0,0.0,0.0,0.0,0.0,0.0,0.0,0.0,0.0,0.0,0.0,0.0,0.0,0.0,0.0,0.0
Asif Ismail,1400.0,1425.0,1400.0,1400.0,2000.0,0.0,54.3,186.27336318231923,0,0,0.0,0.0,0.0,0.0,0.0,0.0,0.0,0.0,0.0,0.0,0.0,0.0,0.0,0.0,0.0,0.0,0.0,0.0,0.0,0.0
Vasek Pospisil,1601.9904001697903,1770.6723898596604,1237.7749494297145,1439.903911390581,610.0,53.0,35.1,193.0,0,312,0.4,0.44,0.46,0.45,-95.39491660333579,-188.98739286547993,-163.90891385886448,-44.11548292675661,12.0,8.8,10.02,5.2,3.1,3.38,0.7717808021978826,0.6888578151526673,0.7411369961547811,0.38428571428571445,0.43246031746031743,0.5948346653346653
Thanasi Kokkinakis,1764.6078244198782,1706.216474051649,1390.7085487071292,1437.792226525805,77.0,716.0,29.6,193.0,0,172,0.6,0.52,0.46,0.49,40.78247397442624,22.030366859584774,27.550140241766258,123.81144656439574,11.8,11.85,10.46,2.8,3.35,3.04,0.7998492554916703,0.7728041473928166,0.7468344407623974,0.7083333333333334,0.5930555555555556,0.6017057256469022
Miguel Gallardo Valles,1610.045832734324,1715.3882481980193,1603.4191795328948,1610.045832734324,544.0,59.0,43.9,185.67156964873536,0,44,0.8,0.56,0.5294117647058824,0.5294117647058824,-35.52536947035264,-75.40395991113883,-75.40395991113883,-75.40395991113883,-1.0,-0.65,-0.7058823529411765,-1.0,-0.75,-0.7058823529411765,0.0,0.056342364532019705,0.06797040094422967,0.0,0.04375,0.056439883645766
Simon Carr,1357.1222346737056,1384.15352596069,1357.1222346737056,1357.1222346737056,767.0,23.0,25.8,183.0,0,2,0.0,0.0,0.0,0.0,-42.877765326294366,-42.877765326294366,-42.877765326294366,-42.877765326294366,1.0,1.0,1.0,1.5,1.5,1.5,0.3684210526315789,0.3684210526315789,0.3684210526315789,0.16666666666666666,0.16666666666666666,0.16666666666666666
Hugo Gaston,1637.8583601692467,1394.1294313950448,1627.6905646545874,1422.9995521530025,81.0,712.0,25.1,173.0,1,95,0.8,0.48,0.38,0.42105263157894735,31.423355536921008,90.4614325600362,-20.238218386388326,237.85836016924668,5.0,3.15,3.02,1.0,1.8,2.34,0.6923365393380253,0.6561097283467751,0.6500000315184674,0.54,0.4821158008658008,0.5286103341103341
J J Wolf,1491.5332817871772,1531.3692841485056,1435.60256172774,1446.6646249762068,143.0,436.0,26.6,183.0,0,96,0.2,0.28,0.4,0.4583333333333333,-197.62544011513,-195.3465786918814,-260.6580242328355,38.13409302669561,3.4,5.55,5.86,2.2,3.3,3.18,0.6589842662211083,0.6860835213502297,0.717238418435966,0.40545454545454546,0.4903553391053391,0.5263149073149073
Oscar Serrano,1803.0537593071845,1803.0537593071845,1803.0537593071845,1803.0537593071845,244.0,124.0,46.7,173.0,0,57,0.6,0.42857142857142855,0.42857142857142855,0.42857142857142855,21.38926355504941,21.38926355504941,21.38926355504941,21.38926355504941,2.0,1.4285714285714286,1.4285714285714286,4.8,4.428571428571429,4.428571428571429,0.6885945107697922,0.619905170030371,0.619905170030371,0.430050505050505,0.41794497772758643,0.41794497772758643
Stefan Wauters,1625.538454737985,1625.538454737985,1625.538454737985,1625.538454737985,212.0,182.0,43.0,185.67156964873536,0,10,0.0,0.0,0.0,0.0,0.0,0.0,0.0,0.0,0.0,0.0,0.0,0.0,0.0,0.0,0.0,0.0,0.0,0.0,0.0,0.0
Duilio Vallebuona,1400.0,1400.0,1400.0,1400.0,1541.0,3.0,32.6,185.67156964873536,0,0,0.0,0.0,0.0,0.0,0.0,0.0,0.0,0.0,0.0,0.0,0.0,0.0,0.0,0.0,0.0,0.0,0.0,0.0,0.0,0.0
Francisco Comesana,1540.9684280652527,1498.8985212189707,1422.165009258627,1476.2456261857126,108.0,532.0,24.8,178.0,0,10,0.4,0.4,0.4,0.4,64.72280187954016,64.72280187954016,64.72280187954016,64.72280187954016,6.2,7.9,7.9,3.8,3.5,3.5,0.6794928322561531,0.6895564805188485,0.6895564805188485,0.5982142857142858,0.5560912698412699,0.5560912698412699
Jose Roberto Velasco,1384.3777789666372,1400.0,1400.8976258849427,1384.3777789666372,2000.0,0.0,36.0,185.67156964873536,0,4,0.25,0.25,0.25,0.25,-15.622221033362848,-15.622221033362848,-15.622221033362848,-15.622221033362848,-1.0,-1.0,-1.0,-1.0,-1.0,-1.0,0.0,0.0,0.0,0.0,0.0,0.0
Eduardo Nava,1383.322837692556,1400.0,1400.0,1383.322837692556,1104.0,8.0,28.2,180.0,0,1,0.0,0.0,0.0,0.0,-16.67716230744395,-16.67716230744395,-16.67716230744395,-16.67716230744395,3.0,3.0,3.0,2.0,2.0,2.0,0.5757575757575758,0.5757575757575758,0.5757575757575758,0.6,0.6,0.6
Slimane Saoudi,1518.3684338281919,1680.9487330245324,1550.296064542565,1518.3684338281919,2000.0,0.0,49.6,185.67156964873536,1,70,0.4,0.35,0.35,0.35,-162.58029919634055,-176.98804325965853,-176.98804325965853,-176.98804325965853,-1.0,-0.1,-0.1,-1.0,0.4,0.4,0.0,0.16928283539120978,0.16928283539120978,0.0,0.11536796536796537,0.11536796536796537
Scott Oudsema,1419.874563142587,1423.4725848355076,1419.874563142587,1400.0,261.0,151.0,38.6,190.0,0,4,0.25,0.25,0.25,0.25,19.87456314258702,19.87456314258702,19.87456314258702,19.87456314258702,9.0,9.0,9.0,3.5,3.5,3.5,0.7107298422605592,0.7107298422605592,0.7107298422605592,0.47638888888888886,0.47638888888888886,0.47638888888888886
Simon Larose,1765.8802062353795,1800.6094936088055,1656.641752159807,1765.8802062353795,301.0,105.0,47.2,190.0,0,73,0.2,0.391304347826087,0.391304347826087,0.391304347826087,82.37388696315543,64.70755573985184,64.70755573985184,64.70755573985184,1.0,2.25,2.391304347826087,1.4,1.15,1.1304347826086956,0.35573985762665006,0.3416221092390633,0.32823579638507555,0.39132867132867133,0.26922105672105673,0.25584439714874496
Alti Vahkal,1428.4951425955367,1400.0,1400.0,1428.4951425955367,2000.0,0.0,50.9,185.67156964873536,0,3,0.3333333333333333,0.3333333333333333,0.3333333333333333,0.3333333333333333,28.495142595536663,28.495142595536663,28.495142595536663,28.495142595536663,-1.0,-1.0,-1.0,-1.0,-1.0,-1.0,0.0,0.0,0.0,0.0,0.0,0.0
Franco Roncadelli,1385.35245857946,1375.7230220504002,1384.4898062523957,1385.35245857946,366.0,136.0,25.5,185.0,1,6,0.4,0.3333333333333333,0.3333333333333333,0.3333333333333333,-14.647541420539937,-14.647541420539937,-14.647541420539937,-14.647541420539937,0.4,0.3333333333333333,0.3333333333333333,0.6,0.8333333333333334,0.8333333333333334,0.44220276497695854,0.4545238095238095,0.4545238095238095,0.48353535353535354,0.4307239057239057,0.4307239057239057
Pierre Hugues Herbert,1680.1790637278932,1600.3577196284964,1431.8392920399046,1480.960457682242,127.0,471.0,34.6,188.0,0,227,0.4,0.36,0.44,0.46,-117.14022123282916,-96.94721023120587,-129.11463215855542,-124.96264126860683,13.8,10.2,8.58,4.2,6.35,4.68,0.7670814868253624,0.7522906222609701,0.7461487926276178,0.5996825396825397,0.5884621591858434,0.564028579607527
Aissa Benchakroun,1400.0,1400.0,1400.0,1400.0,1671.0,1.0,22.9,186.27336318231923,0,0,0.0,0.0,0.0,0.0,0.0,0.0,0.0,0.0,0.0,0.0,0.0,0.0,0.0,0.0,0.0,0.0,0.0,0.0,0.0,0.0
Didac Perez,1639.0726865034135,1639.0726865034135,1639.0726865034135,1639.0726865034135,578.0,36.0,43.6,178.0,0,16,0.0,0.16666666666666666,0.16666666666666666,0.16666666666666666,-2.646327286558517,-2.646327286558517,-2.646327286558517,-2.646327286558517,2.2,2.0,2.0,4.0,3.8333333333333335,3.8333333333333335,0.6059933026924897,0.6102575768051449,0.6102575768051449,0.44000000000000006,0.45,0.45
Aleksandar Vukic,1640.9862595077395,1551.3571853688977,1396.7131442190466,1523.6784364508678,85.0,669.0,29.5,188.0,0,90,0.6,0.52,0.4,0.4222222222222222,70.68629334006187,169.6541605749037,55.31943463476114,240.98625950773953,11.0,10.05,8.38,1.8,2.2,1.92,0.7650127877237851,0.7758667387020253,0.7301204079090562,0.7097402597402598,0.604541847041847,0.5767683705183705
Jan Hernych,1717.5514736663392,1871.159005332224,1630.7303964975688,1799.7939803638887,324.0,146.0,45.9,190.0,0,246,0.4,0.52,0.38,0.38,2.546759826908101,34.02380100788059,-49.47005453744623,-103.79379552584396,3.8,4.65,3.8,2.2,2.75,2.46,0.49977421271538913,0.6180716919692445,0.6192197252729218,0.48648018648018637,0.5687028578146999,0.5693303723280504
Adrian Voinea,1796.2840436144477,1932.610341749438,1813.0878571101673,1863.0730753191883,138.0,276.0,50.9,185.0,0,270,0.2,0.24,0.34,0.43,-123.77835059889298,-187.62344704930024,-250.30630040290566,-86.61547069564699,4.8,5.0,5.78,5.8,3.5,3.48,0.7184981684981684,0.6156954820942051,0.6357068423547261,0.5829870129870129,0.44564754689754693,0.47868470418470416
Davide Sanguinetti,1702.7132312696174,1906.420561639658,1757.6029583688946,1840.3042149493917,253.0,148.0,53.0,188.0,0,344,0.0,0.32,0.32,0.41,-92.83199449819836,-100.13550336677758,-225.3038407636875,-105.7323967767802,3.8,5.85,4.98,3.2,2.5,2.2,0.6113028895768834,0.6742601288042113,0.675786838151722,0.4907142857142858,0.5725595238095238,0.5471734931734932
Coenie Van Wyk,1618.2940670654002,1618.2940670654002,1618.2940670654002,1618.2940670654002,2000.0,0.0,47.8,186.27336318231923,0,10,0.0,0.0,0.0,0.0,0.0,0.0,0.0,0.0,0.0,0.0,0.0,0.0,0.0,0.0,0.0,0.0,0.0,0.0,0.0,0.0
Thien Nguyen Hoang,1405.8700381915785,1405.8700381915785,1405.8700381915785,1405.8700381915785,1443.0,3.0,29.8,185.67156964873536,0,6,0.4,0.5,0.5,0.5,5.870038191578487,5.870038191578487,5.870038191578487,5.870038191578487,1.8,1.3333333333333333,1.3333333333333333,3.2,2.5,2.5,0.26786797502230153,0.2232233125185846,0.2232233125185846,0.2325,0.19375,0.19375
Filippo Volandri,1243.4060081709688,1410.3776544791913,1843.6855816077384,1665.9185225816707,226.0,239.0,43.8,183.0,0,452,0.0,0.08,0.22,0.3,-186.9281091170326,-199.81128712502095,-235.97925574176588,-259.7756984954342,0.8,0.85,0.62,1.2,2.1,1.72,0.635839155970735,0.5773249024404891,0.6053672055862928,0.571904761904762,0.48120043698991066,0.5280183718929848
Harshana Godamanna,1559.1501816775663,1481.593480523466,1422.1963230530173,1559.1501816775663,2000.0,0.0,39.3,185.67156964873536,1,18,0.8,0.7222222222222222,0.7222222222222222,0.7222222222222222,159.15018167756625,159.15018167756625,159.15018167756625,159.15018167756625,2.0,-0.16666666666666666,-0.16666666666666666,-0.8,-0.9444444444444444,-0.9444444444444444,0.15526315789473683,0.04312865497076023,0.04312865497076023,0.16,0.044444444444444446,0.044444444444444446
Patrick Kypson,1435.378838245947,1433.8011898765121,1383.5345065154497,1435.378838245947,133.0,472.0,25.4,188.0,0,8,0.6,0.375,0.375,0.375,35.37883824594701,35.37883824594701,35.37883824594701,35.37883824594701,7.6,7.625,7.625,1.6,1.625,1.625,0.8025585961320933,0.7231454932504149,0.7231454932504149,0.7066666666666667,0.6587412587412588,0.6587412587412588
Carlos Berlocq,1545.5617868175423,1481.3499946422837,1637.5789184258995,1358.9066239099018,177.0,299.0,42.1,183.0,0,329,0.2,0.24,0.36,0.43,-116.99152418422113,-193.92241176316656,-144.86620478650866,-289.52547600249477,3.0,2.7,2.84,1.2,2.6,2.56,0.6051495754458196,0.6318035003877343,0.6382852200104404,0.43333333333333324,0.4953880841380842,0.5386903102057901
Dragos Dima,1425.0,1425.0,1425.0,1425.0,327.0,84.0,32.7,180.0,0,1,1.0,1.0,1.0,1.0,25.0,25.0,25.0,25.0,1.0,1.0,1.0,1.0,1.0,1.0,0.72,0.72,0.72,0.6666666666666666,0.6666666666666666,0.6666666666666666
Tuomas Ketola,1715.4015680731106,1813.1945635841605,1805.6526438879446,1839.3478143576774,210.0,185.0,50.3,185.0,0,82,0.4,0.28,0.34375,0.34375,-108.261073256396,-120.14527751257992,-120.14527751257992,-120.14527751257992,3.4,3.6,3.34375,0.2,2.4,2.375,0.16842105263157894,0.39060277013179734,0.4237361531357158,0.1,0.31744047619047616,0.30126488095238096
Federico Luzzi,1780.2180582925307,1700.7610985034576,1806.0924867230494,1780.2180582925307,111.0,385.0,45.5,188.0,0,97,0.4,0.28,0.3829787234042553,0.3829787234042553,-63.29240764049064,-105.7510698417027,40.80629430536192,40.80629430536192,4.8,4.25,3.0425531914893615,4.6,4.15,3.4468085106382977,0.5225448028673835,0.6229594924893924,0.5943522273031774,0.3813736263736264,0.4686294261294261,0.47572170270938463
Ivan Gakhov,1431.7736852567177,1431.7736852567177,1431.7736852567177,1431.7736852567177,280.0,202.0,28.4,191.0,1,3,0.3333333333333333,0.3333333333333333,0.3333333333333333,0.3333333333333333,31.773685256717727,31.773685256717727,31.773685256717727,31.773685256717727,6.0,6.0,6.0,5.333333333333333,5.333333333333333,5.333333333333333,0.6919743339098178,0.6919743339098178,0.6919743339098178,0.5654761904761905,0.5654761904761905,0.5654761904761905
Julian Lenz,1397.1222070200376,1400.0,1400.0,1397.1222070200376,270.0,162.0,32.5,188.0,0,1,0.0,0.0,0.0,0.0,-2.8777929799623507,-2.8777929799623507,-2.8777929799623507,-2.8777929799623507,5.0,5.0,5.0,4.0,4.0,4.0,0.5882352941176471,0.5882352941176471,0.5882352941176471,0.42857142857142855,0.42857142857142855,0.42857142857142855
Luis Adrian Morejon,1759.403509657987,1779.5798377655367,1806.5164580632227,1779.5798377655367,342.0,85.0,52.2,178.0,0,59,0.2,0.4444444444444444,0.4444444444444444,0.4444444444444444,-20.176328107549807,-20.176328107549807,-20.176328107549807,-20.176328107549807,-0.8,-0.8888888888888888,-0.8888888888888888,-0.4,-0.6666666666666666,-0.6666666666666666,0.0967741935483871,0.053763440860215055,0.053763440860215055,0.08888888888888888,0.04938271604938271,0.04938271604938271
Attila Balazs,1545.6732999439675,1333.9920538941954,1651.594492147016,1400.0,2000.0,0.0,36.9,180.0,0,55,0.0,0.44,0.5,0.509090909090909,-123.76189490414913,-78.21362539777965,83.42216988639825,145.67329994396755,1.6,1.95,2.06,3.4,3.95,2.94,0.6010162601626016,0.596822559049093,0.5019439403759381,0.4174441786283891,0.5236566795777322,0.46469127655969766
Julien Benneteau,1751.3135656302336,1764.4245761383752,1502.7593013978942,1575.6214948611835,60.0,891.0,43.6,185.0,0,578,0.4,0.48,0.44,0.43,-30.08183508510365,55.576081179473704,33.01830154624599,-97.06621562985242,10.8,9.2,8.08,5.4,5.05,4.44,0.7199509756789596,0.7060244459810068,0.7305306469998538,0.566610644257703,0.5610024085391732,0.5328011465658524
Alexis Klegou,1404.5265052322877,1446.39872128431,1375.0609572832109,1404.5265052322877,1881.0,1.0,36.0,185.67156964873536,0,4,0.5,0.5,0.5,0.5,4.526505232287718,4.526505232287718,4.526505232287718,4.526505232287718,-1.0,-1.0,-1.0,-1.0,-1.0,-1.0,0.0,0.0,0.0,0.0,0.0,0.0
Mate Delic,1431.8594735646013,1391.2339267255975,1443.9549539924683,1431.8594735646013,499.0,72.0,31.9,196.0,0,14,0.0,0.21428571428571427,0.21428571428571427,0.21428571428571427,31.85947356460133,31.85947356460133,31.85947356460133,31.85947356460133,1.4,2.5714285714285716,2.5714285714285716,0.6,0.5714285714285714,0.5714285714285714,0.2913939393939394,0.48486546373370565,0.48486546373370565,0.13999999999999999,0.39430272108843534,0.39430272108843534
Oriol Roca Batalla,1428.1850641068083,1428.1850641068083,1428.1850641068083,1428.1850641068083,310.0,163.0,32.0,175.0,0,2,0.5,0.5,0.5,0.5,28.18506410680834,28.18506410680834,28.18506410680834,28.18506410680834,13.0,13.0,13.0,4.0,4.0,4.0,0.7452907452907453,0.7452907452907453,0.7452907452907453,0.9583333333333333,0.9583333333333333,0.9583333333333333
Christian Garay,1407.4585801447822,1407.4585801447822,1407.4585801447822,1407.4585801447822,2000.0,0.0,29.3,186.27336318231923,0,4,0.5,0.5,0.5,0.5,7.458580144782218,7.458580144782218,7.458580144782218,7.458580144782218,-1.0,-1.0,-1.0,-1.0,-1.0,-1.0,0.0,0.0,0.0,0.0,0.0,0.0
Julien Mathieu,1566.017592260695,1566.017592260695,1566.017592260695,1566.017592260695,981.0,8.0,43.5,185.67156964873536,0,10,0.0,0.0,0.0,0.0,0.0,0.0,0.0,0.0,0.0,0.0,0.0,0.0,0.0,0.0,0.0,0.0,0.0,0.0,0.0,0.0
Peter Nagy,1422.3561241238192,1400.0,1441.7914829886297,1422.3561241238192,2000.0,0.0,32.8,180.0,0,6,0.6,0.5,0.5,0.5,22.3561241238192,22.3561241238192,22.3561241238192,22.3561241238192,0.2,0.0,0.0,1.8,1.3333333333333333,1.3333333333333333,0.32069634590761353,0.26724695492301126,0.26724695492301126,0.26666666666666666,0.2222222222222222,0.2222222222222222
Benedict Badza,1400.0,1400.0,1400.0,1400.0,2000.0,0.0,19.6,186.27336318231923,0,0,0.0,0.0,0.0,0.0,0.0,0.0,0.0,0.0,0.0,0.0,0.0,0.0,0.0,0.0,0.0,0.0,0.0,0.0,0.0,0.0
Enrique Olivares,1400.0,1400.0,1400.0,1400.0,1103.0,5.0,38.0,186.27336318231923,0,0,0.0,0.0,0.0,0.0,0.0,0.0,0.0,0.0,0.0,0.0,0.0,0.0,0.0,0.0,0.0,0.0,0.0,0.0,0.0,0.0
Filip Peliwo,1450.6388700343086,1433.0152365235137,1430.3237492924127,1450.6388700343086,526.0,64.0,31.5,180.0,0,7,0.2,0.2857142857142857,0.2857142857142857,0.2857142857142857,50.63887003430864,50.63887003430864,50.63887003430864,50.63887003430864,2.2,3.0,3.0,2.6,3.7142857142857144,3.7142857142857144,0.4384615384615384,0.5025127851214808,0.5025127851214808,0.3628571428571429,0.4278344671201814,0.4278344671201814
Nicolas Alvarez Varona,1416.196901542084,1430.17753566359,1400.0,1416.196901542084,231.0,230.0,24.3,188.0,0,2,0.5,0.5,0.5,0.5,16.196901542084106,16.196901542084106,16.196901542084106,16.196901542084106,6.5,6.5,6.5,8.0,8.0,8.0,0.7380487804878049,0.7380487804878049,0.7380487804878049,0.6022727272727273,0.6022727272727273,0.6022727272727273
Roberto Bautista Agut,1819.9798639620062,1587.6304903765358,1444.1871589652453,1582.5641943903836,47.0,1151.0,37.5,183.0,0,692,0.8,0.64,0.54,0.51,85.69743234117959,93.58220548767531,76.2553778652125,-136.10570498896254,2.2,3.2,3.0,2.0,2.65,1.88,0.7303756536956503,0.7013222387121365,0.6870525840151022,0.5333333333333331,0.6052380952380952,0.5437456140350877
Rok Jarc,1447.8466753988894,1400.0,1422.8466753988894,1447.8466753988894,547.0,41.0,39.7,185.67156964873536,0,2,1.0,1.0,1.0,1.0,47.846675398889374,47.846675398889374,47.846675398889374,47.846675398889374,-1.0,-1.0,-1.0,-1.0,-1.0,-1.0,0.0,0.0,0.0,0.0,0.0,0.0
Taso Vasiliadis,1715.2149845030797,1715.2149845030797,1715.2149845030797,1715.2149845030797,718.0,16.0,51.1,185.67156964873536,0,50,0.0,0.0,0.0,0.0,0.0,0.0,0.0,0.0,0.0,0.0,0.0,0.0,0.0,0.0,0.0,0.0,0.0,0.0,0.0,0.0
Henri Kontinen,1510.6776914373202,1386.3561539846,1422.3492734424974,1400.0,281.0,167.0,35.2,191.0,0,12,0.4,0.5,0.5,0.5,110.67769143732016,110.67769143732016,110.67769143732016,110.67769143732016,3.4,0.8333333333333334,0.8333333333333334,2.0,0.25,0.25,0.406077694235589,0.16919903926482874,0.16919903926482874,0.32,0.13333333333333333,0.13333333333333333
Mathieu Montcourt,1512.2872899531767,1394.4824935411564,1523.0091774739021,1512.2872899531767,123.0,636.0,40.2,183.0,0,13,0.2,0.3076923076923077,0.3076923076923077,0.3076923076923077,110.80117098479786,110.80117098479786,110.80117098479786,110.80117098479786,0.4,1.7692307692307692,1.7692307692307692,3.2,3.769230769230769,3.769230769230769,0.5257297438806231,0.6006270155817399,0.6006270155817399,0.32166666666666666,0.40149572649572646,0.40149572649572646
Marius Copil,1578.7720547449528,1685.4691408746307,1316.3999888853725,1395.0486481283813,283.0,198.0,34.2,191.0,0,157,0.2,0.32,0.36,0.39,-4.845159458236367,-136.2084104893438,-30.329001235902297,-134.280462591149,4.6,11.35,10.88,3.0,3.8,2.92,0.5814560893977108,0.7328796227127095,0.7113622833767586,0.38285714285714284,0.547052947052947,0.5136794039294039
Jared Donaldson,1667.396304125655,1665.8802693197442,1379.7890899465895,1423.8786698024437,192.0,270.0,28.3,188.0,0,112,0.4,0.4,0.4,0.44,-66.52105022721935,-11.455669609657889,-139.40361200713414,219.11503334579902,5.6,5.65,5.84,8.8,5.5,4.54,0.6938140806561859,0.7068713956389818,0.736076578360904,0.5166666666666666,0.510534188034188,0.5117312570470465
Tripp Phillips,1400.0,1400.0,1400.0,1400.0,413.0,68.0,47.5,185.0,0,0,0.0,0.0,0.0,0.0,0.0,0.0,0.0,0.0,0.0,0.0,0.0,0.0,0.0,0.0,0.0,0.0,0.0,0.0,0.0,0.0
Serge Dakessian,1400.0,1400.0,1400.0,1400.0,2000.0,0.0,45.4,185.67156964873536,0,0,0.0,0.0,0.0,0.0,0.0,0.0,0.0,0.0,0.0,0.0,0.0,0.0,0.0,0.0,0.0,0.0,0.0,0.0,0.0,0.0
Paul Goldstein,1746.7259202000735,1842.2612240815622,1863.6102957473784,1892.5331870401424,97.0,424.0,49.0,178.0,0,314,0.4,0.4,0.42,0.45,-41.54001990318079,-99.33341363631234,-132.07632067317968,-75.63957764293946,2.4,2.1,2.02,4.8,3.25,2.74,0.6750774892635357,0.6265070509080856,0.6468287041420763,0.6777777777777778,0.5624819624819624,0.5707291042291043
Alex De Minaur,2015.8209868708593,1818.428224456997,1470.501371824596,1535.8224330308929,9.0,3745.0,26.7,183.0,0,409,0.0,0.6,0.66,0.68,-104.62308876376778,-37.6164179310756,-9.032291426312895,100.87134641817715,5.4,5.25,4.12,2.8,3.55,2.92,0.7289670100014927,0.7043356496512596,0.6958257473291415,0.530952380952381,0.4950915750915751,0.52549333999334
Romain Bogaerts,1400.0,1400.0,1400.0,1400.0,1149.0,6.0,31.6,185.67156964873536,0,0,0.0,0.0,0.0,0.0,0.0,0.0,0.0,0.0,0.0,0.0,0.0,0.0,0.0,0.0,0.0,0.0,0.0,0.0,0.0,0.0
Lorenzo Manta,1790.9059392540864,1821.7381458474158,1842.0630867182115,1854.9818620875965,233.0,152.0,50.8,190.0,0,66,0.6,0.3125,0.3125,0.3125,-90.88470863983002,-90.88470863983002,-90.88470863983002,-90.88470863983002,10.0,7.375,7.375,3.4,5.0625,5.0625,0.6587015503875969,0.6946842872656193,0.6946842872656193,0.5217893217893218,0.5128187784437784,0.5128187784437784
Samir Saadeldin,1404.1136143758358,1404.1136143758358,1404.1136143758358,1404.1136143758358,2000.0,0.0,48.3,185.67156964873536,0,2,0.5,0.5,0.5,0.5,4.113614375835823,4.113614375835823,4.113614375835823,4.113614375835823,-1.0,-1.0,-1.0,-1.0,-1.0,-1.0,0.0,0.0,0.0,0.0,0.0,0.0
Alexey Vatutin,1410.270932744701,1408.868546211976,1454.2418761151052,1410.270932744701,336.0,148.0,32.9,178.0,0,8,0.0,0.25,0.25,0.25,-28.49307245852151,-28.49307245852151,-28.49307245852151,-28.49307245852151,0.8,1.0,1.0,3.8,3.625,3.625,0.5257040360173604,0.5836403043718464,0.5836403043718464,0.3424242424242424,0.41245265151515154,0.41245265151515154
Alexander Blom,1367.6144236307434,1378.8250878022511,1397.247639846786,1367.6144236307434,2000.0,0.0,37.8,186.27336318231923,0,15,0.4,0.3333333333333333,0.3333333333333333,0.3333333333333333,-32.38557636925657,-32.38557636925657,-32.38557636925657,-32.38557636925657,-1.0,-1.0,-1.0,-1.0,-1.0,-1.0,0.0,0.0,0.0,0.0,0.0,0.0
Miloslav Mecir Jr,1423.639216101791,1436.6067259774495,1400.0,1423.639216101791,187.0,276.0,37.7,190.0,0,3,0.3333333333333333,0.3333333333333333,0.3333333333333333,0.3333333333333333,23.639216101790907,23.639216101790907,23.639216101790907,23.639216101790907,6.333333333333333,6.333333333333333,6.333333333333333,1.0,1.0,1.0,0.7379810579810581,0.7379810579810581,0.7379810579810581,0.494949494949495,0.494949494949495,0.494949494949495
Hassan Al Mousa,1400.0,1400.0,1400.0,1400.0,2000.0,0.0,35.3,185.67156964873536,0,0,0.0,0.0,0.0,0.0,0.0,0.0,0.0,0.0,0.0,0.0,0.0,0.0,0.0,0.0,0.0,0.0,0.0,0.0,0.0,0.0
Thiago Alves,1544.102907145044,1529.4832664376038,1575.5492438344768,1593.7105588083546,141.0,390.0,42.6,178.0,0,42,0.0,0.16,0.21875,0.21875,-59.39084936051631,-37.57449576601857,-37.57449576601857,-37.57449576601857,3.0,2.8,2.40625,2.8,2.35,2.28125,0.5792340992340992,0.5559024750576732,0.5492707738142474,0.5066666666666666,0.47175303454715223,0.4126283846872082
Jenson Brooksby,1785.9669837383308,1785.9316991973565,1373.985553443486,1447.883744387841,39.0,1010.0,24.2,188.0,0,78,0.8,0.56,0.54,0.5897435897435898,-14.718194752795398,-79.78363520453127,-58.73623583756057,385.9669837383308,3.4,3.35,2.78,1.2,1.5,1.36,0.6974844097845856,0.6257948348262108,0.6448656600049573,0.5466666666666666,0.5953619174942705,0.5481469314998727
Mikhail Ledovskikh,1455.141209888794,1440.6225577922423,1400.0,1417.205987662927,417.0,100.0,38.7,188.0,0,16,0.0,0.25,0.25,0.25,55.14120988879404,55.14120988879404,55.14120988879404,55.14120988879404,5.2,8.375,8.375,3.8,3.75,3.75,0.6629138814370353,0.7227320838565197,0.7227320838565197,0.49714285714285716,0.45571338383838383,0.45571338383838383
Zbynek Mlynarik,1665.4733876042592,1665.4733876042592,1665.4733876042592,1665.4733876042592,418.0,57.0,48.4,175.0,0,10,0.0,0.0,0.0,0.0,0.0,0.0,0.0,0.0,0.0,0.0,0.0,0.0,0.0,0.0,0.0,0.0,0.0,0.0,0.0,0.0
Antoine Bellier,1479.2020557807587,1413.7792776638853,1391.952638706874,1503.60096119446,190.0,313.0,28.3,196.0,1,12,0.6,0.4166666666666667,0.4166666666666667,0.4166666666666667,79.20205578075866,79.20205578075866,79.20205578075866,79.20205578075866,8.4,5.666666666666667,5.666666666666667,4.8,4.25,4.25,0.773045288045288,0.72779668176529,0.72779668176529,0.6559523809523811,0.5253968253968254,0.5253968253968254
Grzegorz Panfil,1406.4547726609574,1400.0,1393.248460389706,1406.4547726609574,380.0,102.0,37.0,183.0,1,4,0.25,0.25,0.25,0.25,6.45477266095736,6.45477266095736,6.45477266095736,6.45477266095736,0.25,0.25,0.25,-0.75,-0.75,-0.75,0.13392857142857142,0.13392857142857142,0.13392857142857142,0.0,0.0,0.0
Andreas Haider Maurer,1576.0938516008919,1510.8311904155655,1521.8249491507452,1358.9479710849575,412.0,96.0,38.1,190.0,0,123,0.0,0.2,0.32,0.35,-132.93622230742085,-169.30980173670764,-129.3783273601373,-126.93066582073288,3.4,5.45,5.18,2.8,4.8,4.34,0.6491772013949434,0.6587678391603958,0.6460097639979314,0.4477777777777777,0.5306088723368135,0.5458981779314596
Skander Mansouri,1365.2703944580298,1367.827408045088,1374.9507669275467,1365.2703944580298,681.0,41.0,30.1,193.0,0,3,0.0,0.0,0.0,0.0,-34.72960554197016,-34.72960554197016,-34.72960554197016,-34.72960554197016,0.6666666666666666,0.6666666666666666,0.6666666666666666,1.0,1.0,1.0,0.2196969696969697,0.2196969696969697,0.2196969696969697,0.1818181818181818,0.1818181818181818,0.1818181818181818
Hyun Joon Suk,1400.0,1400.0,1376.5202076759508,1400.0,1100.0,5.0,39.7,185.67156964873536,0,0,0.0,0.0,0.0,0.0,0.0,0.0,0.0,0.0,0.0,0.0,0.0,0.0,0.0,0.0,0.0,0.0,0.0,0.0,0.0,0.0
Sebastian Fitz,1598.5746533226998,1598.5746533226998,1598.5746533226998,1598.5746533226998,326.0,98.0,45.8,185.67156964873536,0,10,0.0,0.0,0.0,0.0,0.0,0.0,0.0,0.0,0.0,0.0,0.0,0.0,0.0,0.0,0.0,0.0,0.0,0.0,0.0,0.0
Mikhail Kukushkin,1512.4546835681454,1531.6186559858625,1365.062854193184,1458.219033439402,111.0,524.0,37.8,183.0,0,412,0.4,0.28,0.28,0.37,-23.070259496269273,-156.4243454344387,-182.91212315852704,-239.89669465286943,2.0,1.75,2.48,1.2,0.75,1.32,0.6199912385958898,0.5698900477327823,0.5808000393480616,0.44190476190476186,0.526780303030303,0.5028830156771333
Mauricio Hadad,1484.9961378866117,1484.9961378866117,1484.9961378866117,1484.9961378866117,255.0,138.0,53.3,170.0,0,4,0.5,0.5,0.5,0.5,84.99613788661168,84.99613788661168,84.99613788661168,84.99613788661168,1.25,1.25,1.25,2.75,2.75,2.75,0.61630291005291,0.61630291005291,0.61630291005291,0.6113636363636363,0.6113636363636363,0.6113636363636363
Altug Celikbilek,1509.4962400407223,1520.5415075237743,1402.6257517173528,1427.492613444915,371.0,131.0,28.3,183.0,0,20,0.6,0.55,0.55,0.55,135.38216284462578,109.49624004072234,109.49624004072234,109.49624004072234,7.0,5.25,5.25,1.6,3.1,3.1,0.6236134934248142,0.6186609963517509,0.6186609963517509,0.5466666666666666,0.4985790598290598,0.4985790598290598
Javier Barranco Cosano,1400.0,1400.0,1400.0,1400.0,254.0,233.0,26.5,180.0,1,0,0.0,0.0,0.0,0.0,0.0,0.0,0.0,0.0,0.0,0.0,0.0,0.0,0.0,0.0,0.0,0.0,0.0,0.0,0.0,0.0
Kimmer Coppejans,1412.6758839273068,1398.4631852863,1442.3150678556642,1401.4319304972867,186.0,326.0,31.6,178.0,0,20,0.2,0.2,0.2,0.2,11.243953430020156,6.202042244033009,6.202042244033009,6.202042244033009,8.0,3.9,3.9,1.6,1.9,1.9,0.706354121979122,0.6233547584006978,0.6233547584006978,0.4781468531468532,0.4265231745378804,0.4265231745378804
Marco Crugnola,1396.6731305812139,1397.7317536120527,1400.0,1396.6731305812139,237.0,200.0,41.6,188.0,0,2,0.0,0.0,0.0,0.0,-3.3268694187861456,-3.3268694187861456,-3.3268694187861456,-3.3268694187861456,0.5,0.5,0.5,5.0,5.0,5.0,0.5597290640394088,0.5597290640394088,0.5597290640394088,0.4857142857142857,0.4857142857142857,0.4857142857142857
Philip Bester,1367.9286716282172,1389.758858768035,1381.1740047762257,1367.9286716282172,274.0,187.0,36.3,188.0,0,10,0.2,0.2,0.2,0.2,-32.07132837178278,-32.07132837178278,-32.07132837178278,-32.07132837178278,2.0,1.1,1.1,0.6,0.5,0.5,0.40736325385694255,0.3193066269284713,0.3193066269284713,0.19111111111111112,0.20269841269841268,0.20269841269841268
Christopher Lawson,1389.6817763538936,1400.0,1400.0,1389.6817763538936,2000.0,0.0,36.0,185.67156964873536,0,1,0.0,0.0,0.0,0.0,-10.31822364610639,-10.31822364610639,-10.31822364610639,-10.31822364610639,-1.0,-1.0,-1.0,-1.0,-1.0,-1.0,0.0,0.0,0.0,0.0,0.0,0.0
Ariez Elyaas Deen Heshaam,1325.6594104441851,1325.6594104441851,1325.6594104441851,1325.6594104441851,1557.0,1.0,31.7,185.67156964873536,0,3,0.0,0.0,0.0,0.0,-74.34058955581486,-74.34058955581486,-74.34058955581486,-74.34058955581486,-1.0,-1.0,-1.0,-1.0,-1.0,-1.0,0.0,0.0,0.0,0.0,0.0,0.0
Pavel Chekhov,1400.0,1400.0,1400.0,1400.0,334.0,101.0,37.2,185.67156964873536,0,0,0.0,0.0,0.0,0.0,0.0,0.0,0.0,0.0,0.0,0.0,0.0,0.0,0.0,0.0,0.0,0.0,0.0,0.0,0.0,0.0
Faris Zakaryia,1400.0,1400.0,1400.0,1400.0,923.0,18.0,24.3,185.0,0,0,0.0,0.0,0.0,0.0,0.0,0.0,0.0,0.0,0.0,0.0,0.0,0.0,0.0,0.0,0.0,0.0,0.0,0.0,0.0,0.0
Alvaro Lopez San Martin,1400.0,1400.0,1400.0,1400.0,298.0,170.0,27.9,178.0,0,0,0.0,0.0,0.0,0.0,0.0,0.0,0.0,0.0,0.0,0.0,0.0,0.0,0.0,0.0,0.0,0.0,0.0,0.0,0.0,0.0
Adelo Abadia,1370.3583034972823,1400.0,1381.1802954707966,1370.3583034972823,2000.0,0.0,47.8,186.27336318231923,0,4,0.25,0.25,0.25,0.25,-29.64169650271765,-29.64169650271765,-29.64169650271765,-29.64169650271765,-1.0,-1.0,-1.0,-1.0,-1.0,-1.0,0.0,0.0,0.0,0.0,0.0,0.0
Liam Caruana,1394.6147750441596,1394.6147750441596,1394.6147750441596,1394.6147750441596,622.0,45.0,27.7,178.0,0,1,0.0,0.0,0.0,0.0,-5.3852249558403855,-5.3852249558403855,-5.3852249558403855,-5.3852249558403855,7.0,7.0,7.0,1.0,1.0,1.0,0.775,0.775,0.775,0.5,0.5,0.5
Selvam Veerasingam,1420.8856692384768,1450.0070484994947,1420.8856692384768,1420.8856692384768,2000.0,0.0,55.3,185.67156964873536,0,7,0.4,0.5714285714285714,0.5714285714285714,0.5714285714285714,20.885669238476794,20.885669238476794,20.885669238476794,20.885669238476794,-1.0,-1.0,-1.0,-1.0,-1.0,-1.0,0.0,0.0,0.0,0.0,0.0,0.0
Bastian Knittel,1426.8635679417275,1426.8635679417275,1385.111015100822,1400.0,210.0,225.0,41.8,180.0,1,4,0.25,0.25,0.25,0.25,26.863567941727524,26.863567941727524,26.863567941727524,26.863567941727524,2.75,2.75,2.75,7.75,7.75,7.75,0.6892045454545455,0.6892045454545455,0.6892045454545455,0.6566017316017316,0.6566017316017316,0.6566017316017316
Nathan Healey,1660.7461695776083,1671.1610542074377,1646.0988663610583,1646.0988663610583,173.0,245.0,45.4,180.0,0,28,0.4,0.3333333333333333,0.3333333333333333,0.3333333333333333,14.647303216549972,14.647303216549972,14.647303216549972,14.647303216549972,6.4,8.555555555555555,8.555555555555555,6.8,6.0,6.0,0.7478152479560489,0.7409857424097361,0.7409857424097361,0.5733333333333334,0.5540564373897707,0.5540564373897707
Lorenzo Musetti,1949.9657882039817,1422.821503112242,1759.3569385440385,1455.7280295003832,17.0,2600.0,23.7,185.0,0,244,0.6,0.64,0.66,0.57,9.052062831550984,115.0545246749225,164.80723082436975,104.94803435184599,2.0,3.9,3.76,0.8,2.3,1.76,0.5219584171696848,0.6114545027378656,0.6743715168912578,0.28242424242424247,0.44878690753690753,0.4911451048951049
Mikael Torpegaard,1468.2635487987795,1448.9171036375565,1400.0,1400.0,305.0,157.0,30.8,193.0,0,11,0.4,0.45454545454545453,0.45454545454545453,0.45454545454545453,68.26354879877954,68.26354879877954,68.26354879877954,68.26354879877954,2.2,2.909090909090909,2.909090909090909,2.4,2.3636363636363638,2.3636363636363638,0.5454491174460214,0.38566796618603943,0.38566796618603943,0.3719480519480519,0.24715587442860168,0.24715587442860168
Illia Biloborodko,1377.8685461958112,1400.0,1400.0,1377.8685461958112,747.0,25.0,24.3,183.0,0,1,0.0,0.0,0.0,0.0,-22.131453804188823,-22.131453804188823,-22.131453804188823,-22.131453804188823,1.0,1.0,1.0,3.0,3.0,3.0,0.5625,0.5625,0.5625,0.16666666666666666,0.16666666666666666,0.16666666666666666
Manas Dhamne,1400.0,1400.0,1400.0,1400.0,2000.0,0.0,17.0,188.0,0,0,0.0,0.0,0.0,0.0,0.0,0.0,0.0,0.0,0.0,0.0,0.0,0.0,0.0,0.0,0.0,0.0,0.0,0.0,0.0,0.0
Andrey Kumantsov,1393.2955766894315,1393.2955766894315,1393.2955766894315,1393.2955766894315,347.0,123.0,39.1,185.67156964873536,0,1,0.0,0.0,0.0,0.0,-6.7044233105684725,-6.7044233105684725,-6.7044233105684725,-6.7044233105684725,2.0,2.0,2.0,2.0,2.0,2.0,0.5555555555555556,0.5555555555555556,0.5555555555555556,0.375,0.375,0.375
Richard Krajicek,2022.287520721434,2085.6247658742145,2184.000903322252,2195.6315204447033,72.0,600.0,53.5,196.0,0,575,0.6,0.52,0.58,0.6,-92.87762534896251,-160.4152444515596,-117.1466623949616,-177.71247927856598,7.2,13.1,13.82,4.6,5.05,4.82,0.7096742619998434,0.8013760012746163,0.7996742741472991,0.5923809523809525,0.6776623376623376,0.6263968253968254
Luca Van Assche,1553.273981500229,1506.7741068555652,1499.5692419256677,1386.3862928636734,128.0,471.0,21.5,178.0,0,60,0.4,0.36,0.38,0.36666666666666664,-51.05985480967479,41.58269123307127,90.02617225346512,153.27398150022896,6.2,3.35,4.24,2.2,3.15,3.08,0.704328099660917,0.681596918337492,0.6871089894762109,0.48571428571428565,0.5688474025974026,0.573298407474878
Dac Tien Nguyen,1400.0,1400.0,1400.0,1400.0,2000.0,0.0,26.5,185.67156964873536,0,0,0.0,0.0,0.0,0.0,0.0,0.0,0.0,0.0,0.0,0.0,0.0,0.0,0.0,0.0,0.0,0.0,0.0,0.0,0.0,0.0
Manuel Tejada,1368.5719958410998,1368.5719958410998,1368.5719958410998,1368.5719958410998,2000.0,0.0,54.3,185.67156964873536,0,2,0.0,0.0,0.0,0.0,-31.428004158900194,-31.428004158900194,-31.428004158900194,-31.428004158900194,-1.0,-1.0,-1.0,-1.0,-1.0,-1.0,0.0,0.0,0.0,0.0,0.0,0.0
Trent Bryde,1400.0,1400.0,1400.0,1400.0,1164.0,7.0,25.9,183.0,0,0,0.0,0.0,0.0,0.0,0.0,0.0,0.0,0.0,0.0,0.0,0.0,0.0,0.0,0.0,0.0,0.0,0.0,0.0,0.0,0.0
Ognian Kolev,1464.7449006565666,1464.7449006565666,1464.7449006565666,1464.7449006565666,2000.0,0.0,45.8,186.27336318231923,1,13,0.0,0.0,0.0,0.0,-101.27269160412834,-101.27269160412834,-101.27269160412834,-101.27269160412834,-1.0,-1.0,-1.0,-1.0,-1.0,-1.0,0.0,0.0,0.0,0.0,0.0,0.0
Syrym Abdukhalikov,1412.2780865922089,1427.1403053975334,1400.0,1412.2780865922089,932.0,11.0,38.1,186.27336318231923,0,5,0.4,0.4,0.4,0.4,12.278086592208865,12.278086592208865,12.278086592208865,12.278086592208865,-1.0,-1.0,-1.0,-1.0,-1.0,-1.0,0.0,0.0,0.0,0.0,0.0,0.0
Blake Mott,1397.2350284608192,1397.2350284608192,1397.2350284608192,1397.2350284608192,481.0,74.0,28.7,180.0,0,1,0.0,0.0,0.0,0.0,-2.764971539180806,-2.764971539180806,-2.764971539180806,-2.764971539180806,7.0,7.0,7.0,3.0,3.0,3.0,0.6326530612244898,0.6326530612244898,0.6326530612244898,0.375,0.375,0.375
Sebastien De Chaunac,1758.4680800712756,1785.3896677725177,1821.5432256351994,1758.4680800712756,144.0,424.0,47.9,183.0,0,82,0.4,0.36,0.34375,0.34375,-39.64756045426043,-52.532362850265145,-52.532362850265145,-52.532362850265145,7.2,6.1,5.625,4.4,3.3,3.75,0.7632355748303471,0.6835436244869684,0.6657790737455972,0.5089743589743589,0.5385386835386836,0.5137798970035812
Denis Golovanov,1626.111093519251,1645.913402494053,1626.111093519251,1645.913402494053,729.0,16.0,46.5,188.0,1,14,0.0,0.0,0.0,0.0,-19.802308974801917,-19.802308974801917,-19.802308974801917,-19.802308974801917,3.5,3.5,3.5,4.0,4.0,4.0,0.6451735801367826,0.6451735801367826,0.6451735801367826,0.5131951381951382,0.5131951381951382,0.5131951381951382
Y Wang,1400.0,1400.0,1400.0,1400.0,2000.0,0.0,51.289787853299686,186.27336318231923,0,0,0.0,0.0,0.0,0.0,0.0,0.0,0.0,0.0,0.0,0.0,0.0,0.0,0.0,0.0,0.0,0.0,0.0,0.0,0.0,0.0
Petros Baghdatis,1373.611783054037,1373.611783054037,1373.611783054037,1373.611783054037,2000.0,0.0,46.4,185.67156964873536,0,1,0.0,0.0,0.0,0.0,-26.388216945962995,-26.388216945962995,-26.388216945962995,-26.388216945962995,-1.0,-1.0,-1.0,-1.0,-1.0,-1.0,0.0,0.0,0.0,0.0,0.0,0.0
Prakash Amritraj,1618.1035956379872,1411.8084976882717,1400.0,1668.6407135082165,308.0,142.0,41.7,188.0,0,51,0.4,0.44,0.38,0.37254901960784315,99.5783026958336,186.88347717290594,222.9414203930487,218.10359563798715,7.0,4.2,2.5,2.2,1.7,1.16,0.7107275562578099,0.5918000535449865,0.4521807767109848,0.6761344537815127,0.4526447245564892,0.36632484508955093
Alex Calatrava,1666.1944951268617,1779.3735957727201,1777.1951284939173,1785.5776489639043,188.0,214.0,52.1,190.0,0,183,0.2,0.2,0.28,0.33,-128.72693811520867,-151.87536870925214,-252.21336470679148,-383.8585576693806,4.8,5.6,4.62,1.2,1.75,1.64,0.7116017791732079,0.6930716871833206,0.6376270505337004,0.48878787878787866,0.5158893883893884,0.4859419469419469
Bjorn Phau,1613.3483019877015,1802.1091592304924,1762.583014264683,1577.2516591158023,223.0,219.0,45.3,175.0,0,261,0.6,0.36,0.36,0.38,9.80457446760397,30.332893375111098,10.584785267619282,-48.03381274493495,2.8,3.75,3.54,3.2,3.45,3.66,0.7035997699827486,0.6866303796435221,0.6643298050000213,0.5507142857142856,0.48580357142857145,0.5050142912642912
Omar Hedayet,1423.1496213054709,1423.1496213054709,1423.1496213054709,1423.1496213054709,1284.0,6.0,39.7,186.27336318231923,0,1,1.0,1.0,1.0,1.0,23.149621305470873,23.149621305470873,23.149621305470873,23.149621305470873,-1.0,-1.0,-1.0,-1.0,-1.0,-1.0,0.0,0.0,0.0,0.0,0.0,0.0
Richard Gasquet,1538.7855177151287,1464.764035293455,1402.510064068475,1504.104651292726,133.0,445.0,39.3,183.0,0,1020,0.0,0.2,0.26,0.43,-105.74550757322095,-225.30126391299768,-317.34599349972655,-227.03825682527508,4.2,4.25,4.38,3.0,2.5,2.76,0.6950648424906645,0.6875671918763595,0.6844008419190459,0.5214285714285714,0.46811598124098125,0.5199370351870352
Mikhail Filima,1449.612257620719,1406.0208429544882,1449.612257620719,1449.612257620719,645.0,28.0,42.8,186.27336318231923,0,3,0.6666666666666666,0.6666666666666666,0.6666666666666666,0.6666666666666666,49.61225762071899,49.61225762071899,49.61225762071899,49.61225762071899,-1.0,-1.0,-1.0,-1.0,-1.0,-1.0,0.0,0.0,0.0,0.0,0.0,0.0
Benito Jose Suriano,1373.4662166887006,1400.0,1400.0,1373.4662166887006,2000.0,0.0,35.0,186.27336318231923,0,1,0.0,0.0,0.0,0.0,-26.53378331129943,-26.53378331129943,-26.53378331129943,-26.53378331129943,-1.0,-1.0,-1.0,-1.0,-1.0,-1.0,0.0,0.0,0.0,0.0,0.0,0.0
Jesse Flores,1354.251104343633,1354.251104343633,1354.251104343633,1354.251104343633,900.0,18.0,29.8,188.0,0,2,0.0,0.0,0.0,0.0,-45.74889565636704,-45.74889565636704,-45.74889565636704,-45.74889565636704,-1.0,-1.0,-1.0,-1.0,-1.0,-1.0,0.0,0.0,0.0,0.0,0.0,0.0
Peter Handoyo,1513.64414285079,1451.1796732759053,1513.64414285079,1513.64414285079,539.0,34.0,45.6,185.67156964873536,0,6,0.6,0.6666666666666666,0.6666666666666666,0.6666666666666666,113.6441428507901,113.6441428507901,113.6441428507901,113.6441428507901,-1.0,-1.0,-1.0,-1.0,-1.0,-1.0,0.0,0.0,0.0,0.0,0.0,0.0
Santiago Gonzalez,1559.066579618725,1467.3728050492246,1496.9266083854127,1400.0,2000.0,0.0,42.0,191.0,0,21,0.2,0.42857142857142855,0.42857142857142855,0.42857142857142855,141.55418599235236,159.06657961872497,159.06657961872497,159.06657961872497,4.0,0.75,0.6666666666666666,2.2,0.85,0.7619047619047619,0.6254385964912281,0.28409134395127605,0.270563184715501,0.3290909090909091,0.1849512987012987,0.17614409400123685
Rainer Eitzinger,1525.1309432826063,1438.2940318817184,1495.8123905855634,1525.1309432826063,263.0,140.0,41.8,178.0,0,9,0.4,0.4444444444444444,0.4444444444444444,0.4444444444444444,125.13094328260627,125.13094328260627,125.13094328260627,125.13094328260627,1.0,1.2222222222222223,1.2222222222222223,2.0,2.5555555555555554,2.5555555555555554,0.5226771668954796,0.5926509583380999,0.5926509583380999,0.4606349206349206,0.5338624338624338,0.5338624338624338
Nenad Zimonjic,1640.4403242088551,1608.4841158574668,1753.5595080052508,1750.6376767888662,2000.0,0.0,48.8,190.0,0,73,0.0,0.21739130434782608,0.21739130434782608,0.21739130434782608,-72.9661082447451,-111.73155908309354,-111.73155908309354,-111.73155908309354,3.2,6.1,5.565217391304348,0.6,2.6,2.652173913043478,0.2935897435897436,0.5070226746429637,0.4966585130674601,0.2533333333333333,0.3790277777777778,0.3768301746562616
Jiri Lehecka,1844.8416148418426,1671.6590044472941,1434.3063238198195,1405.903535239086,31.0,1560.0,23.9,185.0,0,143,0.4,0.6,0.6,0.59,-44.296845127428014,82.11055001909767,110.12614449157877,116.26846130854165,7.2,10.0,8.12,2.2,3.05,2.56,0.7478803744736082,0.7643651616203531,0.7618275618927147,0.38095238095238093,0.6097916666666666,0.6248502886002886
Kristian Pless,1650.6300940133533,1718.384666210956,1650.663419109795,1663.8019849279215,2000.0,0.0,43.9,188.0,0,182,0.0,0.24,0.26,0.32,-136.75983732845089,-127.33897296756732,-218.40405215278724,-331.2275707198171,6.4,5.8,6.64,8.4,3.95,3.8,0.719282538596834,0.7193645981603745,0.700602008904893,0.5050581771170006,0.552166420181126,0.536580606957542
Chris Brandi,1374.3822607269706,1374.3822607269706,1374.3822607269706,1374.3822607269706,2000.0,0.0,42.6,186.27336318231923,0,1,0.0,0.0,0.0,0.0,-25.61773927302943,-25.61773927302943,-25.61773927302943,-25.61773927302943,-1.0,-1.0,-1.0,-1.0,-1.0,-1.0,0.0,0.0,0.0,0.0,0.0,0.0
Dino Marcan,1396.423546125522,1396.423546125522,1396.423546125522,1396.423546125522,377.0,107.0,33.9,178.0,0,1,0.0,0.0,0.0,0.0,-3.57645387447792,-3.57645387447792,-3.57645387447792,-3.57645387447792,0.0,0.0,0.0,1.0,1.0,1.0,0.41935483870967744,0.41935483870967744,0.41935483870967744,0.2,0.2,0.2
Yanaki Milev,1395.3221765463722,1400.0,1387.69169874495,1395.3221765463722,445.0,97.0,21.4,180.0,0,3,0.3333333333333333,0.3333333333333333,0.3333333333333333,0.3333333333333333,-4.677823453627752,-4.677823453627752,-4.677823453627752,-4.677823453627752,1.3333333333333333,1.3333333333333333,1.3333333333333333,2.0,2.0,2.0,0.4173280423280423,0.4173280423280423,0.4173280423280423,0.3428571428571428,0.3428571428571428,0.3428571428571428
Ion Moldovan,1714.8050299442905,1714.8050299442905,1717.7773805058528,1714.8050299442905,393.0,72.0,47.6,188.0,0,56,0.2,0.16666666666666666,0.16666666666666666,0.16666666666666666,-21.232171012270328,-21.232171012270328,-21.232171012270328,-21.232171012270328,2.2,2.0,2.0,1.2,1.5,1.5,0.5567272671342438,0.5639393892785366,0.5639393892785366,0.5079365079365079,0.5423280423280423,0.5423280423280423
Gregoire Burquier,1406.4738416832738,1406.4738416832738,1406.4738416832738,1406.4738416832738,205.0,248.0,41.2,185.67156964873536,1,0,0.0,0.0,0.0,0.0,0.0,0.0,0.0,0.0,0.0,0.0,0.0,0.0,0.0,0.0,0.0,0.0,0.0,0.0,0.0,0.0
Felix Mantilla,1751.6647929043122,1917.5964384483761,2120.0249663047243,2032.4550728663366,421.0,72.0,50.8,180.0,0,542,0.2,0.48,0.52,0.5,-58.86884543927408,-114.08139273159622,-94.83226452817439,-323.3171572759559,1.6,2.2,2.74,1.6,2.75,3.34,0.6270594017369355,0.660768706244161,0.6813770191249523,0.5688311688311688,0.5358394091288828,0.530312052069018
Dominik Koepfer,1704.261053858552,1601.156538117659,1534.7346137290785,1343.3142867111135,81.0,686.0,31.4,180.0,1,132,0.4,0.44,0.48,0.45,-3.3482733126174935,49.867279315020596,90.80166133609282,48.31477464398017,4.8,3.8,4.72,4.2,3.45,3.08,0.6923063013580195,0.6758485910156077,0.6959083730006974,0.3958333333333333,0.5057440476190476,0.5602305619217384
Mohammed Rajan Sundera Karuppiah,1373.3830126855637,1353.1250488483106,1373.3830126855637,1373.3830126855637,2000.0,0.0,44.7,185.67156964873536,0,1,0.0,0.0,0.0,0.0,-26.6169873144363,-26.6169873144363,-26.6169873144363,-26.6169873144363,-1.0,-1.0,-1.0,-1.0,-1.0,-1.0,0.0,0.0,0.0,0.0,0.0,0.0
Adrian Mannarino,1574.929603336624,1648.774166554202,1116.6101077054734,1686.6348524837927,54.0,1019.0,37.3,180.0,1,647,0.4,0.32,0.4,0.52,-52.380525188611045,-259.5563105977674,-218.331740382627,-141.6789174185226,4.6,4.25,4.7,2.6,2.65,2.16,0.7119888171213729,0.6840656850264071,0.6633579899107072,0.4299999999999999,0.5632836607836608,0.5247922077922078
Julien Boutter,1895.8863123999574,1813.3620906413428,1972.086830942874,1747.4384625071766,488.0,46.0,51.2,190.0,0,186,0.2,0.36,0.42,0.44,-57.2487422366828,-247.2857135874608,-157.76243945923648,-132.92217546546271,5.2,7.45,8.06,8.4,6.6,6.38,0.6871822167889494,0.6969013603001677,0.721314385957776,0.593939393939394,0.576784188034188,0.5425210345210345
Francesco Passaro,1379.4103256744406,1415.240725693342,1453.062675963862,1379.4103256744406,240.0,248.0,24.3,180.0,0,15,0.2,0.26666666666666666,0.26666666666666666,0.26666666666666666,-20.589674325559372,-20.589674325559372,-20.589674325559372,-20.589674325559372,3.2,3.466666666666667,3.466666666666667,2.8,3.2,3.2,0.6700719969685487,0.6461967451856306,0.6461967451856306,0.3944444444444445,0.46370370370370373,0.46370370370370373
Wayne Ferreira,1852.517936835059,1971.6442999446083,1982.0866530336245,2002.8169486420618,249.0,160.0,53.4,185.0,0,373,0.2,0.36,0.44,0.52,-83.77870276839894,-193.32343370227636,-245.7570160390403,-192.40522059138038,1.8,5.25,5.6,0.4,2.25,1.88,0.28989898989898993,0.554019055317001,0.5737821594993168,0.27999999999999997,0.3843648018648018,0.4632904872904873
Marcos Daniel,1525.2266821913645,1514.0104974307972,1800.3649778265856,1714.8780667636534,147.0,407.0,46.8,180.0,0,139,0.2,0.28,0.28,0.2696629213483146,-113.1747217183406,-43.76418248205232,-84.2936411201897,-214.94700411088616,5.0,3.65,4.76,1.4,1.8,2.08,0.583072590738423,0.5538041231257523,0.6344090975571495,0.3835897435897436,0.40755328005328,0.46256956442250563
Federico Delbonis,1494.2782682782117,1270.2350504184517,1776.8385107430283,1259.9199007756,131.0,426.0,34.3,193.0,1,364,0.4,0.28,0.3,0.43,-102.37614693001888,-108.09546340861448,-211.3338496177564,-142.8198566922881,4.0,3.45,2.9,5.0,3.6,3.3,0.7085411393410503,0.6488911305283678,0.6623567235078255,0.5483333333333335,0.5273992673992673,0.5272005494505495
Manuel Guinard,1501.4212737928588,1479.6202141616418,1472.3620232294793,1501.4212737928588,264.0,204.0,29.9,198.0,0,9,0.4,0.4444444444444444,0.4444444444444444,0.4444444444444444,55.9743501762905,55.9743501762905,55.9743501762905,55.9743501762905,3.2,3.888888888888889,3.888888888888889,1.8,3.111111111111111,3.111111111111111,0.6513616618937255,0.6499591461952078,0.6499591461952078,0.611111111111111,0.6400047483380816,0.6400047483380816
Nicolas Meister,1400.0,1400.0,1400.0,1400.0,625.0,37.0,36.1,180.0,0,0,0.0,0.0,0.0,0.0,0.0,0.0,0.0,0.0,0.0,0.0,0.0,0.0,0.0,0.0,0.0,0.0,0.0,0.0,0.0,0.0
Patrik Niklas Salminen,1400.3445665241181,1397.6905728920349,1400.0,1400.3445665241181,491.0,73.0,28.5,188.0,1,3,0.3333333333333333,0.3333333333333333,0.3333333333333333,0.3333333333333333,0.34456652411813593,0.34456652411813593,0.34456652411813593,0.34456652411813593,1.3333333333333333,1.3333333333333333,1.3333333333333333,1.0,1.0,1.0,0.29292929292929293,0.29292929292929293,0.29292929292929293,0.3333333333333333,0.3333333333333333,0.3333333333333333
Aleksandr Nedovyesov,1427.7153621814668,1403.8042787033967,1420.884616389779,1413.0845859993856,195.0,278.0,38.1,188.0,0,31,0.0,0.24,0.1935483870967742,0.1935483870967742,36.085290621675995,27.715362181466844,27.715362181466844,27.715362181466844,2.6,5.0,4.451612903225806,1.6,1.35,1.3870967741935485,0.5786089381428365,0.5537702996400389,0.5682598234456469,0.5301190476190476,0.421646756021756,0.414669694105178
Hee Sung Chung,1641.1817415046075,1641.1817415046075,1641.1817415046075,1641.1817415046075,722.0,14.0,48.1,185.67156964873536,0,10,0.0,0.0,0.0,0.0,0.0,0.0,0.0,0.0,0.0,0.0,0.0,0.0,0.0,0.0,0.0,0.0,0.0,0.0,0.0,0.0
Julian Alonso,1859.6990537080133,1832.5552134846873,1901.4931158132715,1859.6990537080133,142.0,276.0,48.1,185.0,0,62,0.6,0.3333333333333333,0.3333333333333333,0.3333333333333333,-25.53553949093225,-25.53553949093225,-25.53553949093225,-25.53553949093225,3.8,4.25,4.25,7.2,5.0,5.0,0.6995935575774286,0.6651635202751868,0.6651635202751868,0.5408857808857809,0.5417572011322012,0.5417572011322012
Naratorn Srichaphan,1400.0,1400.0,1400.0,1400.0,2000.0,0.0,52.5,185.67156964873536,0,0,0.0,0.0,0.0,0.0,0.0,0.0,0.0,0.0,0.0,0.0,0.0,0.0,0.0,0.0,0.0,0.0,0.0,0.0,0.0,0.0
Gustavo Kuerten,1629.2083699313941,1998.5096898909492,2104.6918915987126,2246.7092114345005,1141.0,5.0,48.7,190.0,0,831,0.0,0.28,0.4,0.52,-237.7082306789432,-432.1272298413421,-424.05904254738766,-508.1258845087184,4.4,5.35,6.18,2.4,2.05,2.3,0.6630661696178938,0.5696989653765386,0.6185067285805121,0.4851282051282052,0.3603617216117216,0.42549750249750246
Tobias Kamke,1709.310846188251,1474.974702245464,1522.2094640695343,1540.3020914362,231.0,201.0,39.2,180.0,0,165,0.4,0.4,0.38,0.39,-8.663014725495032,-16.163694361833905,-65.93463301708653,82.05815227793983,1.8,1.6,1.98,3.6,3.0,3.1,0.7011833672863085,0.6543092683399212,0.6348894643299984,0.5446428571428571,0.4433630952380952,0.5187698135198135
Andrian Raturandang,1594.1385821978527,1602.9507638658652,1594.1385821978527,1594.1385821978527,1033.0,4.0,48.6,185.67156964873536,0,13,0.0,0.0,0.0,0.0,-31.876247274021807,-31.876247274021807,-31.876247274021807,-31.876247274021807,-1.0,-1.0,-1.0,-1.0,-1.0,-1.0,0.0,0.0,0.0,0.0,0.0,0.0
Nicholas David Ionel,1427.599460180633,1400.0,1400.0,1427.599460180633,265.0,219.0,22.2,185.67156964873536,0,2,0.5,0.5,0.5,0.5,27.59946018063306,27.59946018063306,27.59946018063306,27.59946018063306,-1.0,-1.0,-1.0,-1.0,-1.0,-1.0,0.0,0.0,0.0,0.0,0.0,0.0
Jose Perdomo,1400.0,1400.0,1400.0,1400.0,2000.0,0.0,37.7,185.67156964873536,0,0,0.0,0.0,0.0,0.0,0.0,0.0,0.0,0.0,0.0,0.0,0.0,0.0,0.0,0.0,0.0,0.0,0.0,0.0,0.0,0.0
Carlos Drada,1400.0,1400.0,1400.0,1400.0,2000.0,0.0,50.4,186.27336318231923,1,0,0.0,0.0,0.0,0.0,0.0,0.0,0.0,0.0,0.0,0.0,0.0,0.0,0.0,0.0,0.0,0.0,0.0,0.0,0.0,0.0
Ivan Dodig,1669.7020820039613,1453.9972577105113,1502.7336253668918,1533.1494953926926,412.0,97.0,40.5,183.0,0,256,0.4,0.32,0.38,0.41,-59.968003996282505,-115.54246426482268,-164.62294271342557,-296.15686783248725,6.0,7.55,8.76,5.2,4.35,3.54,0.6787351537351538,0.6818832642566639,0.7246697818179334,0.6403828197945843,0.5780614810026574,0.5328486056427233
Anthony Jackie Tang,1400.0,1400.0,1400.0,1400.0,1519.0,2.0,26.1,186.27336318231923,0,0,0.0,0.0,0.0,0.0,0.0,0.0,0.0,0.0,0.0,0.0,0.0,0.0,0.0,0.0,0.0,0.0,0.0,0.0,0.0,0.0
Leonardo Mayer,1587.288531870967,1442.5423378483729,1601.1450463860147,1470.1952430248991,146.0,504.0,37.8,188.0,0,377,0.0,0.32,0.34,0.44,-162.3728542988431,-174.86005557036196,-258.3630528276419,-234.5678484376706,3.2,8.0,7.04,6.8,6.05,5.0,0.660467660769967,0.7334324424757962,0.7328308676960534,0.5293650793650793,0.5834776334776335,0.5548253968253968
Jun Chao Xu,1400.0,1400.0,1400.0,1400.0,594.0,39.0,37.0,185.67156964873536,0,0,0.0,0.0,0.0,0.0,0.0,0.0,0.0,0.0,0.0,0.0,0.0,0.0,0.0,0.0,0.0,0.0,0.0,0.0,0.0,0.0
Jose Baires,1400.0,1400.0,1400.0,1400.0,1162.0,2.0,45.1,185.67156964873536,0,0,0.0,0.0,0.0,0.0,0.0,0.0,0.0,0.0,0.0,0.0,0.0,0.0,0.0,0.0,0.0,0.0,0.0,0.0,0.0,0.0
Americo Venero Montes,1445.3465709263025,1445.3465709263025,1445.3465709263025,1445.3465709263025,2000.0,0.0,53.1,175.0,1,1,1.0,1.0,1.0,1.0,45.34657092630255,45.34657092630255,45.34657092630255,45.34657092630255,-1.0,-1.0,-1.0,-1.0,-1.0,-1.0,0.0,0.0,0.0,0.0,0.0,0.0
Ali Ghareeb,1336.549778039134,1359.5173782436677,1400.0,1336.549778039134,2005.0,1.0,38.9,185.67156964873536,0,3,0.0,0.0,0.0,0.0,-63.450221960865974,-63.450221960865974,-63.450221960865974,-63.450221960865974,-1.0,-1.0,-1.0,-1.0,-1.0,-1.0,0.0,0.0,0.0,0.0,0.0,0.0
Alexander Vasquez,1390.6826978973793,1390.6826978973793,1390.6826978973793,1390.6826978973793,2000.0,0.0,48.5,185.67156964873536,0,1,0.0,0.0,0.0,0.0,-9.317302102620715,-9.317302102620715,-9.317302102620715,-9.317302102620715,-1.0,-1.0,-1.0,-1.0,-1.0,-1.0,0.0,0.0,0.0,0.0,0.0,0.0
Pedro Braga,1692.145924216831,1692.145924216831,1692.145924216831,1692.145924216831,368.0,80.0,49.9,185.67156964873536,0,50,0.0,0.0,0.0,0.0,0.0,0.0,0.0,0.0,0.0,0.0,0.0,0.0,0.0,0.0,0.0,0.0,0.0,0.0,0.0,0.0
Alessandro Bega,1400.0,1400.0,1400.0,1400.0,351.0,128.0,34.5,173.0,0,0,0.0,0.0,0.0,0.0,0.0,0.0,0.0,0.0,0.0,0.0,0.0,0.0,0.0,0.0,0.0,0.0,0.0,0.0,0.0,0.0
Daniil Glinka,1425.0,1425.0,1425.0,1425.0,818.0,23.0,25.3,188.0,1,1,1.0,1.0,1.0,1.0,25.0,25.0,25.0,25.0,-1.0,-1.0,-1.0,-1.0,-1.0,-1.0,0.0,0.0,0.0,0.0,0.0,0.0
Coleman Wong,1469.945224805009,1483.0665340808125,1469.945224805009,1400.0,133.0,452.0,21.3,191.0,0,14,0.6,0.5,0.5,0.5,69.94522480500905,69.94522480500905,69.94522480500905,69.94522480500905,9.0,4.5,4.5,0.8,0.9285714285714286,0.9285714285714286,0.7980534155110426,0.4986437636850215,0.4986437636850215,0.3295238095238095,0.30617913832199545,0.30617913832199545
Miguel Tobon,1676.2094762582221,1676.2094762582221,1676.2094762582221,1676.2094762582221,655.0,19.0,56.7,185.0,0,12,0.5,0.5,0.5,0.5,14.764853162949521,14.764853162949521,14.764853162949521,14.764853162949521,3.0,3.0,3.0,4.0,4.0,4.0,0.7188995215311005,0.7188995215311005,0.7188995215311005,0.4642857142857143,0.4642857142857143,0.4642857142857143
Mathieu Rodrigues,1443.7978023604076,1443.7978023604076,1443.7978023604076,1443.7978023604076,275.0,173.0,39.8,180.0,0,1,1.0,1.0,1.0,1.0,43.79780236040756,43.79780236040756,43.79780236040756,43.79780236040756,1.0,1.0,1.0,4.0,4.0,4.0,0.6875,0.6875,0.6875,0.6,0.6,0.6
Benjamin Mitchell,1356.4215128246067,1356.4215128246067,1356.4215128246067,1356.4215128246067,231.0,225.0,32.0,183.0,0,4,0.0,0.0,0.0,0.0,-43.57848717539332,-43.57848717539332,-43.57848717539332,-43.57848717539332,9.25,9.25,9.25,6.0,6.0,6.0,0.7342155103668262,0.7342155103668262,0.7342155103668262,0.5047348484848485,0.5047348484848485,0.5047348484848485
Miha Gregorc,1675.3111416231513,1675.3111416231513,1675.3111416231513,1675.3111416231513,579.0,28.0,46.1,185.67156964873536,0,10,0.0,0.0,0.0,0.0,0.0,0.0,0.0,0.0,0.0,0.0,0.0,0.0,0.0,0.0,0.0,0.0,0.0,0.0,0.0,0.0
Solon Peppas,1823.699415036672,1802.0992417213747,1804.6732178345271,1823.699415036672,606.0,27.0,50.8,185.67156964873536,0,62,0.6,0.6666666666666666,0.6666666666666666,0.6666666666666666,21.600173315297297,21.600173315297297,21.600173315297297,21.600173315297297,-0.6,-0.8333333333333334,-0.8333333333333334,-0.6,-0.8333333333333334,-0.8333333333333334,0.095,0.03958333333333333,0.03958333333333333,0.075,0.03125,0.03125
Hamza Karmoussi,1400.0,1400.0,1400.0,1400.0,2000.0,0.0,27.401225585090053,185.67156964873536,0,0,0.0,0.0,0.0,0.0,0.0,0.0,0.0,0.0,0.0,0.0,0.0,0.0,0.0,0.0,0.0,0.0,0.0,0.0,0.0,0.0
Michael Mcclune,1440.5786230691958,1398.0693762193864,1440.5786230691958,1440.5786230691958,303.0,146.0,35.9,188.0,0,2,0.5,0.5,0.5,0.5,40.57862306919583,40.57862306919583,40.57862306919583,40.57862306919583,6.0,6.0,6.0,1.5,1.5,1.5,0.7570588235294118,0.7570588235294118,0.7570588235294118,0.8,0.8,0.8
Nicholas Sayer,1372.0020196891298,1394.934087420262,1372.0020196891298,1372.0020196891298,2000.0,0.0,32.7,186.27336318231923,0,3,0.3333333333333333,0.3333333333333333,0.3333333333333333,0.3333333333333333,-27.99798031087016,-27.99798031087016,-27.99798031087016,-27.99798031087016,-1.0,-1.0,-1.0,-1.0,-1.0,-1.0,0.0,0.0,0.0,0.0,0.0,0.0
George Bastl,1583.5095036368054,1796.714232122261,1832.330408226035,1830.7094837892323,227.0,332.0,49.8,183.0,0,272,0.4,0.32,0.28,0.34,-78.79562913901032,-119.45922053505274,-289.75320352837093,-268.57418598706863,6.2,6.9,5.46,3.0,3.2,2.8,0.6801145662847791,0.7061583257567994,0.6247957934443608,0.535128205128205,0.4872904546433959,0.4914861891447569
Daniel Michalski,1425.0,1387.173104006135,1425.0,1425.0,260.0,204.0,24.9,180.0,0,1,1.0,1.0,1.0,1.0,25.0,25.0,25.0,25.0,1.0,1.0,1.0,1.0,1.0,1.0,0.84375,0.84375,0.84375,0.5,0.5,0.5
Rodrigo Arus,1358.2675582780942,1387.545591572956,1400.0,1358.2675582780942,2000.0,0.0,29.9,186.27336318231923,0,2,0.0,0.0,0.0,0.0,-41.73244172190584,-41.73244172190584,-41.73244172190584,-41.73244172190584,-1.0,-1.0,-1.0,-1.0,-1.0,-1.0,0.0,0.0,0.0,0.0,0.0,0.0
Joel Allen,1400.0,1400.0,1400.0,1400.0,2000.0,0.0,43.2,185.67156964873536,0,0,0.0,0.0,0.0,0.0,0.0,0.0,0.0,0.0,0.0,0.0,0.0,0.0,0.0,0.0,0.0,0.0,0.0,0.0,0.0,0.0
Karlis Ozolins,1374.1346941962686,1374.1346941962686,1374.1346941962686,1374.1346941962686,1203.0,5.0,23.2,196.0,0,1,0.0,0.0,0.0,0.0,-25.865305803731417,-25.865305803731417,-25.865305803731417,-25.865305803731417,-1.0,-1.0,-1.0,-1.0,-1.0,-1.0,0.0,0.0,0.0,0.0,0.0,0.0
Liam Broady,1574.5180882974091,1582.8900010962793,1404.1332475044198,1429.5645548800578,156.0,384.0,31.4,183.0,1,55,0.2,0.44,0.4,0.38181818181818183,8.992149464636668,39.61671568461975,175.22545734082246,174.51808829740912,3.8,3.35,3.34,4.2,3.0,2.3,0.6546396601404126,0.6486470963155279,0.6093087591126356,0.7091316526610644,0.5320177616501146,0.4941678550207962
Michael Venus,1454.863580957959,1392.9612056139636,1476.6259000824068,1454.863580957959,2000.0,0.0,37.2,191.0,0,25,0.0,0.36,0.36,0.36,55.907293714107254,54.8635809579589,54.8635809579589,54.8635809579589,8.6,3.9,3.48,5.6,1.55,1.52,0.707808086537525,0.35885074417826507,0.3443455526075693,0.5662857142857143,0.24293506493506492,0.22712582972582973
Zizou Bergs,1616.5262053414838,1551.6636358913663,1494.847177840349,1410.5756785378564,61.0,886.0,26.4,185.0,0,57,0.6,0.48,0.38,0.3684210526315789,97.89999103632522,217.2142173995835,220.6690381294734,216.52620534148377,6.2,7.55,6.78,2.6,3.35,2.88,0.712007791335378,0.7324348812402615,0.6634234617790513,0.7439393939393939,0.6470364357864358,0.5554986402486403
Jhonson Garcia,1558.240281309027,1436.4581268777085,1547.7626661311456,1558.240281309027,2000.0,0.0,44.7,185.67156964873536,0,27,0.8,0.6,0.5925925925925926,0.5925925925925926,60.855197540085555,158.24028130902707,158.24028130902707,158.24028130902707,-1.0,-1.0,-1.0,-1.0,-1.0,-1.0,0.0,0.0,0.0,0.0,0.0,0.0
Ergun Zorlu,1400.0,1400.0,1400.0,1370.771026159738,866.0,11.0,40.3,185.67156964873536,0,0,0.0,0.0,0.0,0.0,0.0,0.0,0.0,0.0,0.0,0.0,0.0,0.0,0.0,0.0,0.0,0.0,0.0,0.0,0.0,0.0
Yordan Kanev,1355.643207711266,1400.0,1371.693380716551,1355.643207711266,917.0,11.0,41.1,186.27336318231923,0,6,0.0,0.16666666666666666,0.16666666666666666,0.16666666666666666,-44.356792288733914,-44.356792288733914,-44.356792288733914,-44.356792288733914,-1.0,-1.0,-1.0,-1.0,-1.0,-1.0,0.0,0.0,0.0,0.0,0.0,0.0
Chris Guccione,1718.7063676599043,1740.543890357102,1348.054243961686,1432.9383128447905,613.0,45.0,39.8,201.0,1,109,0.4,0.4,0.38,0.41,-73.34786956021458,-53.900648457738725,-133.62507547835185,137.12579119286988,6.4,11.95,11.16,2.6,2.9,2.38,0.6448621901590824,0.7285308327873914,0.6877311688395139,0.2899999999999999,0.5793452380952381,0.5581471861471862
Charles Irie,1400.0,1400.0,1400.0,1400.0,2000.0,0.0,40.0,185.67156964873536,0,0,0.0,0.0,0.0,0.0,0.0,0.0,0.0,0.0,0.0,0.0,0.0,0.0,0.0,0.0,0.0,0.0,0.0,0.0,0.0,0.0
Dong Hyun Kim,1625.4492083120556,1620.185222290785,1595.2663730832878,1625.4492083120556,425.0,54.0,46.4,185.67156964873536,0,15,0.6,0.6,0.6,0.6,30.18283522876777,30.18283522876777,30.18283522876777,30.18283522876777,-1.0,-1.0,-1.0,-1.0,-1.0,-1.0,0.0,0.0,0.0,0.0,0.0,0.0
August Holmgren,1419.7205880652498,1417.6474201152646,1400.0,1419.7205880652498,166.0,353.0,27.3,188.0,0,8,0.2,0.5,0.5,0.5,19.720588065249785,19.720588065249785,19.720588065249785,19.720588065249785,6.4,6.0,6.0,2.6,3.0,3.0,0.4391451612903225,0.540562608754343,0.540562608754343,0.23500000000000001,0.32569444444444445,0.32569444444444445
Francisco Cabral,1400.0,1400.0,1400.0,1400.0,2000.0,0.0,28.5,191.0,0,0,0.0,0.0,0.0,0.0,0.0,0.0,0.0,0.0,0.0,0.0,0.0,0.0,0.0,0.0,0.0,0.0,0.0,0.0,0.0,0.0
Adam Walton,1358.42359741749,1359.3215485838982,1426.346199655755,1465.2724408670163,94.0,604.0,26.4,183.0,0,13,0.2,0.23076923076923078,0.23076923076923078,0.23076923076923078,-67.92260223826497,-67.92260223826497,-67.92260223826497,-67.92260223826497,8.6,5.230769230769231,5.230769230769231,3.2,2.076923076923077,2.076923076923077,0.8171076789497842,0.72746052451936,0.72746052451936,0.6733333333333333,0.6266302073994381,0.6266302073994381
Jonathan Stark,1746.0959375302857,1756.8636235841013,1746.0959375302857,1756.8636235841013,1014.0,5.0,54.2,188.0,0,51,0.0,0.0,0.0,0.0,-10.767686053815623,-10.767686053815623,-10.767686053815623,-10.767686053815623,3.0,3.0,3.0,4.0,4.0,4.0,0.6774193548387096,0.6774193548387096,0.6774193548387096,0.25,0.25,0.25
Marc Lopez,1733.5442966553744,1616.3206516703924,1736.6458377804574,1624.0655325138116,2000.0,0.0,43.1,175.0,0,63,0.2,0.32,0.38,0.41509433962264153,-97.26580839883673,-36.394533371278385,-44.75806885353359,126.86137824202865,0.4,0.7,0.58,0.0,0.65,1.24,0.4159721499895985,0.6240349427294634,0.6184711537254565,0.36564102564102563,0.49152791652791655,0.4967573896691544
Chuhan Wang,1436.7045590391797,1436.7045590391797,1436.7045590391797,1436.7045590391797,378.0,113.0,33.0,188.0,0,2,0.5,0.5,0.5,0.5,36.704559039179685,36.704559039179685,36.704559039179685,36.704559039179685,3.5,3.5,3.5,4.0,4.0,4.0,0.6321793863099922,0.6321793863099922,0.6321793863099922,0.5428571428571429,0.5428571428571429,0.5428571428571429
Francisco Rodriguez,1601.4010912634426,1396.4610403182814,1593.599569931078,1601.4010912634426,1100.0,6.0,49.0,185.67156964873536,0,15,0.6,0.7333333333333333,0.7333333333333333,0.7333333333333333,201.4010912634426,201.4010912634426,201.4010912634426,201.4010912634426,-1.0,-1.0,-1.0,-1.0,-1.0,-1.0,0.0,0.0,0.0,0.0,0.0,0.0
Juan Carlos Ferrero,1755.2266686214996,1846.3823874720758,2101.52291463727,1970.5755033922417,161.0,325.0,45.6,183.0,0,1016,0.2,0.4,0.54,0.6,-186.6847814268276,-140.7504303674823,-156.23093502136885,-310.00421369327955,2.6,2.35,2.8,2.2,1.3,1.74,0.6413813118066484,0.6179738416307232,0.6519926427014151,0.37257575757575767,0.4998426573426573,0.5728232069862504
Brandon Burke,1400.0,1400.0,1400.0,1400.0,2000.0,0.0,32.4,185.67156964873536,0,0,0.0,0.0,0.0,0.0,0.0,0.0,0.0,0.0,0.0,0.0,0.0,0.0,0.0,0.0,0.0,0.0,0.0,0.0,0.0,0.0
Peter Clarke,1702.8141610505713,1702.8141610505713,1727.2784629637833,1702.8141610505713,345.0,93.0,45.7,188.0,0,59,0.6,0.5555555555555556,0.5555555555555556,0.5555555555555556,-25.673189406822303,-25.673189406822303,-25.673189406822303,-25.673189406822303,-1.0,-1.0,-1.0,-1.0,-1.0,-1.0,0.0,0.0,0.0,0.0,0.0,0.0
Mats Moraing,1431.581666732482,1431.581666732482,1400.0,1400.0,253.0,241.0,32.9,198.0,1,2,0.5,0.5,0.5,0.5,31.581666732482063,31.581666732482063,31.581666732482063,31.581666732482063,12.0,12.0,12.0,3.5,3.5,3.5,0.720952380952381,0.720952380952381,0.720952380952381,0.48333333333333334,0.48333333333333334,0.48333333333333334
Marvin Rolle,1309.535305503152,1355.7395246184149,1374.5656216355817,1309.535305503152,1638.0,2.0,41.6,185.67156964873536,0,5,0.0,0.0,0.0,0.0,-90.4646944968481,-90.4646944968481,-90.4646944968481,-90.4646944968481,-1.0,-1.0,-1.0,-1.0,-1.0,-1.0,0.0,0.0,0.0,0.0,0.0,0.0
Nishesh Basavareddy,1458.036274079629,1434.5086213301836,1458.036274079629,1458.036274079629,138.0,440.0,20.6,180.0,0,0,0.0,0.0,0.0,0.0,0.0,0.0,0.0,0.0,0.0,0.0,0.0,0.0,0.0,0.0,0.0,0.0,0.0,0.0,0.0,0.0
Eddy Chala,1400.0,1400.0,1400.0,1400.0,1263.0,8.0,40.0,186.27336318231923,0,0,0.0,0.0,0.0,0.0,0.0,0.0,0.0,0.0,0.0,0.0,0.0,0.0,0.0,0.0,0.0,0.0,0.0,0.0,0.0,0.0
Alex Lopez Moron,1770.1332912312641,1861.9255906813617,1810.0655690766735,1770.1332912312641,159.0,235.0,54.6,175.0,0,59,0.2,0.1111111111111111,0.1111111111111111,0.1111111111111111,-110.52931200066041,-110.52931200066041,-110.52931200066041,-110.52931200066041,1.0,1.5555555555555556,1.5555555555555556,3.6,5.555555555555555,5.555555555555555,0.6435464535464536,0.6543894555771521,0.6543894555771521,0.39880952380952384,0.4434778184778185,0.4434778184778185
Luke Jensen,1400.0,1400.0,1400.0,1400.0,2000.0,0.0,58.6,190.0,0,0,0.0,0.0,0.0,0.0,0.0,0.0,0.0,0.0,0.0,0.0,0.0,0.0,0.0,0.0,0.0,0.0,0.0,0.0,0.0,0.0
Magnus Gustafsson,1996.4914217406758,1956.40425700036,1978.8331747702878,1926.5093280125463,71.0,555.0,58.8,185.0,0,217,0.6,0.52,0.54,0.5373134328358209,13.500105735881107,5.467933376401788,39.71685831422269,29.93679685576899,4.2,3.65,3.72,5.6,4.05,3.32,0.6740135491748395,0.6951767897467738,0.6765053766316927,0.6566666666666666,0.5316017316017316,0.4886812076812076
Iphton Louis,1372.1470473469485,1400.0,1366.4072386650444,1372.1470473469485,2000.0,0.0,49.7,185.67156964873536,0,4,0.25,0.25,0.25,0.25,-27.85295265305149,-27.85295265305149,-27.85295265305149,-27.85295265305149,-1.0,-1.0,-1.0,-1.0,-1.0,-1.0,0.0,0.0,0.0,0.0,0.0,0.0
Treat Conrad Huey,1444.086665954271,1408.5891741811922,1431.5145148643055,1444.086665954271,2000.0,0.0,39.5,178.0,1,15,0.6,0.5333333333333333,0.5333333333333333,0.5333333333333333,44.086665954270984,44.086665954270984,44.086665954270984,44.086665954270984,-1.0,-1.0,-1.0,-1.0,-1.0,-1.0,0.0,0.0,0.0,0.0,0.0,0.0
Antonio Veic,1540.6919899849809,1500.347155256273,1450.3957363657896,1540.6919899849809,228.0,208.0,36.9,180.0,0,34,0.0,0.28,0.3235294117647059,0.3235294117647059,-63.26267201747282,140.69198998498086,140.69198998498086,140.69198998498086,0.8,1.55,2.5,3.0,2.65,2.5,0.5627244989945219,0.5890279987832778,0.5857198068246716,0.3078787878787879,0.3906608377003114,0.4526466825228435
Nicolae Frunza,1400.0,1400.0,1400.0,1400.0,596.0,48.0,27.2,185.0,0,0,0.0,0.0,0.0,0.0,0.0,0.0,0.0,0.0,0.0,0.0,0.0,0.0,0.0,0.0,0.0,0.0,0.0,0.0,0.0,0.0
Adrian Cruciat,1537.620551770163,1537.620551770163,1578.4022755213643,1537.620551770163,183.0,234.0,42.4,185.0,0,11,0.0,0.0,0.0,0.0,-28.397040490531936,-28.397040490531936,-28.397040490531936,-28.397040490531936,6.0,6.0,6.0,2.0,2.0,2.0,0.7333333333333333,0.7333333333333333,0.7333333333333333,0.625,0.625,0.625
Jack Mingjie Lin,1400.0,1400.0,1400.0,1400.0,2000.0,0.0,25.8,185.67156964873536,0,0,0.0,0.0,0.0,0.0,0.0,0.0,0.0,0.0,0.0,0.0,0.0,0.0,0.0,0.0,0.0,0.0,0.0,0.0,0.0,0.0
Cheuk Wai Hui,1420.9168250769694,1420.9168250769694,1420.9168250769694,1420.9168250769694,2000.0,0.0,39.9,185.67156964873536,0,1,1.0,1.0,1.0,1.0,20.916825076969417,20.916825076969417,20.916825076969417,20.916825076969417,-1.0,-1.0,-1.0,-1.0,-1.0,-1.0,0.0,0.0,0.0,0.0,0.0,0.0
Brian Vahaly,1676.5946565370432,1665.259764634855,1440.20946623984,1460.9783936768251,164.0,246.0,45.6,183.0,0,63,0.4,0.2,0.3,0.3333333333333333,-108.22651612184609,-173.31628858016484,13.00751706008873,223.1954677765616,2.0,1.55,2.48,2.0,3.15,3.04,0.671309918241947,0.6321992836796027,0.6413831461593764,0.5366666666666667,0.48917929292929285,0.5122729215229215
Lawal Shehu,1400.0,1400.0,1400.0,1400.0,1210.0,4.0,40.4,185.67156964873536,0,0,0.0,0.0,0.0,0.0,0.0,0.0,0.0,0.0,0.0,0.0,0.0,0.0,0.0,0.0,0.0,0.0,0.0,0.0,0.0,0.0
Remy Bertola,1400.0,1400.0,1400.0,1400.0,286.0,185.0,27.0,175.0,0,0,0.0,0.0,0.0,0.0,0.0,0.0,0.0,0.0,0.0,0.0,0.0,0.0,0.0,0.0,0.0,0.0,0.0,0.0,0.0,0.0
Hee Seok Chung,1643.7943242151116,1644.9881959726565,1566.017592260695,1643.7943242151116,677.0,24.0,48.0,186.27336318231923,0,19,0.8,0.6666666666666666,0.6666666666666666,0.6666666666666666,77.77673195441662,77.77673195441662,77.77673195441662,77.77673195441662,-1.0,-1.0,-1.0,-1.0,-1.0,-1.0,0.0,0.0,0.0,0.0,0.0,0.0
Rodrigo Crespo Piedra,1374.301693840177,1374.301693840177,1374.301693840177,1374.301693840177,2000.0,0.0,23.6,185.67156964873536,0,1,0.0,0.0,0.0,0.0,-25.698306159823005,-25.698306159823005,-25.698306159823005,-25.698306159823005,-1.0,-1.0,-1.0,-1.0,-1.0,-1.0,0.0,0.0,0.0,0.0,0.0,0.0
Troy Stone,1393.7628834846487,1393.7628834846487,1393.7628834846487,1393.7628834846487,2000.0,0.0,44.8,185.67156964873536,0,1,0.0,0.0,0.0,0.0,-6.2371165153513175,-6.2371165153513175,-6.2371165153513175,-6.2371165153513175,-1.0,-1.0,-1.0,-1.0,-1.0,-1.0,0.0,0.0,0.0,0.0,0.0,0.0
Duilio Beretta,1375.464569297018,1427.335454658915,1371.587465940936,1375.464569297018,1428.0,2.0,32.9,186.27336318231923,0,16,0.4,0.4375,0.4375,0.4375,-24.535430702982012,-24.535430702982012,-24.535430702982012,-24.535430702982012,-1.0,-1.0,-1.0,-1.0,-1.0,-1.0,0.0,0.0,0.0,0.0,0.0,0.0
Federico Coria,1474.6740846968619,1279.8149950386091,1680.8988707798069,1350.5491727455446,79.0,714.0,33.4,180.0,0,126,0.0,0.36,0.36,0.41,-103.26621676606169,-185.66567513276595,-165.9479029227839,-45.2823662568112,2.6,2.1,2.66,1.8,1.65,2.42,0.5849830182307099,0.6252535520570315,0.6302017129461849,0.43843434343434345,0.48064033189033195,0.5126597846597847
Emilio Daniel Baez Britez,1537.395493107919,1573.7843277487402,1583.8988861776681,1537.395493107919,2000.0,0.0,47.3,185.67156964873536,0,18,0.6,0.5,0.5,0.5,-46.3355339330617,-46.3355339330617,-46.3355339330617,-46.3355339330617,-1.0,-1.0,-1.0,-1.0,-1.0,-1.0,0.0,0.0,0.0,0.0,0.0,0.0
F Egyir,1400.0,1400.0,1400.0,1400.0,2000.0,0.0,49.289787853299686,186.27336318231923,0,0,0.0,0.0,0.0,0.0,0.0,0.0,0.0,0.0,0.0,0.0,0.0,0.0,0.0,0.0,0.0,0.0,0.0,0.0,0.0,0.0
Egor Gerasimov,1611.9227387729977,1569.0572555763597,1442.8398551667121,1425.286063406185,304.0,170.0,32.8,196.0,0,118,0.4,0.32,0.38,0.48,-50.64241290677751,-110.75169570922685,-152.47950365641964,-67.89863052937972,5.2,5.0,5.6,2.2,3.1,3.66,0.6967087092474089,0.7027621943003072,0.6633468577083792,0.3271794871794872,0.48328504828504826,0.5254564977506154
Brett Baudinet,1351.3157206707328,1374.4829128818853,1351.3157206707328,1351.3157206707328,2000.0,0.0,43.2,185.67156964873536,0,2,0.0,0.0,0.0,0.0,-48.684279329267156,-48.684279329267156,-48.684279329267156,-48.684279329267156,-1.0,-1.0,-1.0,-1.0,-1.0,-1.0,0.0,0.0,0.0,0.0,0.0,0.0
Beibit Zhukayev,1455.3253570951515,1425.3325884035332,1455.3253570951515,1455.3253570951515,213.0,272.0,25.0,198.0,0,7,0.6,0.42857142857142855,0.42857142857142855,0.42857142857142855,55.3253570951515,55.3253570951515,55.3253570951515,55.3253570951515,9.4,8.142857142857142,8.142857142857142,1.6,2.0,2.0,0.6411111111111112,0.6257287157287158,0.6257287157287158,0.36666666666666664,0.3435374149659864,0.3435374149659864
Aldin Setkic,1487.4780458557307,1389.9437383632642,1504.3678730998995,1487.4780458557307,165.0,321.0,37.8,191.0,0,14,0.4,0.5714285714285714,0.5714285714285714,0.5714285714285714,87.47804585573067,87.47804585573067,87.47804585573067,87.47804585573067,1.2,-0.21428571428571427,-0.21428571428571427,1.8,0.0,0.0,0.23901689708141322,0.08536317752907616,0.08536317752907616,0.14285714285714285,0.05102040816326531,0.05102040816326531
Hiroki Moriya,1451.290683838629,1429.9329018517722,1451.290683838629,1400.0,253.0,193.0,34.9,168.0,0,13,0.4,0.23076923076923078,0.23076923076923078,0.23076923076923078,51.29068383862909,51.29068383862909,51.29068383862909,51.29068383862909,2.2,2.230769230769231,2.230769230769231,2.8,3.0,3.0,0.678412893207774,0.6458727030439216,0.6458727030439216,0.5454545454545454,0.5472937319091165,0.5472937319091165
Francisco Cabello,1759.0533952065512,1759.0533952065512,1759.0533952065512,1759.0533952065512,291.0,102.0,52.6,190.0,0,50,0.0,0.0,0.0,0.0,0.0,0.0,0.0,0.0,0.0,0.0,0.0,0.0,0.0,0.0,0.0,0.0,0.0,0.0,0.0,0.0
Andres Artunedo Martinavarro,1400.0,1400.0,1400.0,1400.0,340.0,126.0,31.3,185.67156964873536,0,0,0.0,0.0,0.0,0.0,0.0,0.0,0.0,0.0,0.0,0.0,0.0,0.0,0.0,0.0,0.0,0.0,0.0,0.0,0.0,0.0
Novak Djokovic,2437.708365197401,1719.829388669689,1588.215542307146,1667.5951613948496,4.0,5560.0,38.3,188.0,0,1359,0.8,0.84,0.78,0.84,25.39865361058537,-90.44225877253348,-159.22885793088017,-137.71729260861912,5.6,6.0,6.58,5.2,2.8,2.12,0.6197609408135725,0.6566033639697888,0.7172891693748208,0.41166666666666674,0.4517261904761905,0.4790369484316852
Henry Estrella,1398.7181532120962,1400.0,1425.7945019299668,1398.7181532120962,2000.0,0.0,39.0,186.27336318231923,0,5,0.4,0.4,0.4,0.4,-1.2818467879037598,-1.2818467879037598,-1.2818467879037598,-1.2818467879037598,-1.0,-1.0,-1.0,-1.0,-1.0,-1.0,0.0,0.0,0.0,0.0,0.0,0.0
Henrik Sillanpaa,1378.2719181909279,1378.2719181909279,1378.2719181909279,1378.2719181909279,505.0,70.0,34.2,185.0,0,1,0.0,0.0,0.0,0.0,-21.728081809072137,-21.728081809072137,-21.728081809072137,-21.728081809072137,-1.0,-1.0,-1.0,-1.0,-1.0,-1.0,0.0,0.0,0.0,0.0,0.0,0.0
Austen Childs,1400.0,1400.0,1400.0,1400.0,2000.0,0.0,36.3,186.27336318231923,0,0,0.0,0.0,0.0,0.0,0.0,0.0,0.0,0.0,0.0,0.0,0.0,0.0,0.0,0.0,0.0,0.0,0.0,0.0,0.0,0.0
Mikael Ymer,1675.8498776609115,1643.1399189277186,1455.5334175316502,1407.9485518683994,59.0,831.0,26.8,183.0,0,149,0.4,0.4,0.5,0.49,-79.74201054392324,-83.51000593668755,-24.03348949220981,25.664500943216126,3.8,2.1,1.64,5.2,2.45,2.54,0.679456823648985,0.5430151402253565,0.5641071983562802,0.68512987012987,0.49056277056277053,0.4549358125534596
Kristijan Mesaros,1400.0,1400.0,1400.0,1400.0,295.0,153.0,36.5,185.67156964873536,0,0,0.0,0.0,0.0,0.0,0.0,0.0,0.0,0.0,0.0,0.0,0.0,0.0,0.0,0.0,0.0,0.0,0.0,0.0,0.0,0.0
Stylianos Christodoulou,1373.9213333474427,1400.0,1400.0,1373.9213333474427,1114.0,8.0,20.2,186.27336318231923,0,1,0.0,0.0,0.0,0.0,-26.07866665255733,-26.07866665255733,-26.07866665255733,-26.07866665255733,3.0,3.0,3.0,1.0,1.0,1.0,0.6296296296296297,0.6296296296296297,0.6296296296296297,0.6666666666666666,0.6666666666666666,0.6666666666666666
Nuno Matias,1610.01670399542,1610.01670399542,1610.01670399542,1610.01670399542,2000.0,0.0,47.3,185.67156964873536,0,10,0.0,0.0,0.0,0.0,0.0,0.0,0.0,0.0,0.0,0.0,0.0,0.0,0.0,0.0,0.0,0.0,0.0,0.0,0.0,0.0
Elmar Gerth,1323.6638914147106,1378.4270051281173,1388.526558393807,1323.6638914147106,2000.0,0.0,54.6,185.67156964873536,0,5,0.0,0.0,0.0,0.0,-76.33610858528937,-76.33610858528937,-76.33610858528937,-76.33610858528937,-1.0,-1.0,-1.0,-1.0,-1.0,-1.0,0.0,0.0,0.0,0.0,0.0,0.0
Valentin Vacherot,1392.4790460282215,1400.0,1379.6181002944154,1392.4790460282215,116.0,543.0,26.5,193.0,0,9,0.4,0.3333333333333333,0.3333333333333333,0.3333333333333333,-7.520953971778454,-7.520953971778454,-7.520953971778454,-7.520953971778454,1.8,1.1111111111111112,1.1111111111111112,1.4,0.5555555555555556,0.5555555555555556,0.554549120234604,0.3751022449275137,0.3751022449275137,0.29166666666666663,0.2414021164021164,0.2414021164021164
Alessio Di Mauro,1656.4517058778072,1772.3579341509394,1679.8602109791,1759.0337172560724,257.0,177.0,47.7,185.0,1,102,0.4,0.28,0.32,0.3269230769230769,-51.429509236174,-82.17333878289219,-86.06838574643893,-101.72135932702918,4.2,2.1,3.68,3.4,2.05,2.06,0.65695799692011,0.5380828043891137,0.6106850424972012,0.5196078431372548,0.39745926459161757,0.46013191873485987
Mackenzie Mcdonald,1586.588205332426,1630.47175868323,1271.496724774489,1479.99091693331,149.0,387.0,30.4,178.0,0,229,0.2,0.28,0.44,0.48,-124.5307734738999,-163.23960492294282,-161.381449475625,-172.8136821672624,5.0,4.3,4.2,3.2,3.05,2.54,0.621408954759404,0.6574571434263909,0.6920812716868425,0.6171428571428572,0.45615537240537235,0.5238061252473016
Irakli Ushangishvili,1557.9716399714748,1566.017592260695,1552.9126039431542,1557.9716399714748,1104.0,5.0,43.4,185.67156964873536,0,13,0.3333333333333333,0.3333333333333333,0.3333333333333333,0.3333333333333333,-8.045952289220168,-8.045952289220168,-8.045952289220168,-8.045952289220168,-1.0,-1.0,-1.0,-1.0,-1.0,-1.0,0.0,0.0,0.0,0.0,0.0,0.0
Christian Saravia,1400.0,1400.0,1400.0,1400.0,2000.0,0.0,35.3,185.67156964873536,0,0,0.0,0.0,0.0,0.0,0.0,0.0,0.0,0.0,0.0,0.0,0.0,0.0,0.0,0.0,0.0,0.0,0.0,0.0,0.0,0.0
Cedric Kauffmann,1732.466848528756,1743.266729948104,1743.266729948104,1732.466848528756,250.0,138.0,49.2,185.67156964873536,0,51,0.0,0.0,0.0,0.0,-10.79988141934814,-10.79988141934814,-10.79988141934814,-10.79988141934814,3.0,3.0,3.0,4.0,4.0,4.0,0.6129032258064516,0.6129032258064516,0.6129032258064516,0.5833333333333334,0.5833333333333334,0.5833333333333334
Vitaliy Sachko,1347.717981841036,1368.1192830712632,1387.1144730184185,1347.717981841036,386.0,125.0,28.1,188.0,0,6,0.0,0.0,0.0,0.0,-52.28201815896409,-52.28201815896409,-52.28201815896409,-52.28201815896409,3.6,3.5,3.5,2.4,2.6666666666666665,2.6666666666666665,0.6622029914529914,0.6454030776728145,0.6454030776728145,0.572985347985348,0.5330433455433455,0.5330433455433455
Alexander Ritschard,1482.7569260054381,1441.8050303855207,1440.546875160813,1417.7526452208958,194.0,309.0,31.0,193.0,0,10,0.4,0.4,0.4,0.4,65.00428078454229,65.00428078454229,65.00428078454229,65.00428078454229,5.2,3.8,3.8,1.8,2.3,2.3,0.70162841191067,0.6366695334235657,0.6366695334235657,0.5444444444444444,0.5147222222222222,0.5147222222222222
Mark Nielsen,1689.4410136638476,1746.7729159290745,1788.5969627313457,1784.3181179205062,2000.0,0.0,47.4,185.0,0,82,0.6,0.44,0.46875,0.46875,-57.864060382054504,-94.87710425665864,-94.87710425665864,-94.87710425665864,-0.6,-0.4,-0.1875,-0.6,0.2,0.375,0.09565217391304348,0.12001039370867561,0.1618699219938482,0.11111111111111112,0.11032647907647908,0.12711377164502163
Kepler Orellana,1649.2570992062633,1655.220522951815,1607.232659079462,1649.2570992062633,344.0,91.0,47.7,186.27336318231923,0,15,0.4,0.4,0.4,0.4,42.02444012680121,42.02444012680121,42.02444012680121,42.02444012680121,-1.0,-1.0,-1.0,-1.0,-1.0,-1.0,0.0,0.0,0.0,0.0,0.0,0.0
Suk Young Jeong,1428.7403526789044,1428.7403526789044,1428.7403526789044,1428.7403526789044,332.0,126.0,32.4,185.67156964873536,0,8,0.6,0.5,0.5,0.5,28.7403526789044,28.7403526789044,28.7403526789044,28.7403526789044,-1.0,-1.0,-1.0,-1.0,-1.0,-1.0,0.0,0.0,0.0,0.0,0.0,0.0
Jens Knippschild,1844.6585400480994,1850.9876892431773,1868.76794920756,1963.6524491823195,247.0,138.0,50.4,190.0,0,191,0.4,0.32,0.34146341463414637,0.34146341463414637,-3.052318062509812,-7.255995836256261,-67.62904225557259,-67.62904225557259,5.8,5.45,6.390243902439025,3.6,3.95,3.4390243902439024,0.7096075036075036,0.6956976857294708,0.738267395647903,0.39575757575757575,0.5155032467532468,0.5244813113715553
Vincenzo Santopadre,1799.3306910055026,1799.3306910055026,1843.8480551650678,1799.3306910055026,145.0,259.0,53.4,183.0,1,55,0.2,0.2,0.2,0.2,-29.25547805585893,-29.25547805585893,-29.25547805585893,-29.25547805585893,2.2,2.2,2.2,1.0,1.0,1.0,0.4069658719027583,0.4069658719027583,0.4069658719027583,0.20909090909090908,0.20909090909090908,0.20909090909090908
Alen Avidzba,1400.0,1400.0,1400.0,1400.0,498.0,59.0,25.6,186.27336318231923,0,0,0.0,0.0,0.0,0.0,0.0,0.0,0.0,0.0,0.0,0.0,0.0,0.0,0.0,0.0,0.0,0.0,0.0,0.0,0.0,0.0
Botic Van De Zandschulp,1689.6017268587157,1586.1744739662356,1490.4882760131147,1439.8290121738867,80.0,712.0,30.1,191.0,0,185,0.6,0.44,0.44,0.44,27.360712058594572,9.503731971889238,-35.55544863303976,-251.42070036976224,5.2,4.95,5.36,4.0,4.6,3.66,0.7119818717125939,0.7255454691788464,0.6982398607975715,0.6388888888888887,0.656468131541661,0.6064547739841858
Laurent Lokoli,1322.5821132768324,1352.5911734588335,1382.0234166004543,1400.0,199.0,290.0,30.7,188.0,0,7,0.0,0.0,0.0,0.0,-77.41788672316761,-77.41788672316761,-77.41788672316761,-77.41788672316761,11.0,10.714285714285714,10.714285714285714,5.0,5.142857142857143,5.142857142857143,0.696115611240353,0.696034960409776,0.696034960409776,0.6066666666666667,0.5619047619047619,0.5619047619047619
Efe Ustundag,1601.736659154679,1601.736659154679,1601.736659154679,1601.736659154679,715.0,16.0,48.2,185.67156964873536,0,13,0.3333333333333333,0.3333333333333333,0.3333333333333333,0.3333333333333333,-37.67000932687324,-37.67000932687324,-37.67000932687324,-37.67000932687324,-1.0,-1.0,-1.0,-1.0,-1.0,-1.0,0.0,0.0,0.0,0.0,0.0,0.0
Dzmitry Zhyrmont,1392.348350562292,1486.7691131512438,1341.6545009748877,1392.348350562292,389.0,106.0,35.9,185.67156964873536,0,17,0.4,0.4117647058823529,0.4117647058823529,0.4117647058823529,-7.651649437708102,-7.651649437708102,-7.651649437708102,-7.651649437708102,1.8,-0.17647058823529413,-0.17647058823529413,1.8,-0.17647058823529413,-0.17647058823529413,0.27226107226107227,0.0800767859591389,0.0800767859591389,0.262111801242236,0.07709170624771647,0.07709170624771647
Adam Hornby,1359.2130251942592,1400.0,1381.7571165154945,1359.2130251942592,2000.0,0.0,29.6,185.67156964873536,0,2,0.0,0.0,0.0,0.0,-40.78697480574078,-40.78697480574078,-40.78697480574078,-40.78697480574078,1.0,1.0,1.0,4.0,4.0,4.0,0.3277777777777778,0.3277777777777778,0.3277777777777778,0.3020833333333333,0.3020833333333333,0.3020833333333333
Thehan Sanjaya Wijemanne,1400.0,1400.0,1400.0,1400.0,2000.0,0.0,21.1,185.67156964873536,1,0,0.0,0.0,0.0,0.0,0.0,0.0,0.0,0.0,0.0,0.0,0.0,0.0,0.0,0.0,0.0,0.0,0.0,0.0,0.0,0.0
Eyal Ran,1769.6293287897404,1769.6293287897404,1769.6293287897404,1769.6293287897404,384.0,68.0,52.4,183.0,0,50,0.0,0.0,0.0,0.0,0.0,0.0,0.0,0.0,0.0,0.0,0.0,0.0,0.0,0.0,0.0,0.0,0.0,0.0,0.0,0.0
Nerman Fatic,1379.358370154858,1381.9375515445001,1409.5971878476485,1379.358370154858,204.0,301.0,30.2,191.0,0,8,0.4,0.375,0.375,0.375,-20.641629845142006,-20.641629845142006,-20.641629845142006,-20.641629845142006,2.2,1.0,1.0,1.2,0.375,0.375,0.3779153766769866,0.23619711042311664,0.23619711042311664,0.3,0.1875,0.1875
Ben Ellwood,1754.2835720555258,1754.2835720555258,1754.2835720555258,1754.2835720555258,827.0,11.0,49.3,178.0,0,50,0.0,0.0,0.0,0.0,0.0,0.0,0.0,0.0,0.0,0.0,0.0,0.0,0.0,0.0,0.0,0.0,0.0,0.0,0.0,0.0
Mykyta Mashtakov,1400.0,1400.0,1400.0,1400.0,1558.0,2.0,26.0,175.0,0,0,0.0,0.0,0.0,0.0,0.0,0.0,0.0,0.0,0.0,0.0,0.0,0.0,0.0,0.0,0.0,0.0,0.0,0.0,0.0,0.0
Tommy Robredo,1540.287992724214,1815.5552632315619,1799.237063007669,1651.5743534910766,362.0,118.0,42.9,180.0,0,941,0.2,0.24,0.42,0.49,-183.20222094949963,-279.38696970772867,-242.532396820553,-321.8846396805807,2.6,2.2,2.96,2.4,1.8,1.98,0.6915831456196264,0.6434136196899561,0.6633942319374699,0.3804761904761904,0.5600793650793651,0.5445735375735375
Ali Hamadeh,1466.2947800878521,1401.4991449593642,1400.0,1400.0,2000.0,0.0,50.5,185.67156964873536,0,10,0.6,0.4,0.4,0.4,66.29478008785213,66.29478008785213,66.29478008785213,66.29478008785213,-1.0,-1.0,-1.0,-1.0,-1.0,-1.0,0.0,0.0,0.0,0.0,0.0,0.0
Jonathan Dasnieres De Veigy,1412.9892873035049,1393.2356565764885,1422.6098479128952,1412.9892873035049,158.0,333.0,38.3,175.0,1,5,0.2,0.2,0.2,0.2,12.989287303504852,12.989287303504852,12.989287303504852,12.989287303504852,3.2,3.2,3.2,2.4,2.4,2.4,0.6793850102164466,0.6793850102164466,0.6793850102164466,0.3725,0.3725,0.3725
Augustin Gensse,1416.6120838967674,1400.0,1417.9982822045047,1416.6120838967674,155.0,341.0,42.0,180.0,0,3,0.3333333333333333,0.3333333333333333,0.3333333333333333,0.3333333333333333,16.612083896767444,16.612083896767444,16.612083896767444,16.612083896767444,0.3333333333333333,0.3333333333333333,0.3333333333333333,1.3333333333333333,1.3333333333333333,1.3333333333333333,0.6535674146417083,0.6535674146417083,0.6535674146417083,0.6607142857142857,0.6607142857142857,0.6607142857142857
Dovydas Sakinis,1369.880840798308,1415.6114193283452,1358.9752959170014,1369.880840798308,1574.0,1.0,32.7,185.67156964873536,1,6,0.2,0.3333333333333333,0.3333333333333333,0.3333333333333333,-30.1191592016919,-30.1191592016919,-30.1191592016919,-30.1191592016919,-1.0,-1.0,-1.0,-1.0,-1.0,-1.0,0.0,0.0,0.0,0.0,0.0,0.0
Edan Leshem,1419.0271173399262,1359.4711968098325,1416.758260778574,1419.0271173399262,446.0,87.0,28.5,183.0,0,13,0.4,0.38461538461538464,0.38461538461538464,0.38461538461538464,19.027117339926235,19.027117339926235,19.027117339926235,19.027117339926235,1.2,1.5384615384615385,1.5384615384615385,0.2,1.1538461538461537,1.1538461538461537,0.45176689976689977,0.47045571886720394,0.47045571886720394,0.4,0.3247752247752248,0.3247752247752248
Clement Chidekh,1400.0,1400.0,1400.0,1400.0,434.0,101.0,23.6,180.0,0,0,0.0,0.0,0.0,0.0,0.0,0.0,0.0,0.0,0.0,0.0,0.0,0.0,0.0,0.0,0.0,0.0,0.0,0.0,0.0,0.0
Luis Diaz Barriga,1400.0,1400.0,1400.0,1400.0,489.0,68.0,39.5,185.67156964873536,0,0,0.0,0.0,0.0,0.0,0.0,0.0,0.0,0.0,0.0,0.0,0.0,0.0,0.0,0.0,0.0,0.0,0.0,0.0,0.0,0.0
Evgeny Donskoy,1505.5141360648308,1586.3775234585535,1314.074656011829,1415.1850787685291,149.0,456.0,35.4,185.0,0,171,0.2,0.24,0.34,0.3,-104.77298611312585,-123.66465897710668,-19.86004066094506,-126.90944332694426,6.2,5.5,4.14,2.2,2.85,2.22,0.711919191919192,0.7206070721004075,0.6784072606235071,0.5433333333333332,0.558030303030303,0.6003824187508399
Ranjeet Virali Murugesan,1400.0,1400.0,1400.0,1400.0,511.0,63.0,39.3,185.67156964873536,0,0,0.0,0.0,0.0,0.0,0.0,0.0,0.0,0.0,0.0,0.0,0.0,0.0,0.0,0.0,0.0,0.0,0.0,0.0,0.0,0.0
Jay Clarke,1361.8062112277692,1400.0,1361.8062112277692,1377.3742161335263,156.0,361.0,26.9,183.0,0,12,0.0,0.16666666666666666,0.16666666666666666,0.16666666666666666,-38.193788772230846,-38.193788772230846,-38.193788772230846,-38.193788772230846,4.4,5.083333333333333,5.083333333333333,4.0,4.083333333333333,4.083333333333333,0.6413638496480807,0.68778389854265,0.68778389854265,0.5282539682539682,0.6228248875307699,0.6228248875307699
Jan Zielinski,1400.0,1400.0,1400.0,1400.0,860.0,18.0,28.1,180.0,0,0,0.0,0.0,0.0,0.0,0.0,0.0,0.0,0.0,0.0,0.0,0.0,0.0,0.0,0.0,0.0,0.0,0.0,0.0,0.0,0.0
Murad Inoyatov,1334.6623272689264,1354.7994341348085,1416.7146192855848,1400.0,524.0,57.0,40.2,185.67156964873536,0,11,0.0,0.2727272727272727,0.2727272727272727,0.2727272727272727,-65.33767273107355,-65.33767273107355,-65.33767273107355,-65.33767273107355,-1.0,-1.0,-1.0,-1.0,-1.0,-1.0,0.0,0.0,0.0,0.0,0.0,0.0
Gonzalo Lama,1465.0896391777974,1386.1323981692929,1505.7002200738832,1465.0896391777974,410.0,110.0,32.2,180.0,0,14,0.2,0.5714285714285714,0.5714285714285714,0.5714285714285714,65.08963917779738,65.08963917779738,65.08963917779738,65.08963917779738,1.8,0.9285714285714286,0.9285714285714286,2.8,1.0714285714285714,1.0714285714285714,0.7104005316860287,0.4538798865941361,0.4538798865941361,0.5399999999999999,0.41581632653061223,0.41581632653061223
Kyrian Jacquet,1403.9561141666836,1403.9561141666836,1403.9561141666836,1403.9561141666836,209.0,285.0,24.2,178.0,0,0,0.0,0.0,0.0,0.0,0.0,0.0,0.0,0.0,0.0,0.0,0.0,0.0,0.0,0.0,0.0,0.0,0.0,0.0,0.0,0.0
Slim Hamza,1373.683838916922,1373.683838916922,1373.683838916922,1373.683838916922,2000.0,0.0,32.6,185.67156964873536,0,1,0.0,0.0,0.0,0.0,-26.316161083077986,-26.316161083077986,-26.316161083077986,-26.316161083077986,-1.0,-1.0,-1.0,-1.0,-1.0,-1.0,0.0,0.0,0.0,0.0,0.0,0.0
Luca Nardi,1409.5326892894257,1439.353990149879,1402.7785561933324,1405.0942793925935,89.0,649.0,22.1,185.0,0,30,0.0,0.24,0.23333333333333334,0.23333333333333334,17.40776488670099,9.532689289425662,9.532689289425662,9.532689289425662,3.6,3.15,2.8,5.8,3.8,3.3333333333333335,0.6122801953965684,0.6690286562102024,0.6518474985800204,0.549062049062049,0.538932178932179,0.5138533797357326
Ismar Gorcic,1417.2912836798048,1417.2912836798048,1417.2912836798048,1417.2912836798048,563.0,43.0,42.1,185.67156964873536,0,2,0.5,0.5,0.5,0.5,17.291283679804792,17.291283679804792,17.291283679804792,17.291283679804792,-1.0,-1.0,-1.0,-1.0,-1.0,-1.0,0.0,0.0,0.0,0.0,0.0,0.0
Jonathan Printzlau,1430.38319278486,1440.184363715534,1430.38319278486,1430.38319278486,2000.0,0.0,48.7,185.67156964873536,0,2,0.5,0.5,0.5,0.5,30.383192784860057,30.383192784860057,30.383192784860057,30.383192784860057,-1.0,-1.0,-1.0,-1.0,-1.0,-1.0,0.0,0.0,0.0,0.0,0.0,0.0
Luis Felipe Noriega,1400.0,1400.0,1400.0,1400.0,2000.0,0.0,42.0,186.27336318231923,0,0,0.0,0.0,0.0,0.0,0.0,0.0,0.0,0.0,0.0,0.0,0.0,0.0,0.0,0.0,0.0,0.0,0.0,0.0,0.0,0.0
Fritz Wolmarans,1423.160789654636,1424.97729724584,1372.1407979125213,1423.160789654636,477.0,76.0,39.3,186.27336318231923,0,7,0.4,0.42857142857142855,0.42857142857142855,0.42857142857142855,23.16078965463589,23.16078965463589,23.16078965463589,23.16078965463589,9.4,6.428571428571429,6.428571428571429,1.6,0.8571428571428571,0.8571428571428571,0.4499440089585667,0.32138857782754765,0.32138857782754765,0.34285714285714286,0.2448979591836735,0.2448979591836735
Eliot Spizzirri,1397.8834881860657,1400.0,1397.8834881860657,1387.0607634375456,341.0,145.0,23.6,183.0,0,3,0.3333333333333333,0.3333333333333333,0.3333333333333333,0.3333333333333333,-2.1165118139342667,-2.1165118139342667,-2.1165118139342667,-2.1165118139342667,4.333333333333333,4.333333333333333,4.333333333333333,3.3333333333333335,3.3333333333333335,3.3333333333333335,0.6693933118576468,0.6693933118576468,0.6693933118576468,0.6714285714285714,0.6714285714285714,0.6714285714285714
Leonardo Ramirez,1400.0,1400.0,1400.0,1400.0,2000.0,0.0,41.7,185.67156964873536,0,0,0.0,0.0,0.0,0.0,0.0,0.0,0.0,0.0,0.0,0.0,0.0,0.0,0.0,0.0,0.0,0.0,0.0,0.0,0.0,0.0
Stephen Nugent,1531.6348019979537,1566.017592260695,1531.6348019979537,1566.017592260695,1432.0,2.0,43.8,186.27336318231923,0,11,0.0,0.0,0.0,0.0,-34.38279026274131,-34.38279026274131,-34.38279026274131,-34.38279026274131,-1.0,-1.0,-1.0,-1.0,-1.0,-1.0,0.0,0.0,0.0,0.0,0.0,0.0
Sid Ali Akkal,1400.0,1400.0,1400.0,1400.0,2000.0,0.0,51.1,185.67156964873536,0,0,0.0,0.0,0.0,0.0,0.0,0.0,0.0,0.0,0.0,0.0,0.0,0.0,0.0,0.0,0.0,0.0,0.0,0.0,0.0,0.0
Konstantinos Economidis,1602.6130416705691,1600.2676560767434,1782.228685740561,1690.5084965266174,2000.0,0.0,47.6,188.0,0,87,0.4,0.4,0.4864864864864865,0.4864864864864865,-159.216755503076,-122.86424911845461,-108.5640785986152,-108.5640785986152,0.0,1.5,0.8648648648648649,1.0,1.6,0.7297297297297297,0.26826923076923076,0.3398039178426007,0.22685599837134365,0.2,0.2869047619047619,0.18404118404118402
Juan Albert Viloca Puig,1920.1056804872635,1905.247681055629,1873.5768123734365,1920.1056804872635,148.0,269.0,52.2,185.0,0,61,0.6,0.5454545454545454,0.5454545454545454,0.5454545454545454,69.41153722259469,69.41153722259469,69.41153722259469,69.41153722259469,2.8,3.090909090909091,3.090909090909091,3.8,2.4545454545454546,2.4545454545454546,0.6887225274725275,0.6618106634416239,0.6618106634416239,0.639047619047619,0.5875836284927194,0.5875836284927194
Yousaf Khalil,1400.0,1400.0,1400.0,1400.0,2000.0,0.0,26.4,185.67156964873536,0,0,0.0,0.0,0.0,0.0,0.0,0.0,0.0,0.0,0.0,0.0,0.0,0.0,0.0,0.0,0.0,0.0,0.0,0.0,0.0,0.0
Alberto Lim,1386.050034729752,1405.852587081344,1397.3543491802616,1386.050034729752,2000.0,0.0,25.7,185.67156964873536,0,7,0.4,0.42857142857142855,0.42857142857142855,0.42857142857142855,-13.949965270247958,-13.949965270247958,-13.949965270247958,-13.949965270247958,3.8,3.4285714285714284,3.4285714285714284,3.4,3.5714285714285716,3.5714285714285716,0.5559500970459874,0.5698760908942407,0.5698760908942407,0.3463203463203463,0.3783240568954854,0.3783240568954854
Emilio Nava,1393.1312199637637,1423.0427215629359,1400.0,1400.0,148.0,415.0,23.6,185.0,0,17,0.2,0.17647058823529413,0.17647058823529413,0.17647058823529413,-6.8687800362363305,-6.8687800362363305,-6.8687800362363305,-6.8687800362363305,7.0,7.0,7.0,3.6,3.8823529411764706,3.8823529411764706,0.6921389150625925,0.6959347831378166,0.6959347831378166,0.5904761904761905,0.4438828472565497,0.4438828472565497
Daniel Berta,1390.210504527452,1390.210504527452,1400.0,1400.0,2000.0,0.0,32.6,178.0,0,1,0.0,0.0,0.0,0.0,-9.78949547254797,-9.78949547254797,-9.78949547254797,-9.78949547254797,1.0,1.0,1.0,2.0,2.0,2.0,0.65,0.65,0.65,0.25,0.25,0.25
Fabrice Santoro,1666.2123540437353,1979.626105848422,1767.634641685772,2073.4690436809824,67.0,645.0,52.1,178.0,0,743,0.2,0.4,0.46,0.49,-131.58477111591924,-125.88558205436198,-164.93009069043023,-184.1448124376227,5.4,4.75,4.52,1.8,1.6,1.78,0.6915246098439376,0.7071512244626251,0.7045136053535722,0.5487878787878787,0.5755931020733652,0.5376090795169742
Justin Barki,1423.2042036527448,1400.0,1423.2042036527448,1423.2042036527448,2000.0,0.0,25.3,178.0,0,1,1.0,1.0,1.0,1.0,23.20420365274481,23.20420365274481,23.20420365274481,23.20420365274481,5.0,5.0,5.0,0.0,0.0,0.0,0.75,0.75,0.75,1.0,1.0,1.0
Todd Perry,1658.34974255248,1658.34974255248,1658.34974255248,1658.34974255248,484.0,44.0,48.8,175.0,0,10,0.0,0.0,0.0,0.0,0.0,0.0,0.0,0.0,0.0,0.0,0.0,0.0,0.0,0.0,0.0,0.0,0.0,0.0,0.0,0.0
Hong Kit Jack Wong,1373.7393367293803,1373.7393367293803,1373.7393367293803,1373.7393367293803,1643.0,2.0,26.4,186.27336318231923,0,7,0.4,0.42857142857142855,0.42857142857142855,0.42857142857142855,-26.260663270619716,-26.260663270619716,-26.260663270619716,-26.260663270619716,0.8,1.8571428571428572,1.8571428571428572,2.2,3.142857142857143,3.142857142857143,0.3691287878787879,0.42929488989271597,0.42929488989271597,0.21904761904761902,0.227891156462585,0.227891156462585
Ilou Lonfo,1386.1375567221621,1400.0,1400.0,1386.1375567221621,2000.0,0.0,51.4,186.27336318231923,0,1,0.0,0.0,0.0,0.0,-13.862443277837883,-13.862443277837883,-13.862443277837883,-13.862443277837883,-1.0,-1.0,-1.0,-1.0,-1.0,-1.0,0.0,0.0,0.0,0.0,0.0,0.0
Harel Levy,1618.7783066465422,1680.3181026072227,1856.5737585898678,1798.9945565009184,223.0,214.0,47.1,185.0,0,199,0.2,0.28,0.26,0.34,-72.66202165130949,-164.45651350373214,-206.73177312166376,-276.7816790896527,2.8,1.35,2.18,0.2,0.15,0.5,0.5098035924122881,0.3182062869105936,0.44089397769647903,0.11999999999999995,0.19134920634920632,0.33233211233211235
Alejandro Hernandez,1805.094117746181,1774.5081363897516,1811.7159282290147,1805.094117746181,236.0,169.0,47.4,180.0,0,75,0.8,0.64,0.64,0.64,-12.29610668544774,19.699230518641343,19.699230518641343,19.699230518641343,-0.2,-0.25,-0.08,-0.2,-0.1,0.12,0.12631578947368421,0.1392308603466656,0.17114226403490826,0.06666666666666667,0.0891025641025641,0.10271062271062271
Riccardo Bellotti,1407.1109497722305,1407.1109497722305,1407.1109497722305,1407.1109497722305,204.0,261.0,33.7,185.67156964873536,0,0,0.0,0.0,0.0,0.0,0.0,0.0,0.0,0.0,0.0,0.0,0.0,0.0,0.0,0.0,0.0,0.0,0.0,0.0,0.0,0.0
Juan Manuel Cerundolo,1550.2838847973815,1525.825164453011,1410.0011036111134,1400.0,161.0,393.0,23.2,183.0,1,40,0.4,0.4,0.425,0.425,-20.794313215203147,-13.254745462779056,150.28388479738146,150.28388479738146,3.2,3.3,2.15,4.2,4.2,3.025,0.6119443322970918,0.6434120489606032,0.6188584737451337,0.4131468531468531,0.5788213175713176,0.5349458034655403
Karim Alami,1768.3745451083375,1928.1709803405483,1986.531264173465,2036.8555585288739,479.0,42.0,52.6,185.0,0,380,0.2,0.28,0.34,0.3875,-110.54405136896276,-190.5826223164438,-181.71425878089576,-284.21694674138075,1.8,3.3,3.86,1.8,2.65,3.06,0.6118215118215118,0.6513887199962003,0.6072973913927133,0.5579797979797979,0.5765248966719556,0.4954869150457386
Herbert Wiltschnig,1809.7777094168591,1809.7777094168591,1809.7777094168591,1809.7777094168591,342.0,85.0,49.6,185.0,0,53,0.3333333333333333,0.3333333333333333,0.3333333333333333,0.3333333333333333,-3.8817716040730375,-3.8817716040730375,-3.8817716040730375,-3.8817716040730375,0.3333333333333333,0.3333333333333333,0.3333333333333333,2.3333333333333335,2.3333333333333335,2.3333333333333335,0.5670327862108684,0.5670327862108684,0.5670327862108684,0.5555555555555556,0.5555555555555556,0.5555555555555556
Tsung Hua Yang,1280.5965867701466,1296.305520666838,1280.5965867701466,1280.5965867701466,447.0,87.0,34.4,178.0,0,22,0.0,0.18181818181818182,0.18181818181818182,0.18181818181818182,-130.09428461512766,-119.40341322985341,-119.40341322985341,-119.40341322985341,0.6,0.55,0.4090909090909091,-0.2,-0.3,-0.36363636363636365,0.12580645161290321,0.17361070381231672,0.15782791255665155,0.06666666666666667,0.1466017316017316,0.13327430145611963
Yaraslav Shyla,1433.2837840876728,1415.7420825355823,1400.0,1433.2837840876728,426.0,88.0,31.9,191.0,0,6,0.6,0.5,0.5,0.5,33.28378408767276,33.28378408767276,33.28378408767276,33.28378408767276,6.6,6.333333333333333,6.333333333333333,2.2,2.5,2.5,0.7767944676778046,0.7680183782372509,0.7680183782372509,0.6166666666666666,0.5694444444444444,0.5694444444444444
Radu Albot,1573.6512907648773,1548.5987353580945,1449.0900858584264,1393.6712058345454,138.0,424.0,35.7,175.0,0,254,0.2,0.36,0.42,0.38,-48.30269053848838,-22.725309921127064,-3.42136538327145,-223.54440192459742,2.0,2.5,2.96,4.4,3.5,3.1,0.6591286279770124,0.6429389379049497,0.6745572172068611,0.5136363636363636,0.5334385426664838,0.5648984202072438
Arsenije Zlatanovic,1400.0,1400.0,1400.0,1400.0,1421.0,4.0,35.4,193.0,0,0,0.0,0.0,0.0,0.0,0.0,0.0,0.0,0.0,0.0,0.0,0.0,0.0,0.0,0.0,0.0,0.0,0.0,0.0,0.0,0.0
Oliver Ojakaar,1400.0,1400.0,1400.0,1400.0,939.0,16.0,20.0,191.0,0,0,0.0,0.0,0.0,0.0,0.0,0.0,0.0,0.0,0.0,0.0,0.0,0.0,0.0,0.0,0.0,0.0,0.0,0.0,0.0,0.0
Ladislav Svarc,1704.3802507207945,1712.2560905658643,1729.5394827799014,1704.3802507207945,344.0,80.0,46.6,188.0,0,53,0.0,0.0,0.0,0.0,-25.1592320591069,-25.1592320591069,-25.1592320591069,-25.1592320591069,1.6666666666666667,1.6666666666666667,1.6666666666666667,1.3333333333333333,1.3333333333333333,1.3333333333333333,0.24096385542168675,0.24096385542168675,0.24096385542168675,0.25,0.25,0.25
Skyler Butts,1400.0,1400.0,1400.0,1400.0,1221.0,5.0,31.3,178.0,0,0,0.0,0.0,0.0,0.0,0.0,0.0,0.0,0.0,0.0,0.0,0.0,0.0,0.0,0.0,0.0,0.0,0.0,0.0,0.0,0.0
Flavio Saretta,1860.6794988586523,1743.4825519327921,1891.3643944245907,1732.4920650849078,544.0,90.0,44.6,183.0,0,206,0.8,0.52,0.46,0.49,46.32449018183797,10.020149000630454,-82.57438614839043,-125.94895391583691,0.6,2.7,2.5,0.6,1.9,2.14,0.3829885800474036,0.5273828885421441,0.5022402087895196,0.3611111111111111,0.5057495976245976,0.4243402855314621
Diego Hidalgo,1400.0,1400.0,1400.0,1400.0,974.0,8.0,31.8,180.0,1,0,0.0,0.0,0.0,0.0,0.0,0.0,0.0,0.0,0.0,0.0,0.0,0.0,0.0,0.0,0.0,0.0,0.0,0.0,0.0,0.0
Paulo Carvallo,1670.7016483876532,1682.2615171189886,1709.3875920353844,1670.7016483876532,2000.0,0.0,48.6,185.67156964873536,0,60,0.6,0.5,0.5,0.5,-30.75454595116844,-30.75454595116844,-30.75454595116844,-30.75454595116844,-1.0,-1.0,-1.0,-1.0,-1.0,-1.0,0.0,0.0,0.0,0.0,0.0,0.0
Mik Ledvonova,1421.460678074194,1392.9287472679368,1400.0,1421.460678074194,2000.0,0.0,44.0,186.27336318231923,0,2,0.5,0.5,0.5,0.5,21.460678074193993,21.460678074193993,21.460678074193993,21.460678074193993,-1.0,-1.0,-1.0,-1.0,-1.0,-1.0,0.0,0.0,0.0,0.0,0.0,0.0
Antal Van Der Duim,1400.0,1400.0,1400.0,1400.0,995.0,8.0,37.4,185.0,0,0,0.0,0.0,0.0,0.0,0.0,0.0,0.0,0.0,0.0,0.0,0.0,0.0,0.0,0.0,0.0,0.0,0.0,0.0,0.0,0.0
Emanuel Couto,1739.278122693989,1751.3366987360655,1756.6286219251497,1739.278122693989,1043.0,5.0,51.6,183.0,0,57,0.2,0.2857142857142857,0.2857142857142857,0.2857142857142857,-12.058576042076538,-12.058576042076538,-12.058576042076538,-12.058576042076538,-0.4,-0.5714285714285714,-0.5714285714285714,-0.8,-0.8571428571428571,-0.8571428571428571,0.10909090909090909,0.07792207792207792,0.07792207792207792,0.06666666666666667,0.047619047619047616,0.047619047619047616
Adrian Bodmer,1392.916875260387,1392.916875260387,1392.916875260387,1392.916875260387,485.0,72.0,29.9,180.0,0,1,0.0,0.0,0.0,0.0,-7.083124739612913,-7.083124739612913,-7.083124739612913,-7.083124739612913,6.0,6.0,6.0,5.0,5.0,5.0,0.6417910447761194,0.6417910447761194,0.6417910447761194,0.6111111111111112,0.6111111111111112,0.6111111111111112
George Loffhagen,1377.7198200905545,1377.7198200905545,1377.7198200905545,1377.7198200905545,371.0,130.0,24.2,188.0,0,1,0.0,0.0,0.0,0.0,-22.28017990944545,-22.28017990944545,-22.28017990944545,-22.28017990944545,5.0,5.0,5.0,11.0,11.0,11.0,0.6461538461538462,0.6461538461538462,0.6461538461538462,0.45454545454545453,0.45454545454545453,0.45454545454545453
Yibing Wu,1602.6397719610254,1620.370345743672,1419.8652888157417,1391.863059935394,560.0,63.0,25.9,183.0,0,45,0.2,0.36,0.4222222222222222,0.4222222222222222,-28.879367700928015,180.14975274064705,202.63977196102542,202.63977196102542,1.8,3.4,4.377777777777778,3.0,2.35,2.3333333333333335,0.6635714285714285,0.6446378750335308,0.6742936492635273,0.46722222222222226,0.545846490111196,0.5644698272716848
Yoshihito Nishioka,1682.5194422733384,1714.3831910780693,1475.1765689883525,1302.4307148461717,60.0,854.0,30.0,170.0,1,284,0.6,0.6,0.54,0.54,41.99551756637379,-21.94698910928969,14.173012845113135,84.65471210675378,0.8,3.0,1.98,1.2,1.15,1.1,0.5056310228724021,0.6186882877390387,0.6186528708866629,0.3166666666666666,0.4894155844155844,0.4894233544233544
Eero Vasa,1339.3620614279023,1358.7180296045144,1339.3620614279023,1339.3620614279023,703.0,39.0,28.6,185.0,0,6,0.2,0.16666666666666666,0.16666666666666666,0.16666666666666666,-60.63793857209771,-60.63793857209771,-60.63793857209771,-60.63793857209771,3.0,3.3333333333333335,3.3333333333333335,3.0,2.5,2.5,0.47690217118788547,0.4974184759899045,0.4974184759899045,0.4444444444444445,0.48148148148148145,0.48148148148148145
Haluk Akkoyun,1373.9213333474427,1375.7879546719385,1373.9213333474427,1373.9213333474427,1078.0,6.0,43.9,185.67156964873536,0,1,0.0,0.0,0.0,0.0,-26.07866665255733,-26.07866665255733,-26.07866665255733,-26.07866665255733,-1.0,-1.0,-1.0,-1.0,-1.0,-1.0,0.0,0.0,0.0,0.0,0.0,0.0
Cristiano Caratti,1709.495040059194,1763.1413676570737,1709.495040059194,1785.4475669174494,401.0,73.0,55.3,178.0,0,62,0.0,0.16666666666666666,0.16666666666666666,0.16666666666666666,-91.99107890918481,-91.99107890918481,-91.99107890918481,-91.99107890918481,4.2,3.25,3.25,3.8,2.4166666666666665,2.4166666666666665,0.5947034395153411,0.642017839088216,0.642017839088216,0.5492063492063493,0.5349537037037037,0.5349537037037037
Andreas Vinciguerra,1643.0438175796266,1825.868887963583,1764.5697395892823,1854.6070389741083,572.0,47.0,44.3,180.0,1,322,0.0,0.24,0.34,0.36,-135.66561404563004,-290.9536559720061,-259.32987452845714,-388.64354976125514,-0.6,2.5,3.28,-0.4,0.95,1.74,0.1278688524590164,0.4078722662578995,0.5263313377755937,0.12000000000000002,0.36774801587301587,0.4462033920186094
Alex Bogdanovic,1504.501370269386,1383.4503871360719,1446.0197166194948,1496.6281997568512,403.0,92.0,41.1,183.0,1,46,0.2,0.2,0.2391304347826087,0.2391304347826087,-90.90820714256756,-49.22358809848129,104.50137026938592,104.50137026938592,6.0,5.35,4.565217391304348,3.0,2.4,2.4782608695652173,0.6540076550714848,0.5688553480884815,0.5744455591459089,0.23238095238095235,0.39934523809523814,0.4682487922705314
Yuichi Sugita,1580.3587181931543,1484.7737061982841,1369.1677657568569,1507.3067228882371,131.0,612.0,36.9,173.0,0,145,0.2,0.36,0.3,0.41,-46.7525497004101,-123.03961045702977,-193.49578339363939,-1.1962819560003481,2.8,2.6,3.38,1.0,1.65,2.3,0.5540855762594893,0.5964391658613304,0.6584921218158128,0.38793650793650797,0.5251407293686705,0.5310775482687248
Miguel Angel Reyes Varela,1463.9049050850767,1468.9259710898975,1400.0,1463.9049050850767,648.0,41.0,38.2,175.0,0,7,0.6,0.5714285714285714,0.5714285714285714,0.5714285714285714,63.904905085076734,63.904905085076734,63.904905085076734,63.904905085076734,-0.8,-0.42857142857142855,-0.42857142857142855,-0.6,-0.2857142857142857,-0.2857142857142857,0.12592592592592594,0.18032609869344565,0.18032609869344565,0.1,0.16666666666666666,0.16666666666666666
Marco Trungelliti,1536.9222526122492,1378.7222676062188,1581.7951279797633,1400.0,138.0,423.0,35.6,178.0,0,40,0.4,0.44,0.425,0.425,-18.834647890764472,65.54706499041959,136.92225261224917,136.92225261224917,1.8,4.65,3.8,3.2,3.5,3.8,0.6344564777327936,0.668722331648287,0.6598302241182642,0.7034632034632035,0.5861634199134199,0.5941026152210362
Matthew Prentice,1400.0,1400.0,1400.0,1400.0,2000.0,0.0,44.5,185.67156964873536,0,0,0.0,0.0,0.0,0.0,0.0,0.0,0.0,0.0,0.0,0.0,0.0,0.0,0.0,0.0,0.0,0.0,0.0,0.0,0.0,0.0
Daniel Danilovic,1385.809545793736,1385.809545793736,1385.809545793736,1385.809545793736,527.0,83.0,36.9,185.67156964873536,0,1,0.0,0.0,0.0,0.0,-14.190454206263894,-14.190454206263894,-14.190454206263894,-14.190454206263894,-1.0,-1.0,-1.0,-1.0,-1.0,-1.0,0.0,0.0,0.0,0.0,0.0,0.0
Issam Al Tawil,1337.444667720971,1329.2416969925794,1400.0,1337.444667720971,918.0,11.0,35.7,186.27336318231923,0,5,0.2,0.2,0.2,0.2,-62.55533227902902,-62.55533227902902,-62.55533227902902,-62.55533227902902,-1.0,-1.0,-1.0,-1.0,-1.0,-1.0,0.0,0.0,0.0,0.0,0.0,0.0
Edouard Roger-Vasselin,1722.1888856522494,1607.1100581880596,1502.76474814774,1506.1253710531078,186.0,290.0,41.5,185.0,0,207,0.4,0.28,0.32,0.41,-27.018057793131902,-170.09055733800164,-193.82925952792107,-73.0162672477552,5.2,4.95,4.66,2.4,2.1,2.24,0.6873643785408491,0.6880549693986902,0.6998524706457577,0.3388888888888889,0.4525953907203907,0.5554509102009102
Tomas Barrios Vera,1436.4475544612926,1372.9020801594934,1454.1979482862632,1394.5518337486144,162.0,370.0,27.7,191.0,0,21,0.4,0.3333333333333333,0.3333333333333333,0.3333333333333333,-15.452997864617373,36.44755446129261,36.44755446129261,36.44755446129261,3.2,3.45,3.380952380952381,2.2,2.0,2.0952380952380953,0.582993672993673,0.6056409702718889,0.6148961621637037,0.6186904761904761,0.5777678571428572,0.582001133786848
Muhammad Althaf Dhaifullah,1400.0,1400.0,1400.0,1400.0,2000.0,0.0,24.1,185.67156964873536,0,0,0.0,0.0,0.0,0.0,0.0,0.0,0.0,0.0,0.0,0.0,0.0,0.0,0.0,0.0,0.0,0.0,0.0,0.0,0.0,0.0
Darian King,1547.3861145953733,1564.3566635760883,1401.5290710867769,1547.3861145953733,1230.0,6.0,33.3,188.0,0,48,0.6,0.52,0.625,0.625,-111.40330727592345,-26.173668945984673,147.38611459537333,147.38611459537333,0.2,0.95,0.375,1.4,2.1,0.875,0.3105763090676884,0.5073880702266205,0.332723699953652,0.3018181818181818,0.4224838029617441,0.2782428951087039
Dusan Lojda,1431.633988615898,1431.633988615898,1431.633988615898,1431.633988615898,169.0,285.0,37.4,188.0,1,0,0.0,0.0,0.0,0.0,0.0,0.0,0.0,0.0,0.0,0.0,0.0,0.0,0.0,0.0,0.0,0.0,0.0,0.0,0.0,0.0
Duck Hee Lee,1484.989559265136,1484.989559265136,1484.989559265136,1484.989559265136,212.0,226.0,27.2,175.0,0,2,0.5,0.5,0.5,0.5,27.893999341364633,27.893999341364633,27.893999341364633,27.893999341364633,6.0,6.0,6.0,4.0,4.0,4.0,0.7050724637681159,0.7050724637681159,0.7050724637681159,0.5833333333333333,0.5833333333333333,0.5833333333333333
Tyler Chin,1400.0,1400.0,1400.0,1400.0,2000.0,0.0,37.0,185.67156964873536,0,0,0.0,0.0,0.0,0.0,0.0,0.0,0.0,0.0,0.0,0.0,0.0,0.0,0.0,0.0,0.0,0.0,0.0,0.0,0.0,0.0
Diego Veronelli,1788.7740352066796,1757.7351207771235,1801.1016460523233,1788.7740352066796,172.0,218.0,45.3,193.0,0,54,0.5,0.5,0.5,0.5,31.038914429556144,31.038914429556144,31.038914429556144,31.038914429556144,3.25,3.25,3.25,2.75,2.75,2.75,0.6558823529411765,0.6558823529411765,0.6558823529411765,0.36666666666666664,0.36666666666666664,0.36666666666666664
Mohammed Noor Noordin,1375.0,1400.0,1400.0,1375.0,2000.0,0.0,41.6,185.67156964873536,0,1,0.0,0.0,0.0,0.0,-25.0,-25.0,-25.0,-25.0,-1.0,-1.0,-1.0,-1.0,-1.0,-1.0,0.0,0.0,0.0,0.0,0.0,0.0
Thomas Muster,1767.42314983869,1780.879456229563,1817.0614587480268,1767.42314983869,1078.0,6.0,58.0,180.0,1,52,0.0,0.0,0.0,0.0,-49.63830890933673,-49.63830890933673,-49.63830890933673,-49.63830890933673,3.0,3.0,3.0,2.0,2.0,2.0,0.5711206896551724,0.5711206896551724,0.5711206896551724,0.6025641025641025,0.6025641025641025,0.6025641025641025
Jean Julien Rojer,1646.556039655626,1653.4778739557885,1400.0,1646.556039655626,296.0,125.0,43.6,183.0,0,13,1.0,0.9230769230769231,0.9230769230769231,0.9230769230769231,246.5560396556259,246.5560396556259,246.5560396556259,246.5560396556259,-1.0,-1.0,-1.0,-1.0,-1.0,-1.0,0.0,0.0,0.0,0.0,0.0,0.0
Alistair Hunt,1739.1471993487107,1648.5806082145348,1739.1471993487107,1635.071992427293,2000.0,0.0,52.3,190.0,0,19,0.6,0.5555555555555556,0.5555555555555556,0.5555555555555556,104.0752069214177,104.0752069214177,104.0752069214177,104.0752069214177,-1.0,-1.0,-1.0,-1.0,-1.0,-1.0,0.0,0.0,0.0,0.0,0.0,0.0
Abdullah Maqdas,1517.9912532363562,1434.664613537144,1466.1967900192092,1517.9912532363562,1298.0,4.0,37.8,185.67156964873536,0,17,0.6,0.6470588235294118,0.6470588235294118,0.6470588235294118,117.99125323635621,117.99125323635621,117.99125323635621,117.99125323635621,-1.0,-1.0,-1.0,-1.0,-1.0,-1.0,0.0,0.0,0.0,0.0,0.0,0.0
Tim Puetz,1435.9647195642506,1400.0,1435.9647195642506,1441.470154282054,183.0,275.0,37.1,185.0,0,2,0.5,0.5,0.5,0.5,35.96471956425057,35.96471956425057,35.96471956425057,35.96471956425057,19.0,19.0,19.0,6.0,6.0,6.0,0.7879188712522045,0.7879188712522045,0.7879188712522045,0.6136363636363636,0.6136363636363636,0.6136363636363636
David Goffin,1810.9621680542687,1573.7469605001852,1533.7836948464515,1501.807983222011,54.0,980.0,34.8,180.0,0,602,0.8,0.6,0.48,0.51,224.69765073757026,128.6333238090117,48.99834721036814,85.78226338649779,3.8,5.3,4.86,1.8,3.65,3.02,0.6953823280495894,0.7003801945450031,0.6791702416293507,0.6754761904761905,0.5828249791144527,0.5299066346793901
Ingo Neumuller,1663.7618576444756,1663.7618576444756,1663.7618576444756,1663.7618576444756,886.0,8.0,46.3,183.0,0,10,0.0,0.0,0.0,0.0,0.0,0.0,0.0,0.0,0.0,0.0,0.0,0.0,0.0,0.0,0.0,0.0,0.0,0.0,0.0,0.0
Christopher Koderisch,1400.0,1400.0,1400.0,1400.0,1355.0,1.0,40.5,180.0,0,0,0.0,0.0,0.0,0.0,0.0,0.0,0.0,0.0,0.0,0.0,0.0,0.0,0.0,0.0,0.0,0.0,0.0,0.0,0.0,0.0
Todd Reid,1749.18636153304,1724.4629512016375,1400.0,1488.2753076318697,175.0,246.0,40.6,180.0,0,35,0.0,0.44,0.4,0.4,56.48989190637735,350.2666510615368,349.1863615330401,349.1863615330401,2.4,3.5,3.1142857142857143,1.0,1.75,1.6285714285714286,0.46700366300366297,0.6180911392384039,0.5920148701053024,0.5384615384615384,0.5118742368742368,0.493887937459366
Kasper Warming,1572.9225841206053,1572.9225841206053,1572.9225841206053,1572.9225841206053,2000.0,0.0,49.2,186.27336318231923,0,10,0.0,0.0,0.0,0.0,0.0,0.0,0.0,0.0,0.0,0.0,0.0,0.0,0.0,0.0,0.0,0.0,0.0,0.0,0.0,0.0
Santiago Giraldo,1584.9570073076463,1405.7686612081677,1580.8940471627022,1434.368238739503,292.0,140.0,37.2,188.0,0,371,0.4,0.36,0.36,0.41,-59.57723956583345,-120.24188691933273,-158.7102997627569,-221.4229415135685,2.4,4.0,4.18,2.2,2.65,2.26,0.6824890817379794,0.6673208806883533,0.6852619381139378,0.5799999999999998,0.5401102941176471,0.5276819242848654
Vicente Elberto Anasta,1381.1651549816315,1381.1651549816315,1381.1651549816315,1381.1651549816315,2000.0,0.0,43.0,185.67156964873536,0,1,0.0,0.0,0.0,0.0,-18.83484501836847,-18.83484501836847,-18.83484501836847,-18.83484501836847,-1.0,-1.0,-1.0,-1.0,-1.0,-1.0,0.0,0.0,0.0,0.0,0.0,0.0
Arthur Cazaux,1600.8581249661638,1641.8485921198774,1371.4221002691966,1379.3033653895607,85.0,678.0,23.1,183.0,0,28,0.6,0.4,0.39285714285714285,0.39285714285714285,87.43232043321132,200.8581249661638,200.8581249661638,200.8581249661638,8.0,9.6,9.392857142857142,1.4,3.05,2.6785714285714284,0.8101441632371424,0.7593772117860037,0.7518658275752649,0.6640476190476191,0.5370084082584082,0.5694666366423885
Jerome Haehnel,1705.5034908979776,1763.5886867607667,1592.8534594730302,1595.8709343406244,675.0,30.0,45.2,185.0,0,35,0.0,0.32,0.32,0.32,-54.61819016734876,76.2675246921749,76.2675246921749,76.2675246921749,3.8,4.15,4.12,5.2,3.15,3.08,0.658980410988733,0.6537065884303219,0.6707114501033402,0.4230769230769231,0.42525696525696527,0.4855735375735376
Nasser Ghanim Al Khulaifi,1400.0,1400.0,1400.0,1400.0,2000.0,0.0,52.1,185.67156964873536,0,0,0.0,0.0,0.0,0.0,0.0,0.0,0.0,0.0,0.0,0.0,0.0,0.0,0.0,0.0,0.0,0.0,0.0,0.0,0.0,0.0
Andrew Harris,1433.049094140177,1465.218238821144,1433.049094140177,1433.049094140177,232.0,251.0,30.9,183.0,0,1,0.0,0.0,0.0,0.0,-4.096401497033867,-4.096401497033867,-4.096401497033867,-4.096401497033867,4.0,4.0,4.0,4.0,4.0,4.0,0.6610169491525424,0.6610169491525424,0.6610169491525424,0.4444444444444444,0.4444444444444444,0.4444444444444444
Tim Van Rijthoven,1607.6259986773834,1383.4504376500633,1607.6259986773834,1635.7734063391013,2000.0,0.0,28.1,188.0,0,21,0.4,0.5238095238095238,0.5238095238095238,0.5238095238095238,235.44280336965926,207.62599867738345,207.62599867738345,207.62599867738345,10.2,12.95,12.285714285714286,2.0,3.55,3.3333333333333335,0.6368095286572331,0.7472367233664475,0.7116540222537596,0.575,0.5429687142922437,0.5171130612307083
Daniel Vallverdu,1398.7260964326317,1402.2944270796277,1387.1357243378645,1398.7260964326317,1035.0,9.0,39.4,180.0,0,8,0.6,0.375,0.375,0.375,-1.2739035673682793,-1.2739035673682793,-1.2739035673682793,-1.2739035673682793,-1.0,-1.0,-1.0,-1.0,-1.0,-1.0,0.0,0.0,0.0,0.0,0.0,0.0
Timothy Neilly,1376.3012013873606,1408.2189087304394,1394.913592141341,1376.3012013873606,1083.0,10.0,37.8,185.67156964873536,0,5,0.2,0.2,0.2,0.2,-23.698798612639393,-23.698798612639393,-23.698798612639393,-23.698798612639393,-1.0,-1.0,-1.0,-1.0,-1.0,-1.0,0.0,0.0,0.0,0.0,0.0,0.0
Germain Gigounon,1403.9561141666836,1403.9561141666836,1403.9561141666836,1403.9561141666836,209.0,229.0,36.0,185.67156964873536,0,0,0.0,0.0,0.0,0.0,0.0,0.0,0.0,0.0,0.0,0.0,0.0,0.0,0.0,0.0,0.0,0.0,0.0,0.0,0.0,0.0
Mazen Osama,1400.0,1400.0,1400.0,1400.0,480.0,76.0,30.1,186.27336318231923,0,0,0.0,0.0,0.0,0.0,0.0,0.0,0.0,0.0,0.0,0.0,0.0,0.0,0.0,0.0,0.0,0.0,0.0,0.0,0.0,0.0
Aristotelis Thanos,1449.5137044491041,1422.3127595413782,1400.0,1449.5137044491041,713.0,37.0,24.4,185.67156964873536,0,3,0.6666666666666666,0.6666666666666666,0.6666666666666666,0.6666666666666666,49.513704449104125,49.513704449104125,49.513704449104125,49.513704449104125,2.0,2.0,2.0,4.666666666666667,4.666666666666667,4.666666666666667,0.671847442680776,0.671847442680776,0.671847442680776,0.6583333333333333,0.6583333333333333,0.6583333333333333
Andy Roddick,2114.512334766083,1756.13072774816,1379.4244993969903,1753.290218426823,22.0,1600.0,42.9,188.0,0,823,0.4,0.6,0.6,0.62,-10.98361558157103,-121.12894315296035,-91.39356792270837,-226.52462315201228,7.2,9.1,8.96,1.2,1.4,1.7,0.7591757211498218,0.752463819978094,0.733842959124018,0.4666666666666668,0.4883333333333334,0.5197515817515818
Ernesto Escobedo,1421.593657792776,1478.9159912267378,1375.2275059062304,1420.4607879681191,493.0,82.0,28.6,185.0,0,62,0.2,0.28,0.32,0.3387096774193548,-105.74855389183836,-81.70953618624776,-97.96788713135925,21.593657792775957,0.6,4.65,6.3,2.0,2.9,2.98,0.3812085943545224,0.6143518727097458,0.681963924398486,0.3622222222222222,0.5048575036075036,0.5478674991674991
Ryan Russell,1529.2643358621062,1553.8300557605567,1400.0,1529.2643358621062,2000.0,0.0,41.7,185.67156964873536,1,11,0.8,0.7272727272727273,0.7272727272727273,0.7272727272727273,129.26433586210624,129.26433586210624,129.26433586210624,129.26433586210624,-1.0,-1.0,-1.0,-1.0,-1.0,-1.0,0.0,0.0,0.0,0.0,0.0,0.0
Genaro Deleon,1377.1861228604328,1400.0,1391.2898249789937,1377.1861228604328,2000.0,0.0,54.2,185.67156964873536,0,1,0.0,0.0,0.0,0.0,-22.81387713956724,-22.81387713956724,-22.81387713956724,-22.81387713956724,-1.0,-1.0,-1.0,-1.0,-1.0,-1.0,0.0,0.0,0.0,0.0,0.0,0.0
Frederick Sundsten,1400.0,1400.0,1400.0,1400.0,2000.0,0.0,46.3,185.67156964873536,0,0,0.0,0.0,0.0,0.0,0.0,0.0,0.0,0.0,0.0,0.0,0.0,0.0,0.0,0.0,0.0,0.0,0.0,0.0,0.0,0.0
Matthew Behrmann,1400.0,1400.0,1400.0,1400.0,1358.0,1.0,44.9,185.67156964873536,0,0,0.0,0.0,0.0,0.0,0.0,0.0,0.0,0.0,0.0,0.0,0.0,0.0,0.0,0.0,0.0,0.0,0.0,0.0,0.0,0.0
Jonathan Igbinovia,1365.9991414449948,1365.9991414449948,1365.9991414449948,1365.9991414449948,1118.0,5.0,44.5,185.67156964873536,0,2,0.0,0.0,0.0,0.0,-34.00085855500515,-34.00085855500515,-34.00085855500515,-34.00085855500515,-1.0,-1.0,-1.0,-1.0,-1.0,-1.0,0.0,0.0,0.0,0.0,0.0,0.0
Rogerio Dutra Silva,1508.5798996774326,1476.5043394270199,1531.015224267528,1324.314455203576,138.0,407.0,41.0,178.0,0,94,0.2,0.28,0.3,0.3191489361702128,3.6496791419351666,-29.745752761861922,-31.816242038431483,107.09378070905382,2.4,2.3,3.58,3.6,2.75,3.62,0.6831130512601111,0.6821295519841375,0.6792153070525245,0.6194805194805195,0.5863095238095238,0.5449411764705883
Go Soeda,1609.8244697212147,1486.3908111565927,1383.800979387902,1361.0030104485024,119.0,480.0,40.9,178.0,0,147,0.4,0.32,0.32,0.35,-26.462243959335638,-41.83913396741946,-88.55841012099131,-77.40943847266453,3.4,3.5,2.44,1.4,2.0,1.72,0.6999437907531271,0.7173826694302026,0.5923404816036983,0.4433838383838384,0.5218380230880231,0.4296824009324009
Michael Mora,1400.0,1400.0,1400.0,1400.0,2000.0,0.0,47.3,186.27336318231923,0,0,0.0,0.0,0.0,0.0,0.0,0.0,0.0,0.0,0.0,0.0,0.0,0.0,0.0,0.0,0.0,0.0,0.0,0.0,0.0,0.0
Christian Harrison,1488.3373846223355,1501.532441294135,1400.0,1412.3859547906452,251.0,210.0,31.0,180.0,0,13,0.6,0.38461538461538464,0.38461538461538464,0.38461538461538464,88.33738462233555,88.33738462233555,88.33738462233555,88.33738462233555,4.4,4.615384615384615,4.615384615384615,3.0,3.0,3.0,0.7150135910053198,0.683623707616901,0.683623707616901,0.650952380952381,0.6387362637362638,0.6387362637362638
Francisco Cerundolo,1800.2951586653248,1494.2509484696857,1737.3247236523391,1387.5605270566582,30.0,1620.0,27.2,185.0,0,189,0.6,0.56,0.54,0.55,6.153374544975804,0.5357420475154413,33.72649544085084,-26.401755547746006,4.4,4.0,3.56,2.8,3.75,3.2,0.7301537951332753,0.7202797456798571,0.6961639714632394,0.7372494172494173,0.5885087828837829,0.5821410767594979
Brian Dabul,1635.0788132479042,1567.7861680877652,1541.5603948647702,1512.5399478185548,164.0,332.0,41.3,170.0,1,41,0.2,0.32,0.36585365853658536,0.36585365853658536,47.78174361304582,88.42642952959613,151.00234629293004,151.00234629293004,2.4,2.05,2.292682926829268,3.4,1.85,1.6829268292682926,0.6759574178442103,0.6856121960773897,0.6855241256272867,0.5642857142857143,0.5975960735171262,0.5933343364665572
Andrei Gorban,1389.9512894880197,1400.0,1406.7429531991377,1389.9512894880197,781.0,17.0,41.5,185.67156964873536,0,9,0.2,0.3333333333333333,0.3333333333333333,0.3333333333333333,-10.048710511980289,-10.048710511980289,-10.048710511980289,-10.048710511980289,-1.0,-1.0,-1.0,-1.0,-1.0,-1.0,0.0,0.0,0.0,0.0,0.0,0.0
Wesley Moodie,1870.0643411429194,1715.2843684910424,1362.0953794866814,1547.2902560552204,157.0,274.0,46.6,196.0,0,126,0.4,0.48,0.42,0.45,-37.134475648793796,9.605240706705672,-110.70593976100372,214.75286349119642,6.8,8.05,9.62,3.8,2.7,3.08,0.7166353353145806,0.7104318144021005,0.6997099315856071,0.6604761904761904,0.6077705627705627,0.5826022866022865
Facundo Diaz Acosta,1580.7389435778875,1372.9319950992272,1619.4471554354493,1400.0,67.0,830.0,24.8,183.0,1,40,0.2,0.48,0.45,0.45,-76.27936603844864,152.04590071430425,180.73894357788754,180.73894357788754,2.8,2.95,2.675,3.8,3.05,3.525,0.6118522260552439,0.6552908544036573,0.6618592538506072,0.53,0.5423214285714286,0.5707913961038961
Davit Babayan,1400.0,1400.0,1400.0,1400.0,2000.0,0.0,46.6,185.67156964873536,0,0,0.0,0.0,0.0,0.0,0.0,0.0,0.0,0.0,0.0,0.0,0.0,0.0,0.0,0.0,0.0,0.0,0.0,0.0,0.0,0.0
Roberto Carretero,1855.8624555990361,1855.8624555990361,1855.8624555990361,1855.8624555990361,1236.0,2.0,50.0,178.0,0,53,0.6666666666666666,0.6666666666666666,0.6666666666666666,0.6666666666666666,30.254435507578137,30.254435507578137,30.254435507578137,30.254435507578137,5.333333333333333,5.333333333333333,5.333333333333333,3.6666666666666665,3.6666666666666665,3.6666666666666665,0.7147417396932011,0.7147417396932011,0.7147417396932011,0.8111111111111112,0.8111111111111112,0.8111111111111112
Henry So,1400.0,1400.0,1400.0,1400.0,1209.0,4.0,44.3,185.67156964873536,0,0,0.0,0.0,0.0,0.0,0.0,0.0,0.0,0.0,0.0,0.0,0.0,0.0,0.0,0.0,0.0,0.0,0.0,0.0,0.0,0.0
Daniel Willman,1398.8807320838487,1400.0,1398.8807320838487,1398.8807320838487,353.0,87.0,49.8,185.67156964873536,0,1,0.0,0.0,0.0,0.0,-1.1192679161513297,-1.1192679161513297,-1.1192679161513297,-1.1192679161513297,2.0,2.0,2.0,4.0,4.0,4.0,0.5135135135135135,0.5135135135135135,0.5135135135135135,0.5454545454545454,0.5454545454545454,0.5454545454545454
Rouzbeh Kamran,1398.4561623513773,1373.4561623513773,1400.0,1398.4561623513773,1793.0,1.0,41.8,185.67156964873536,0,2,0.5,0.5,0.5,0.5,-1.5438376486226844,-1.5438376486226844,-1.5438376486226844,-1.5438376486226844,-1.0,-1.0,-1.0,-1.0,-1.0,-1.0,0.0,0.0,0.0,0.0,0.0,0.0
Matavao Fanguna,1400.0,1400.0,1400.0,1400.0,2000.0,0.0,28.2,185.67156964873536,0,0,0.0,0.0,0.0,0.0,0.0,0.0,0.0,0.0,0.0,0.0,0.0,0.0,0.0,0.0,0.0,0.0,0.0,0.0,0.0,0.0
Erik Chvojka,1397.8992742575683,1400.0,1400.0,1397.8992742575683,233.0,211.0,38.4,185.0,1,1,0.0,0.0,0.0,0.0,-2.1007257424316776,-2.1007257424316776,-2.1007257424316776,-2.1007257424316776,7.0,7.0,7.0,7.0,7.0,7.0,0.76,0.76,0.76,0.8235294117647058,0.8235294117647058,0.8235294117647058
Sergis Kyratzis,1284.372840982498,1349.695336214196,1387.005335252643,1284.372840982498,1574.0,2.0,29.8,186.27336318231923,1,7,0.0,0.0,0.0,0.0,-115.62715901750198,-115.62715901750198,-115.62715901750198,-115.62715901750198,-1.0,-1.0,-1.0,-1.0,-1.0,-1.0,0.0,0.0,0.0,0.0,0.0,0.0
Vladyslav Orlov,1391.1902026750256,1391.1902026750256,1391.1902026750256,1391.1902026750256,598.0,58.0,29.7,188.0,0,3,0.3333333333333333,0.3333333333333333,0.3333333333333333,0.3333333333333333,-8.809797324974397,-8.809797324974397,-8.809797324974397,-8.809797324974397,-1.0,-1.0,-1.0,-1.0,-1.0,-1.0,0.0,0.0,0.0,0.0,0.0,0.0
Arthur Fils,1892.9234134357882,1655.6362451800508,1616.1419990678687,1463.065330350218,20.0,2355.0,21.5,185.0,0,107,0.4,0.6,0.58,0.57,54.59686736324602,199.3259708378091,161.89009932487852,277.7954785188101,9.8,9.0,6.42,4.0,3.05,3.14,0.8411060834590247,0.8069206055815664,0.760712841680938,0.6606060606060605,0.5616594516594516,0.5514575375604788
Michael Massih,1400.0,1400.0,1400.0,1400.0,2000.0,0.0,37.7,185.67156964873536,0,0,0.0,0.0,0.0,0.0,0.0,0.0,0.0,0.0,0.0,0.0,0.0,0.0,0.0,0.0,0.0,0.0,0.0,0.0,0.0,0.0
Martin Slanar,1575.0680406792032,1548.667843517411,1575.0680406792032,1575.0680406792032,232.0,171.0,44.4,185.67156964873536,0,12,0.5,0.5,0.5,0.5,9.050448418508267,9.050448418508267,9.050448418508267,9.050448418508267,5.0,5.0,5.0,4.5,4.5,4.5,0.6923076923076923,0.6923076923076923,0.6923076923076923,0.5727272727272728,0.5727272727272728,0.5727272727272728
Mubarak Shannan Zayid,1375.4298787414157,1375.4298787414157,1375.4298787414157,1375.4298787414157,2000.0,0.0,29.9,185.67156964873536,0,3,0.0,0.0,0.0,0.0,-24.570121258584322,-24.570121258584322,-24.570121258584322,-24.570121258584322,3.3333333333333335,3.3333333333333335,3.3333333333333335,2.6666666666666665,2.6666666666666665,2.6666666666666665,0.5831465919701214,0.5831465919701214,0.5831465919701214,0.6102564102564102,0.6102564102564102,0.6102564102564102
Diego Cubas,1394.7177683774712,1394.7177683774712,1394.7177683774712,1394.7177683774712,1102.0,5.0,39.3,186.27336318231923,0,1,0.0,0.0,0.0,0.0,-5.282231622528798,-5.282231622528798,-5.282231622528798,-5.282231622528798,-1.0,-1.0,-1.0,-1.0,-1.0,-1.0,0.0,0.0,0.0,0.0,0.0,0.0
Roman Borvanov,1393.6649093168394,1393.6649093168394,1393.6649093168394,1393.6649093168394,252.0,186.0,42.8,183.0,0,1,0.0,0.0,0.0,0.0,-6.335090683160615,-6.335090683160615,-6.335090683160615,-6.335090683160615,7.0,7.0,7.0,5.0,5.0,5.0,0.75,0.75,0.75,0.5714285714285714,0.5714285714285714,0.5714285714285714
Marc Fornell Mestres,1613.005426238439,1613.005426238439,1613.005426238439,1613.005426238439,284.0,132.0,43.1,185.67156964873536,0,10,0.0,0.0,0.0,0.0,0.0,0.0,0.0,0.0,0.0,0.0,0.0,0.0,0.0,0.0,0.0,0.0,0.0,0.0,0.0,0.0
Hernan Casanova,1400.0,1400.0,1400.0,1400.0,321.0,147.0,31.4,178.0,0,0,0.0,0.0,0.0,0.0,0.0,0.0,0.0,0.0,0.0,0.0,0.0,0.0,0.0,0.0,0.0,0.0,0.0,0.0,0.0,0.0
Jose Benitez,1398.5892346672158,1400.0,1425.0,1398.5892346672158,1006.0,7.0,34.9,186.27336318231923,0,2,0.5,0.5,0.5,0.5,-1.4107653327841945,-1.4107653327841945,-1.4107653327841945,-1.4107653327841945,-1.0,-1.0,-1.0,-1.0,-1.0,-1.0,0.0,0.0,0.0,0.0,0.0,0.0
Taylor Fritz,2074.0074253605076,1850.085725269547,1570.939519180499,1441.348510110958,4.0,5100.0,28.0,196.0,0,475,0.6,0.6,0.68,0.69,71.24917799414675,82.98817481209926,116.32394959309704,92.26143508899258,9.0,9.95,10.76,0.8,2.5,2.08,0.8050373773788552,0.776914075194497,0.795042710702909,0.7714285714285715,0.673968253968254,0.6356959706959707
Andrea Vavassori,1565.4986027988257,1419.2003403526985,1515.5411957109598,1389.2783348632784,206.0,291.0,30.2,193.0,0,20,0.4,0.45,0.45,0.45,141.35141623915933,165.4986027988257,165.4986027988257,165.4986027988257,6.0,5.05,5.05,1.8,3.55,3.55,0.6954729538147132,0.7050468784895234,0.7050468784895234,0.6896464646464646,0.5983265345765345,0.5983265345765345
Bing Chao Lin,1625.6437046594235,1590.5774607245128,1601.9129828504986,1625.6437046594235,1010.0,5.0,51.4,180.0,0,12,1.0,1.0,1.0,1.0,35.066243934910744,35.066243934910744,35.066243934910744,35.066243934910744,-1.0,-1.0,-1.0,-1.0,-1.0,-1.0,0.0,0.0,0.0,0.0,0.0,0.0
Lavaughn Munroe,1400.0,1400.0,1400.0,1400.0,2000.0,0.0,43.6,185.67156964873536,0,0,0.0,0.0,0.0,0.0,0.0,0.0,0.0,0.0,0.0,0.0,0.0,0.0,0.0,0.0,0.0,0.0,0.0,0.0,0.0,0.0
Evghenii Plugariov,1608.1299233161037,1608.1299233161037,1608.1299233161037,1608.1299233161037,2000.0,0.0,45.0,185.67156964873536,0,14,0.5,0.5,0.5,0.5,-8.377304160281938,-8.377304160281938,-8.377304160281938,-8.377304160281938,-1.0,-1.0,-1.0,-1.0,-1.0,-1.0,0.0,0.0,0.0,0.0,0.0,0.0
Paul Logtens,1398.2754014486006,1398.2754014486006,1398.2754014486006,1398.2754014486006,286.0,124.0,45.5,175.0,0,1,0.0,0.0,0.0,0.0,-1.7245985513993674,-1.7245985513993674,-1.7245985513993674,-1.7245985513993674,3.0,3.0,3.0,7.0,7.0,7.0,0.625,0.625,0.625,0.5,0.5,0.5
Claudio Dias Conduto,1400.0,1400.0,1400.0,1400.0,2000.0,0.0,31.5,185.67156964873536,0,0,0.0,0.0,0.0,0.0,0.0,0.0,0.0,0.0,0.0,0.0,0.0,0.0,0.0,0.0,0.0,0.0,0.0,0.0,0.0,0.0
Cheng Yu Yu,1400.0,1400.0,1400.0,1400.0,699.0,30.0,29.8,185.67156964873536,0,0,0.0,0.0,0.0,0.0,0.0,0.0,0.0,0.0,0.0,0.0,0.0,0.0,0.0,0.0,0.0,0.0,0.0,0.0,0.0,0.0
Nikola Mektic,1438.7824246836146,1396.0913627303346,1450.4057166265734,1438.7824246836146,2000.0,0.0,36.8,183.0,0,11,0.2,0.2727272727272727,0.2727272727272727,0.2727272727272727,38.782424683614636,38.782424683614636,38.782424683614636,38.782424683614636,6.2,3.909090909090909,3.909090909090909,2.0,1.0909090909090908,1.0909090909090908,0.6661248473748473,0.5784671250021962,0.5784671250021962,0.4586147186147187,0.4030499803227076,0.4030499803227076
Marcel Felder,1642.989129627305,1604.0933407556952,1554.2296298078004,1642.989129627305,522.0,56.0,40.7,174.0,0,44,0.8,0.6,0.6176470588235294,0.6176470588235294,73.47257315828529,76.97153736660994,76.97153736660994,76.97153736660994,-1.0,-1.0,-1.0,-1.0,-1.0,-1.0,0.0,0.0,0.0,0.0,0.0,0.0
Alexander Zgirovsky,1400.0,1400.0,1400.0,1400.0,1233.0,6.0,24.1,191.0,0,0,0.0,0.0,0.0,0.0,0.0,0.0,0.0,0.0,0.0,0.0,0.0,0.0,0.0,0.0,0.0,0.0,0.0,0.0,0.0,0.0
Magloire Yakpa,1400.0,1400.0,1400.0,1400.0,2000.0,0.0,33.2,185.67156964873536,0,0,0.0,0.0,0.0,0.0,0.0,0.0,0.0,0.0,0.0,0.0,0.0,0.0,0.0,0.0,0.0,0.0,0.0,0.0,0.0,0.0
Mose Navarra,1853.7721041634752,1853.7721041634752,1836.860686530838,1853.7721041634752,428.0,61.0,50.7,180.0,1,52,0.5,0.5,0.5,0.5,8.32518054690695,8.32518054690695,8.32518054690695,8.32518054690695,0.5,0.5,0.5,3.0,3.0,3.0,0.40789473684210525,0.40789473684210525,0.40789473684210525,0.375,0.375,0.375
Jay Gooding,1678.6038020999708,1678.6038020999708,1678.6038020999708,1678.6038020999708,708.0,17.0,48.8,188.0,0,10,0.0,0.0,0.0,0.0,0.0,0.0,0.0,0.0,0.0,0.0,0.0,0.0,0.0,0.0,0.0,0.0,0.0,0.0,0.0,0.0
John Millman,1626.3329991711378,1580.2820870878354,1412.6665568499639,1476.3542150579024,140.0,410.0,35.5,183.0,0,268,0.4,0.36,0.44,0.45,-95.41565757709327,-119.12422726927252,-99.15667665293267,-152.2820279511168,6.0,3.9,3.26,2.8,1.65,1.44,0.6286738408335505,0.6401946966018591,0.663682895486652,0.6366666666666666,0.5311616161616162,0.5151452582505215
Yves Allegro,1703.0918582126912,1683.4207166963865,1707.55776684877,1748.3007971165857,2000.0,0.0,47.0,183.0,0,64,0.4,0.35714285714285715,0.35714285714285715,0.35714285714285715,-4.465908636078666,-4.465908636078666,-4.465908636078666,-4.465908636078666,5.0,4.714285714285714,4.714285714285714,3.6,4.714285714285714,4.714285714285714,0.5545966067594842,0.616221059546399,0.616221059546399,0.6238888888888889,0.4763605442176871,0.4763605442176871
Santiago Maresca,1411.4183613016173,1424.534376396036,1400.0,1411.4183613016173,1539.0,3.0,30.4,185.67156964873536,0,4,0.5,0.5,0.5,0.5,11.418361301617324,11.418361301617324,11.418361301617324,11.418361301617324,-1.0,-1.0,-1.0,-1.0,-1.0,-1.0,0.0,0.0,0.0,0.0,0.0,0.0
Nicolas Coutelot,1815.465244824332,1729.0818730751537,1917.7471173461165,1724.9444692301504,208.0,165.0,48.2,185.0,0,79,0.2,0.4,0.3793103448275862,0.3793103448275862,-51.704269266854,74.90891993700848,74.90891993700848,74.90891993700848,3.8,2.95,3.0,2.2,2.9,3.2413793103448274,0.6211063234197562,0.6524452696897712,0.6622324012202038,0.44000000000000006,0.5935222865369925,0.5863170764860207
Marcelo Amador,1563.690281062104,1563.690281062104,1566.017592260695,1563.690281062104,516.0,41.0,44.7,185.67156964873536,0,11,0.0,0.0,0.0,0.0,-2.3273111985909054,-2.3273111985909054,-2.3273111985909054,-2.3273111985909054,-1.0,-1.0,-1.0,-1.0,-1.0,-1.0,0.0,0.0,0.0,0.0,0.0,0.0
Jean Michel Durango,1425.0,1425.0,1425.0,1425.0,755.0,19.0,37.1,185.67156964873536,0,1,1.0,1.0,1.0,1.0,25.0,25.0,25.0,25.0,-1.0,-1.0,-1.0,-1.0,-1.0,-1.0,0.0,0.0,0.0,0.0,0.0,0.0
Juan Rios,1400.0,1400.0,1400.0,1400.0,2000.0,0.0,58.3,185.0,0,0,0.0,0.0,0.0,0.0,0.0,0.0,0.0,0.0,0.0,0.0,0.0,0.0,0.0,0.0,0.0,0.0,0.0,0.0,0.0,0.0
Lucas Gomez,1276.6254974896335,1334.6406048866465,1320.15238605205,1276.6254974896335,735.0,23.0,30.0,178.0,1,15,0.2,0.13333333333333333,0.13333333333333333,0.13333333333333333,-123.37450251036648,-123.37450251036648,-123.37450251036648,-123.37450251036648,0.6,0.7333333333333333,0.7333333333333333,1.6,1.9333333333333333,1.9333333333333333,0.4828733031674208,0.4268978868374654,0.4268978868374654,0.2871212121212121,0.24897306397306398,0.24897306397306398
Andre Ghem,1450.5085726476482,1450.5085726476482,1450.5085726476482,1450.5085726476482,221.0,244.0,43.1,193.0,0,6,0.2,0.3333333333333333,0.3333333333333333,0.3333333333333333,50.50857264764818,50.50857264764818,50.50857264764818,50.50857264764818,2.8,3.1666666666666665,3.1666666666666665,2.2,2.1666666666666665,2.1666666666666665,0.7303965201465201,0.7290341371591372,0.7290341371591372,0.5428571428571429,0.5912698412698413,0.5912698412698413
Jaan Kononov,1400.0,1400.0,1400.0,1400.0,2000.0,0.0,32.4,185.67156964873536,0,0,0.0,0.0,0.0,0.0,0.0,0.0,0.0,0.0,0.0,0.0,0.0,0.0,0.0,0.0,0.0,0.0,0.0,0.0,0.0,0.0
Steve Darcis,1702.8775539316762,1461.1913389954755,1546.8042393269297,1459.8317127130504,200.0,242.0,40.8,178.0,0,253,0.2,0.32,0.38,0.44,-149.42224020525464,-160.20520894076253,-201.11230155318026,-192.2132251446244,3.0,3.4,3.38,2.0,1.7,1.56,0.7429930482314384,0.6704744628047288,0.6592446464219496,0.4342857142857143,0.5564646464646466,0.5480427056603527
Nodar Itonishvili,1350.6445343091298,1400.0,1373.3176677346082,1350.6445343091298,1356.0,4.0,40.6,185.67156964873536,0,3,0.0,0.0,0.0,0.0,-49.35546569087023,-49.35546569087023,-49.35546569087023,-49.35546569087023,-1.0,-1.0,-1.0,-1.0,-1.0,-1.0,0.0,0.0,0.0,0.0,0.0,0.0
Matt Klinger,1400.0,1400.0,1400.0,1400.0,683.0,19.0,45.7,186.27336318231923,0,0,0.0,0.0,0.0,0.0,0.0,0.0,0.0,0.0,0.0,0.0,0.0,0.0,0.0,0.0,0.0,0.0,0.0,0.0,0.0,0.0
Nikola Cacic,1438.8018706039863,1438.8018706039863,1438.8018706039863,1438.8018706039863,761.0,27.0,34.6,183.0,0,1,1.0,1.0,1.0,1.0,38.801870603986345,38.801870603986345,38.801870603986345,38.801870603986345,1.0,1.0,1.0,3.0,3.0,3.0,0.6521739130434783,0.6521739130434783,0.6521739130434783,0.625,0.625,0.625
Ruben Gonzales,1516.0931393376081,1383.2489100446332,1541.2857181959498,1516.0931393376081,925.0,14.0,39.3,186.27336318231923,0,14,0.6,0.6428571428571429,0.6428571428571429,0.6428571428571429,116.09313933760814,116.09313933760814,116.09313933760814,116.09313933760814,4.4,0.9285714285714286,0.9285714285714286,3.8,0.7142857142857143,0.7142857142857143,0.4148358851898675,0.14815567328209553,0.14815567328209553,0.363903743315508,0.12996562261268144,0.12996562261268144
Pedro Sousa,1454.8622594324174,1332.7380528711103,1509.9562799891141,1400.0,475.0,82.0,36.8,180.0,0,48,0.0,0.28,0.3541666666666667,0.3541666666666667,42.15089056260513,-42.357026657704864,54.86225943241743,54.86225943241743,0.6,2.7,2.1458333333333335,3.4,2.95,2.3541666666666665,0.4420997407854922,0.57479984943988,0.5358426313128101,0.44668803418803427,0.4514871933621933,0.43689548298923303
Jalil Khan,1351.4525832648942,1322.2282544155191,1393.4177490316024,1351.4525832648942,2000.0,0.0,43.4,185.67156964873536,0,5,0.2,0.2,0.2,0.2,-48.5474167351058,-48.5474167351058,-48.5474167351058,-48.5474167351058,-1.0,-1.0,-1.0,-1.0,-1.0,-1.0,0.0,0.0,0.0,0.0,0.0,0.0
Thomas Kromann,1405.8333469771444,1370.917891187571,1400.0,1405.8333469771444,2000.0,0.0,37.6,185.67156964873536,1,3,0.3333333333333333,0.3333333333333333,0.3333333333333333,0.3333333333333333,5.8333469771444015,5.8333469771444015,5.8333469771444015,5.8333469771444015,-1.0,-1.0,-1.0,-1.0,-1.0,-1.0,0.0,0.0,0.0,0.0,0.0,0.0
Alex Knaff,1374.9222295948098,1356.9896256757506,1417.9244941142347,1374.9222295948098,644.0,48.0,27.7,193.0,0,8,0.6,0.375,0.375,0.375,-25.077770405190222,-25.077770405190222,-25.077770405190222,-25.077770405190222,1.2,1.0,1.0,2.0,2.625,2.625,0.39677355892189653,0.40796724055995154,0.40796724055995154,0.34571428571428575,0.3424918831168831,0.3424918831168831
Andrey Dernovskiy,1493.1785711614436,1572.9225841206053,1500.3070554622157,1493.1785711614436,1180.0,3.0,42.8,185.67156964873536,0,20,0.2,0.2,0.2,0.2,-79.74401295916164,-79.74401295916164,-79.74401295916164,-79.74401295916164,-1.0,-1.0,-1.0,-1.0,-1.0,-1.0,0.0,0.0,0.0,0.0,0.0,0.0
Simon Greul,1726.063461907706,1662.2105399700308,1697.307665580545,1631.7457589668882,125.0,443.0,44.0,185.0,0,126,0.6,0.4,0.36,0.39,-15.405288345595636,43.936102873779646,-70.54220756785458,-27.257691918823184,4.6,3.0,2.92,5.0,3.35,3.56,0.7206657329598506,0.6566676902737372,0.6479658972684738,0.5916666666666666,0.5414209401709401,0.5054166147577912
Navdeep Singh,1400.0,1400.0,1400.0,1400.0,817.0,15.0,39.5,185.67156964873536,0,0,0.0,0.0,0.0,0.0,0.0,0.0,0.0,0.0,0.0,0.0,0.0,0.0,0.0,0.0,0.0,0.0,0.0,0.0,0.0,0.0
Joao Fonseca,1647.5429395445315,1584.967110785326,1462.6011518284204,1400.0,145.0,409.0,19.3,185.0,0,19,1.0,0.5789473684210527,0.5789473684210527,0.5789473684210527,247.54293954453146,247.54293954453146,247.54293954453146,247.54293954453146,6.8,4.578947368421052,4.578947368421052,1.0,1.736842105263158,1.736842105263158,0.779101047826538,0.695680500304535,0.695680500304535,0.48,0.44741559609980663,0.44741559609980663
Irakli Metreveli,1400.0,1400.0,1400.0,1400.0,2085.0,1.0,26.9,185.67156964873536,0,0,0.0,0.0,0.0,0.0,0.0,0.0,0.0,0.0,0.0,0.0,0.0,0.0,0.0,0.0,0.0,0.0,0.0,0.0,0.0,0.0
Arnaud Clement,1572.865950215415,1882.3698368295154,1789.2092091965244,1943.610395748519,139.0,400.0,47.4,173.0,0,689,0.4,0.32,0.38,0.38,-67.02838506156536,-110.83511938670745,-129.01158905984676,-156.68972493889532,4.6,4.7,4.68,2.2,2.7,2.36,0.6707704860528604,0.6781125296584599,0.6808927592882594,0.7133333333333334,0.5213636363636363,0.520505772005772
Kim Tiilikainen,1785.9350095526688,1785.9350095526688,1785.9350095526688,1785.9350095526688,558.0,32.0,49.9,180.0,0,54,0.5,0.5,0.5,0.5,19.148448328091717,19.148448328091717,19.148448328091717,19.148448328091717,-0.5,-0.5,-0.5,1.0,1.0,1.0,0.20970695970695968,0.20970695970695968,0.20970695970695968,0.18506493506493504,0.18506493506493504,0.18506493506493504
Adam Kellner,1378.636212150415,1408.106077886715,1363.3713274459394,1378.636212150415,346.0,122.0,38.6,186.27336318231923,0,12,0.4,0.4166666666666667,0.4166666666666667,0.4166666666666667,-21.363787849584924,-21.363787849584924,-21.363787849584924,-21.363787849584924,-1.0,-1.0,-1.0,-1.0,-1.0,-1.0,0.0,0.0,0.0,0.0,0.0,0.0
Hyun Woo Nam,1414.9613488793125,1414.9613488793125,1414.9613488793125,1414.9613488793125,467.0,60.0,40.7,185.67156964873536,0,2,0.5,0.5,0.5,0.5,14.961348879312482,14.961348879312482,14.961348879312482,14.961348879312482,3.0,3.0,3.0,0.0,0.0,0.0,0.35185185185185186,0.35185185185185186,0.35185185185185186,0.2,0.2,0.2
Egor Matvievici,1400.0,1400.0,1400.0,1400.0,2000.0,0.0,28.4,175.0,1,0,0.0,0.0,0.0,0.0,0.0,0.0,0.0,0.0,0.0,0.0,0.0,0.0,0.0,0.0,0.0,0.0,0.0,0.0,0.0,0.0
Diego Junqueira,1563.8939165996899,1636.4283223949842,1580.7447117242375,1627.4544943364049,144.0,376.0,44.3,178.0,1,53,0.2,0.24,0.2558139534883721,0.2558139534883721,8.700481162761662,-67.39165610570649,-63.560577736715004,-63.560577736715004,0.4,0.5,1.0,0.8,1.6,1.8372093023255813,0.4747160545792557,0.5166221744207847,0.556837513436517,0.5288461538461539,0.42066499321934103,0.4433805809751585
Nils Langer,1421.504607627176,1400.0,1424.5078756868993,1421.504607627176,340.0,122.0,35.7,193.0,0,2,0.5,0.5,0.5,0.5,21.50460762717603,21.50460762717603,21.50460762717603,21.50460762717603,1.5,1.5,1.5,4.5,4.5,4.5,0.7083333333333333,0.7083333333333333,0.7083333333333333,0.16666666666666666,0.16666666666666666,0.16666666666666666
Bruno Rosa,1400.0,1400.0,1400.0,1400.0,1124.0,4.0,39.4,185.67156964873536,0,0,0.0,0.0,0.0,0.0,0.0,0.0,0.0,0.0,0.0,0.0,0.0,0.0,0.0,0.0,0.0,0.0,0.0,0.0,0.0,0.0
Trevor Spracklin,1400.0,1400.0,1400.0,1400.0,882.0,9.0,47.6,190.0,0,0,0.0,0.0,0.0,0.0,0.0,0.0,0.0,0.0,0.0,0.0,0.0,0.0,0.0,0.0,0.0,0.0,0.0,0.0,0.0,0.0
Janez Semrajc,1518.5028479248006,1439.5617722302616,1448.006862821514,1518.5028479248006,305.0,146.0,35.5,185.67156964873536,0,4,1.0,1.0,1.0,1.0,118.50284792480056,118.50284792480056,118.50284792480056,118.50284792480056,-1.0,-1.0,-1.0,-1.0,-1.0,-1.0,0.0,0.0,0.0,0.0,0.0,0.0
Inam Gul,1400.0,1400.0,1400.0,1400.0,2000.0,0.0,43.2,185.67156964873536,0,0,0.0,0.0,0.0,0.0,0.0,0.0,0.0,0.0,0.0,0.0,0.0,0.0,0.0,0.0,0.0,0.0,0.0,0.0,0.0,0.0
Evgeny Korolev,1728.5806139031276,1722.8565522381327,1522.8486542154599,1375.116168234775,181.0,263.0,37.4,185.0,0,171,0.4,0.28,0.36,0.4,-67.31951836534336,-149.16295868916131,-154.98298034678237,-139.28076959574537,0.4,2.45,4.04,1.6,2.35,3.16,0.39788881069669246,0.5030954570354605,0.6172646082849923,0.16666666666666669,0.38590048840048835,0.4401824009324009
Tobias Klein,1400.0,1400.0,1400.0,1400.0,839.0,13.0,43.2,170.0,0,0,0.0,0.0,0.0,0.0,0.0,0.0,0.0,0.0,0.0,0.0,0.0,0.0,0.0,0.0,0.0,0.0,0.0,0.0,0.0,0.0
Marzio Martelli,1822.4823716364563,1793.76746825578,1803.9068624175468,1822.4823716364563,345.0,83.0,53.5,180.0,0,54,0.5,0.5,0.5,0.5,28.714903380676333,28.714903380676333,28.714903380676333,28.714903380676333,4.75,4.75,4.75,0.25,0.25,0.25,0.6546432779741658,0.6546432779741658,0.6546432779741658,0.6491071428571429,0.6491071428571429,0.6491071428571429
Gabriel Trujillo Soler,1716.2063478041066,1716.2063478041066,1700.325702694614,1716.2063478041066,237.0,163.0,45.5,185.67156964873536,0,51,1.0,1.0,1.0,1.0,15.880645109492662,15.880645109492662,15.880645109492662,15.880645109492662,7.0,7.0,7.0,1.0,1.0,1.0,0.7192982456140351,0.7192982456140351,0.7192982456140351,0.8333333333333334,0.8333333333333334,0.8333333333333334
Radoslaw Nijaki,1560.5900258570728,1560.5900258570728,1560.5900258570728,1560.5900258570728,890.0,8.0,43.4,186.27336318231923,0,11,0.0,0.0,0.0,0.0,-5.427566403622222,-5.427566403622222,-5.427566403622222,-5.427566403622222,2.0,2.0,2.0,6.0,6.0,6.0,0.6,0.6,0.6,0.875,0.875,0.875
Matteo Martineau,1391.1729028080972,1400.0,1391.1729028080972,1400.0,179.0,344.0,26.3,183.0,0,1,0.0,0.0,0.0,0.0,-8.827097191902794,-8.827097191902794,-8.827097191902794,-8.827097191902794,4.0,4.0,4.0,3.0,3.0,3.0,0.6842105263157895,0.6842105263157895,0.6842105263157895,0.6666666666666666,0.6666666666666666,0.6666666666666666
Michael Ray Pallares Gonzalez,1400.0,1400.0,1400.0,1400.0,2000.0,0.0,44.3,186.27336318231923,0,0,0.0,0.0,0.0,0.0,0.0,0.0,0.0,0.0,0.0,0.0,0.0,0.0,0.0,0.0,0.0,0.0,0.0,0.0,0.0,0.0
Nicolas Lapentti,1575.5860093957688,1990.1130921181605,2091.3064482279397,2096.117668770394,129.0,395.0,48.7,188.0,0,902,0.2,0.36,0.38,0.45,-120.18449542769213,-98.14930272976244,-82.52745081923808,-93.47305253297895,1.4,2.65,2.92,2.0,1.75,1.88,0.5252380952380953,0.5247721216410474,0.5602464475888475,0.25571428571428567,0.3786580086580086,0.39823743507954035
Rohan Bopanna,1540.5242175067633,1542.9361106034196,1621.634976900788,1637.5627904250698,2000.0,0.0,45.3,193.0,0,57,0.2,0.36,0.2978723404255319,0.2978723404255319,-42.54163776973019,-39.538646951168175,-81.11075939402463,-81.11075939402463,5.0,4.05,3.9574468085106385,0.0,1.0,0.9361702127659575,0.30298701298701297,0.3482327925010852,0.35079500017158377,0.17142857142857143,0.24452380952380953,0.2615317306806668
Ignacio Buse,1452.412054248229,1428.174767387419,1400.0,1452.412054248229,212.0,282.0,21.4,185.0,0,3,0.6666666666666666,0.6666666666666666,0.6666666666666666,0.6666666666666666,52.41205424822897,52.41205424822897,52.41205424822897,52.41205424822897,0.6666666666666666,0.6666666666666666,0.6666666666666666,0.3333333333333333,0.3333333333333333,0.3333333333333333,0.46740740740740744,0.46740740740740744,0.46740740740740744,0.3194444444444444,0.3194444444444444,0.3194444444444444
Robert Smeets,1415.0032906041088,1416.2808814026955,1400.0,1415.0032906041088,168.0,255.0,39.8,188.0,1,8,0.0,0.125,0.125,0.125,15.00329060410877,15.00329060410877,15.00329060410877,15.00329060410877,7.0,7.625,7.625,5.6,5.875,5.875,0.6064344460570876,0.6753847235497028,0.6753847235497028,0.5473684210526315,0.6337719298245614,0.6337719298245614
Lukas Rosol,1673.5288626022245,1471.9933428651536,1605.4985584408457,1396.2628131080994,226.0,235.0,40.2,193.0,0,283,0.4,0.4,0.38,0.42,-74.51632068532899,-117.33760216183691,-203.61684869633268,-134.5106036160539,7.2,7.85,7.02,4.0,4.05,3.54,0.7610017362408856,0.7207836961340377,0.7149525013754685,0.53,0.615875350140056,0.6097697204756028
Ville Liukko,1872.462215763645,1845.6844304216638,1872.462215763645,1872.462215763645,572.0,28.0,50.8,173.0,0,57,0.6,0.5714285714285714,0.5714285714285714,0.5714285714285714,51.90756266650578,51.90756266650578,51.90756266650578,51.90756266650578,0.0,1.2857142857142858,1.2857142857142858,1.6,2.5714285714285716,2.5714285714285716,0.25031446540880503,0.387901227254327,0.387901227254327,0.20857142857142857,0.22040816326530613,0.22040816326530613
Juan Sebastian Langton,1275.006782538717,1347.811233578006,1371.613993567279,1275.006782538717,2000.0,0.0,41.7,185.67156964873536,0,12,0.2,0.25,0.25,0.25,-124.99321746128294,-124.99321746128294,-124.99321746128294,-124.99321746128294,-1.0,-1.0,-1.0,-1.0,-1.0,-1.0,0.0,0.0,0.0,0.0,0.0,0.0
Markus Hantschk,1789.9960954177345,1813.533352399063,1866.7315922779965,1853.7020263820443,177.0,201.0,47.1,188.0,0,109,0.2,0.24,0.36,0.4067796610169492,-104.53354158305024,-131.23974380784034,-130.90941363420302,-77.84091368790496,3.8,4.7,4.02,3.4,2.6,2.58,0.6891005291005291,0.681782983532367,0.6788014409130427,0.6144877344877344,0.5271979409479409,0.5513442756074335
Bogdan Borza,1400.0,1400.0,1400.0,1400.0,797.0,21.0,27.8,186.27336318231923,1,0,0.0,0.0,0.0,0.0,0.0,0.0,0.0,0.0,0.0,0.0,0.0,0.0,0.0,0.0,0.0,0.0,0.0,0.0,0.0,0.0
Israel Morales,1394.5261320990433,1413.2177712568255,1394.5261320990433,1394.5261320990433,2000.0,0.0,39.0,186.27336318231923,0,3,0.3333333333333333,0.3333333333333333,0.3333333333333333,0.3333333333333333,-5.473867900956748,-5.473867900956748,-5.473867900956748,-5.473867900956748,-1.0,-1.0,-1.0,-1.0,-1.0,-1.0,0.0,0.0,0.0,0.0,0.0,0.0
Liam Krall,1400.0,1400.0,1400.0,1400.0,2000.0,0.0,22.7,191.0,0,0,0.0,0.0,0.0,0.0,0.0,0.0,0.0,0.0,0.0,0.0,0.0,0.0,0.0,0.0,0.0,0.0,0.0,0.0,0.0,0.0
Hiu Tung Yu,1434.0872534673792,1443.7998319579606,1415.8116128961676,1434.0872534673792,2000.0,0.0,41.1,185.67156964873536,1,27,0.4,0.4,0.4444444444444444,0.4444444444444444,82.7003987447838,34.08725346737924,34.08725346737924,34.08725346737924,-1.0,-1.0,-1.0,-1.0,-1.0,-1.0,0.0,0.0,0.0,0.0,0.0,0.0
Carlos Taberner,1506.4217654458178,1481.8501597278591,1468.5324663486153,1416.3739197141513,352.0,144.0,27.6,183.0,0,37,0.0,0.36,0.35135135135135137,0.35135135135135137,3.7160379061231197,76.78910082393963,90.04784573166648,90.04784573166648,0.8,1.85,2.6216216216216215,5.6,3.9,3.6216216216216215,0.6709039643411899,0.6559567717998432,0.6691749434020042,0.46577922077922074,0.5831619769119769,0.5513096513096513
Jacopo Berrettini,1400.0,1433.4200929318647,1400.0,1400.0,842.0,19.0,26.2,193.0,0,0,0.0,0.0,0.0,0.0,0.0,0.0,0.0,0.0,0.0,0.0,0.0,0.0,0.0,0.0,0.0,0.0,0.0,0.0,0.0,0.0
Patrick Rafter,2274.6744898191714,2233.0461516943196,2064.5137932332004,2285.961098206688,7.0,2785.0,52.9,185.0,0,418,0.2,0.72,0.7,0.72,-4.117799119971551,46.919743562897565,37.856544653399396,187.53646237129624,1.2,6.25,7.26,1.4,2.55,3.1,0.35368633940062516,0.685379131421092,0.7218938116388233,0.26666666666666666,0.46904761904761905,0.4637619047619048
Valentin Dimov,1382.8281241636626,1382.8281241636626,1382.8281241636626,1382.8281241636626,794.0,15.0,36.3,185.67156964873536,0,1,0.0,0.0,0.0,0.0,-17.17187583633745,-17.17187583633745,-17.17187583633745,-17.17187583633745,-1.0,-1.0,-1.0,-1.0,-1.0,-1.0,0.0,0.0,0.0,0.0,0.0,0.0
Kaipo Marshall,1337.3507618991366,1337.3507618991366,1337.3507618991366,1337.3507618991366,2000.0,0.0,23.4,185.67156964873536,0,5,0.2,0.2,0.2,0.2,-62.649238100863386,-62.649238100863386,-62.649238100863386,-62.649238100863386,0.8,0.8,0.8,9.4,9.4,9.4,0.4994121325828643,0.4994121325828643,0.4994121325828643,0.3841880341880342,0.3841880341880342,0.3841880341880342
James Auckland,1482.2311828995216,1482.2311828995216,1482.2311828995216,1482.2311828995216,414.0,74.0,45.4,185.67156964873536,0,2,1.0,1.0,1.0,1.0,82.23118289952163,82.23118289952163,82.23118289952163,82.23118289952163,11.5,11.5,11.5,2.5,2.5,2.5,0.7631740196078431,0.7631740196078431,0.7631740196078431,0.4,0.4,0.4
Loic Didavi,1400.0,1400.0,1400.0,1400.0,2000.0,0.0,37.7,185.67156964873536,0,0,0.0,0.0,0.0,0.0,0.0,0.0,0.0,0.0,0.0,0.0,0.0,0.0,0.0,0.0,0.0,0.0,0.0,0.0,0.0,0.0
Karim Alayli,1226.1792437903346,1272.0157815914718,1377.6290614023135,1226.1792437903346,2000.0,0.0,41.9,185.67156964873536,0,21,0.2,0.14285714285714285,0.14285714285714285,0.14285714285714285,-144.99502254907816,-173.82075620966543,-173.82075620966543,-173.82075620966543,-1.0,-1.0,-1.0,-1.0,-1.0,-1.0,0.0,0.0,0.0,0.0,0.0,0.0
Terence Atmane,1462.6183245036013,1413.0453558867032,1518.777778441522,1462.6183245036013,161.0,369.0,23.7,193.0,1,12,0.4,0.25,0.25,0.25,14.574205027283597,14.574205027283597,14.574205027283597,14.574205027283597,5.4,7.166666666666667,7.166666666666667,5.4,4.416666666666667,4.416666666666667,0.756255438785921,0.7210370367136311,0.7210370367136311,0.6742424242424242,0.5608595352016404,0.5608595352016404
Brandon Nakashima,1770.4749745501465,1677.9990559496132,1422.91856947949,1476.4843065510697,37.0,1350.0,24.2,188.0,0,175,0.2,0.6,0.56,0.54,15.25399707087331,65.85030274735368,104.40757456786105,-8.726902528471555,5.8,9.75,8.46,0.6,1.0,1.12,0.7343181818181818,0.7555308182365769,0.7349271717656456,0.7361904761904762,0.6047313797313797,0.6127864912864913
M Abid Ali Khan Akbar,1379.416794407718,1419.011446272629,1400.0,1400.0,1753.0,1.0,34.5,186.27336318231923,0,3,0.3333333333333333,0.3333333333333333,0.3333333333333333,0.3333333333333333,-20.583205592281956,-20.583205592281956,-20.583205592281956,-20.583205592281956,-1.0,-1.0,-1.0,-1.0,-1.0,-1.0,0.0,0.0,0.0,0.0,0.0,0.0
Pfungwa Mahefu,1380.3294533984463,1380.3294533984463,1380.3294533984463,1380.3294533984463,2000.0,0.0,42.9,185.67156964873536,0,1,0.0,0.0,0.0,0.0,-19.670546601553724,-19.670546601553724,-19.670546601553724,-19.670546601553724,-1.0,-1.0,-1.0,-1.0,-1.0,-1.0,0.0,0.0,0.0,0.0,0.0,0.0
Ivor Grazette,1376.7957963472552,1376.7957963472552,1376.7957963472552,1376.7957963472552,2000.0,0.0,50.6,185.67156964873536,0,1,0.0,0.0,0.0,0.0,-23.20420365274481,-23.20420365274481,-23.20420365274481,-23.20420365274481,-1.0,-1.0,-1.0,-1.0,-1.0,-1.0,0.0,0.0,0.0,0.0,0.0,0.0
Pablo Nunez,1382.854019878315,1382.854019878315,1382.854019878315,1382.854019878315,2000.0,0.0,34.2,185.67156964873536,0,1,0.0,0.0,0.0,0.0,-17.145980121684943,-17.145980121684943,-17.145980121684943,-17.145980121684943,-1.0,-1.0,-1.0,-1.0,-1.0,-1.0,0.0,0.0,0.0,0.0,0.0,0.0
Matthias Bachinger,1713.3202871563437,1609.7842276564588,1518.5923451518909,1385.2420387643558,279.0,189.0,37.7,188.0,0,85,0.4,0.44,0.42,0.36470588235294116,78.29751986242854,113.72202640266187,159.82171097748505,310.6050237456516,7.4,6.45,6.9,3.2,2.4,2.76,0.6846487502933496,0.6887712556941495,0.710536192487007,0.7056565656565656,0.6572302697302698,0.609073677956031
Guillermo Carter,1581.225404731551,1581.225404731551,1581.225404731551,1581.225404731551,904.0,8.0,47.5,186.27336318231923,0,10,0.0,0.0,0.0,0.0,0.0,0.0,0.0,0.0,0.0,0.0,0.0,0.0,0.0,0.0,0.0,0.0,0.0,0.0,0.0,0.0
Nomi Qamar,1418.26924555036,1419.1168014965613,1418.26924555036,1418.26924555036,2000.0,0.0,42.4,185.67156964873536,0,4,0.5,0.5,0.5,0.5,18.269245550359983,18.269245550359983,18.269245550359983,18.269245550359983,-1.0,-1.0,-1.0,-1.0,-1.0,-1.0,0.0,0.0,0.0,0.0,0.0,0.0
Amro Ghoneim,1618.9137973346365,1687.728947170619,1622.7569298845742,1618.9137973346365,1093.0,4.0,51.0,185.67156964873536,0,15,0.2,0.2,0.2,0.2,-68.81514983598254,-68.81514983598254,-68.81514983598254,-68.81514983598254,-1.0,-1.0,-1.0,-1.0,-1.0,-1.0,0.0,0.0,0.0,0.0,0.0,0.0
Martin Rodriguez,1837.1141075451364,1849.4881699142438,1866.8653834781921,1837.1141075451364,149.0,264.0,55.3,178.0,0,64,0.2,0.35714285714285715,0.35714285714285715,0.35714285714285715,-50.46808690739613,-50.46808690739613,-50.46808690739613,-50.46808690739613,9.2,8.214285714285714,8.214285714285714,6.0,4.928571428571429,4.928571428571429,0.7776205163321437,0.7634599012083259,0.7634599012083259,0.3983333333333333,0.535707744636316,0.535707744636316
Guillaume Couillard,1496.8765371597124,1596.6557917672608,1507.0211094420335,1496.8765371597124,2000.0,0.0,49.5,185.67156964873536,0,20,0.4,0.3,0.3,0.3,-99.77925460754841,-99.77925460754841,-99.77925460754841,-99.77925460754841,-1.0,-1.0,-1.0,-1.0,-1.0,-1.0,0.0,0.0,0.0,0.0,0.0,0.0
Oleksii Krutykh,1428.0199590687957,1446.8088242507288,1417.7526452208958,1428.0199590687957,493.0,82.0,25.5,185.0,0,6,0.4,0.3333333333333333,0.3333333333333333,0.3333333333333333,10.267313847899914,10.267313847899914,10.267313847899914,10.267313847899914,1.8,3.0,3.0,2.0,2.1666666666666665,2.1666666666666665,0.3894075682382134,0.4476947126622793,0.4476947126622793,0.32941176470588235,0.3856209150326797,0.3856209150326797
David Martin,1566.017592260695,1566.017592260695,1566.017592260695,1566.017592260695,725.0,21.0,44.5,185.0,1,10,0.0,0.0,0.0,0.0,0.0,0.0,0.0,0.0,0.0,0.0,0.0,0.0,0.0,0.0,0.0,0.0,0.0,0.0,0.0,0.0
Gerardo Lopez Villasenor,1431.7474646033772,1417.4707934317778,1427.4002330697008,1431.7474646033772,819.0,19.0,30.3,191.0,0,12,0.6,0.4166666666666667,0.4166666666666667,0.4166666666666667,31.74746460337724,31.74746460337724,31.74746460337724,31.74746460337724,2.6,3.25,3.25,0.8,2.6666666666666665,2.6666666666666665,0.40193939393939393,0.5211156911634707,0.5211156911634707,0.31071428571428567,0.42337962962962966,0.42337962962962966
Ajeet Rai,1313.4435274688376,1313.4435274688376,1313.4435274688376,1313.4435274688376,498.0,81.0,26.6,188.0,0,6,0.0,0.16666666666666666,0.16666666666666666,0.16666666666666666,-86.5564725311624,-86.5564725311624,-86.5564725311624,-86.5564725311624,5.2,4.166666666666667,4.166666666666667,3.0,2.3333333333333335,2.3333333333333335,0.40537588348682807,0.3378132362390234,0.3378132362390234,0.26222222222222225,0.21851851851851853,0.21851851851851853
Xin Gao,1400.0,1400.0,1400.0,1400.0,944.0,14.0,31.3,180.0,0,0,0.0,0.0,0.0,0.0,0.0,0.0,0.0,0.0,0.0,0.0,0.0,0.0,0.0,0.0,0.0,0.0,0.0,0.0,0.0,0.0
Joris De Loore,1408.2159581311162,1417.191930154579,1416.3739197141513,1408.2159581311162,192.0,317.0,31.7,191.0,0,5,0.2,0.2,0.2,0.2,-8.157961583035103,-8.157961583035103,-8.157961583035103,-8.157961583035103,10.2,10.2,10.2,2.8,2.8,2.8,0.7885876882197488,0.7885876882197488,0.7885876882197488,0.545,0.545,0.545
Andrew Whittington,1467.5843077627726,1441.779920335518,1467.5843077627726,1416.3739197141513,210.0,255.0,31.8,188.0,0,4,0.5,0.5,0.5,0.5,51.210388048621326,51.210388048621326,51.210388048621326,51.210388048621326,7.25,7.25,7.25,6.5,6.5,6.5,0.6987069409703681,0.6987069409703681,0.6987069409703681,0.525,0.525,0.525
Juan Andres Gomez,1425.0,1400.0,1400.0,1425.0,1437.0,2.0,37.7,185.67156964873536,0,1,1.0,1.0,1.0,1.0,25.0,25.0,25.0,25.0,-1.0,-1.0,-1.0,-1.0,-1.0,-1.0,0.0,0.0,0.0,0.0,0.0,0.0
Sonchat Ratiwatana,1486.3920829644471,1501.043130969102,1566.017592260695,1486.3920829644471,2000.0,0.0,43.0,175.0,0,16,0.2,0.16666666666666666,0.16666666666666666,0.16666666666666666,-79.62550929624786,-79.62550929624786,-79.62550929624786,-79.62550929624786,-1.0,-0.3333333333333333,-0.3333333333333333,-1.0,-0.3333333333333333,-0.3333333333333333,0.0,0.11559139784946237,0.11559139784946237,0.0,0.10416666666666667,0.10416666666666667
Mauricio Estivariz,1339.6520536247383,1400.0,1313.1953436967783,1339.6520536247383,739.0,19.0,38.8,185.67156964873536,0,6,0.2,0.16666666666666666,0.16666666666666666,0.16666666666666666,-60.3479463752617,-60.3479463752617,-60.3479463752617,-60.3479463752617,-1.0,-1.0,-1.0,-1.0,-1.0,-1.0,0.0,0.0,0.0,0.0,0.0,0.0
Mariano Puerta,1896.7913093641143,1792.756630255602,2147.287346246782,1856.556525065649,10.0,1799.0,47.1,180.0,1,214,0.2,0.48,0.6,0.47,-64.47370907974846,-29.207943865394782,33.077673258055256,-97.87541915365591,8.2,6.0,4.72,2.4,1.7,1.84,0.7286148600434315,0.6678189870751507,0.6754052503645882,0.7010101010101011,0.4872408293460925,0.5182526682124206
Matteo Marrai,1400.0,1400.0,1400.0,1400.0,414.0,74.0,38.4,185.67156964873536,0,0,0.0,0.0,0.0,0.0,0.0,0.0,0.0,0.0,0.0,0.0,0.0,0.0,0.0,0.0,0.0,0.0,0.0,0.0,0.0,0.0
Mario Radic,1636.5490336830583,1636.5490336830583,1672.0180556918738,1636.5490336830583,315.0,95.0,43.5,188.0,0,14,0.25,0.25,0.25,0.25,13.36667108103643,13.36667108103643,13.36667108103643,13.36667108103643,3.25,3.25,3.25,4.5,4.5,4.5,0.6397858897858898,0.6397858897858898,0.6397858897858898,0.5285714285714286,0.5285714285714286,0.5285714285714286
Mario Alberto Cayo,1400.0,1400.0,1400.0,1400.0,2000.0,0.0,40.1,185.67156964873536,0,0,0.0,0.0,0.0,0.0,0.0,0.0,0.0,0.0,0.0,0.0,0.0,0.0,0.0,0.0,0.0,0.0,0.0,0.0,0.0,0.0
Thomas Enqvist,1663.3754916520832,2151.6643916484363,2043.3103133742081,2206.645746165234,157.0,249.0,51.6,190.0,0,768,0.0,0.32,0.38,0.37,-91.38804886427488,-182.88518313270924,-179.50109679867228,-380.5295557863358,7.4,8.15,7.0,5.0,5.05,4.76,0.6830027353329561,0.7294126576148892,0.6741775175844079,0.43744588744588747,0.591998981410746,0.5236139514080691
Mohamed Redha Ouahab,1400.0,1400.0,1400.0,1400.0,2000.0,0.0,43.5,185.67156964873536,0,0,0.0,0.0,0.0,0.0,0.0,0.0,0.0,0.0,0.0,0.0,0.0,0.0,0.0,0.0,0.0,0.0,0.0,0.0,0.0,0.0
Daniel Altmaier,1567.1785778779408,1409.2135390211224,1584.0588193650437,1391.2623247337735,88.0,640.0,27.1,188.0,0,126,0.4,0.36,0.38,0.33,-29.18531159950794,-31.452378976703812,-5.758967935849341,-65.13979450226202,8.2,7.15,5.74,1.4,2.6,2.46,0.7602654451491662,0.727279479224545,0.6727476922952412,0.473939393939394,0.5246683871683872,0.5323060828060828
Maurice Ruah,1720.3628479710655,1720.3628479710655,1720.3628479710655,1720.3628479710655,387.0,70.0,53.9,178.0,0,50,0.0,0.0,0.0,0.0,0.0,0.0,0.0,0.0,0.0,0.0,0.0,0.0,0.0,0.0,0.0,0.0,0.0,0.0,0.0,0.0
Rik De Voest,1504.391326684422,1655.473933190537,1575.3823215981886,1618.0767496728815,261.0,176.0,44.8,180.0,0,96,0.4,0.32,0.36,0.38372093023255816,-87.25265688708782,-139.68590507862996,-202.00900825502663,-157.05329641085063,-1.0,2.4,2.1,-1.0,0.25,0.7,0.0,0.4416070923802734,0.40658133328779356,0.0,0.37093822843822843,0.3268117993117993
Rudolfs Mednis,1326.1133169316813,1326.1133169316813,1326.1133169316813,1326.1133169316813,1544.0,2.0,27.0,185.67156964873536,0,3,0.0,0.0,0.0,0.0,-73.88668306831869,-73.88668306831869,-73.88668306831869,-73.88668306831869,3.0,3.0,3.0,3.3333333333333335,3.3333333333333335,3.3333333333333335,0.45576923076923076,0.45576923076923076,0.45576923076923076,0.4047619047619048,0.4047619047619048,0.4047619047619048
Michael Chang,1831.232843020098,1904.4089067306531,1934.616898193807,2016.1250917507368,222.0,158.0,53.5,175.0,0,441,0.2,0.32,0.34,0.41,-66.66625728586496,-147.04659062762676,-149.97739492029336,-273.1688870788105,4.8,4.35,4.14,1.6,1.65,1.66,0.6921743532700151,0.693250521430282,0.7051553552227009,0.3444444444444445,0.38530753968253967,0.4719887955182073
Ben Patael,1375.0,1400.0,1400.0,1375.0,562.0,45.0,27.7,188.0,0,1,0.0,0.0,0.0,0.0,-25.0,-25.0,-25.0,-25.0,-1.0,-1.0,-1.0,-1.0,-1.0,-1.0,0.0,0.0,0.0,0.0,0.0,0.0
Diego Schwartzman,1533.7849755547882,1509.9879767069413,1589.6914502947106,1329.3482089181623,244.0,236.0,33.0,170.0,0,475,0.0,0.28,0.26,0.43,-126.6833947127584,-134.99993218615373,-284.9869110202221,-429.2910850411995,0.8,1.2,1.06,2.6,2.65,2.62,0.5964984774388583,0.6190153446376884,0.5901403851802144,0.35142857142857153,0.4809163059163059,0.4939553502053502
Marco Osorio,1644.1266767035208,1644.1266767035208,1644.1266767035208,1644.1266767035208,538.0,36.0,53.0,186.27336318231923,0,12,0.5,0.5,0.5,0.5,-31.416915194618923,-31.416915194618923,-31.416915194618923,-31.416915194618923,-1.0,-1.0,-1.0,-1.0,-1.0,-1.0,0.0,0.0,0.0,0.0,0.0,0.0
Bar Tzuf Botzer,1385.2834992076348,1362.8703791875894,1385.2834992076348,1385.2834992076348,893.0,17.0,30.9,185.67156964873536,0,2,0.0,0.0,0.0,0.0,-14.716500792365196,-14.716500792365196,-14.716500792365196,-14.716500792365196,-1.0,-1.0,-1.0,-1.0,-1.0,-1.0,0.0,0.0,0.0,0.0,0.0,0.0
Enzo Couacaud,1404.9075631607893,1423.1976281864156,1423.0745097815213,1392.8398732330038,205.0,292.0,30.3,183.0,0,10,0.2,0.2,0.2,0.2,4.03169516554658,4.03169516554658,4.03169516554658,4.03169516554658,13.0,10.9,10.9,3.8,3.8,3.8,0.7210991808672651,0.7359587079087933,0.7359587079087933,0.5718614718614718,0.5581926406926406,0.5581926406926406
Karl Friberg,1389.4475372455322,1389.4475372455322,1389.4475372455322,1389.4475372455322,364.0,134.0,25.8,191.0,0,1,0.0,0.0,0.0,0.0,-10.552462754467797,-10.552462754467797,-10.552462754467797,-10.552462754467797,6.0,6.0,6.0,0.0,0.0,0.0,0.6756756756756757,0.6756756756756757,0.6756756756756757,0.5714285714285714,0.5714285714285714,0.5714285714285714
Xin Yuan Yu,1442.89033241524,1391.547099585885,1400.0,1442.89033241524,778.0,19.0,40.4,185.67156964873536,1,13,0.4,0.46153846153846156,0.46153846153846156,0.46153846153846156,42.89033241523998,42.89033241523998,42.89033241523998,42.89033241523998,0.0,-0.23076923076923078,-0.23076923076923078,0.6,-0.15384615384615385,-0.15384615384615385,0.14736842105263157,0.10226420752736542,0.10226420752736542,0.12727272727272726,0.07779720279720279,0.07779720279720279
William Ward,1400.0,1400.0,1400.0,1400.0,1425.0,1.0,39.0,185.67156964873536,1,0,0.0,0.0,0.0,0.0,0.0,0.0,0.0,0.0,0.0,0.0,0.0,0.0,0.0,0.0,0.0,0.0,0.0,0.0,0.0,0.0
Philip Wilbert Major,1384.4903601905303,1384.4903601905303,1384.4903601905303,1384.4903601905303,2000.0,0.0,28.9,185.67156964873536,1,1,0.0,0.0,0.0,0.0,-15.509639809469718,-15.509639809469718,-15.509639809469718,-15.509639809469718,1.0,1.0,1.0,3.0,3.0,3.0,0.5135135135135135,0.5135135135135135,0.5135135135135135,0.45,0.45,0.45
Wojciech Marek,1400.0,1400.0,1400.0,1400.0,632.0,40.0,23.7,191.0,0,0,0.0,0.0,0.0,0.0,0.0,0.0,0.0,0.0,0.0,0.0,0.0,0.0,0.0,0.0,0.0,0.0,0.0,0.0,0.0,0.0
Victor Baluda,1400.0,1400.0,1400.0,1400.0,466.0,80.0,33.0,185.67156964873536,0,0,0.0,0.0,0.0,0.0,0.0,0.0,0.0,0.0,0.0,0.0,0.0,0.0,0.0,0.0,0.0,0.0,0.0,0.0,0.0,0.0
Michael Berrer,1559.6664725843825,1707.2490206001341,1554.7224343536698,1619.4217967626876,154.0,384.0,45.2,193.0,1,242,0.2,0.36,0.32,0.37,-51.45399460579574,-112.91098070474459,-174.72030568874834,-179.3883495553864,8.2,8.15,6.34,2.4,4.2,3.28,0.7090812324929973,0.7172344695091597,0.6938254145483198,0.7042515379357485,0.5745545463308621,0.6144188881294145
Gian Marco Moroni,1409.2897486130867,1400.0,1430.379027550448,1409.2897486130867,181.0,325.0,27.1,185.0,0,3,0.3333333333333333,0.3333333333333333,0.3333333333333333,0.3333333333333333,9.289748613086658,9.289748613086658,9.289748613086658,9.289748613086658,2.6666666666666665,2.6666666666666665,2.6666666666666665,3.6666666666666665,3.6666666666666665,3.6666666666666665,0.7340826814511026,0.7340826814511026,0.7340826814511026,0.5555555555555555,0.5555555555555555,0.5555555555555555
Ti Chen,1480.2635606638996,1369.0691255401664,1455.7328099554434,1400.0,322.0,147.0,41.3,183.0,0,34,0.4,0.4,0.4117647058823529,0.4117647058823529,-0.005601171660600812,80.26356066389963,80.26356066389963,80.26356066389963,1.4,-0.4,-0.4411764705882353,0.4,-0.65,-0.5882352941176471,0.37697594974436577,0.09424398743609144,0.10496360390013566,0.3591736694677871,0.08979341736694678,0.07837988136431043
Daniel Smethurst,1400.0,1400.0,1400.0,1400.0,234.0,205.0,34.6,188.0,0,0,0.0,0.0,0.0,0.0,0.0,0.0,0.0,0.0,0.0,0.0,0.0,0.0,0.0,0.0,0.0,0.0,0.0,0.0,0.0,0.0
Hendrik Dreekmann,1862.0131980325255,1862.0131980325255,1862.0131980325255,1862.0131980325255,856.0,9.0,50.3,188.0,0,51,0.0,0.0,0.0,0.0,-4.809888877699905,-4.809888877699905,-4.809888877699905,-4.809888877699905,10.0,10.0,10.0,9.0,9.0,9.0,0.7619047619047619,0.7619047619047619,0.7619047619047619,0.7142857142857143,0.7142857142857143,0.7142857142857143
Fred Hemmes,1566.8907588246832,1590.5774607245128,1590.5774607245128,1590.5774607245128,215.0,166.0,43.9,183.0,0,12,0.0,0.0,0.0,0.0,-23.686701899829586,-23.686701899829586,-23.686701899829586,-23.686701899829586,2.0,2.0,2.0,4.5,4.5,4.5,0.4318181818181818,0.4318181818181818,0.4318181818181818,0.3492063492063492,0.3492063492063492,0.3492063492063492
Mohammed Al Nabhani,1362.195172447358,1362.195172447358,1362.195172447358,1362.195172447358,2000.0,0.0,39.8,185.67156964873536,0,6,0.4,0.3333333333333333,0.3333333333333333,0.3333333333333333,-37.80482755264211,-37.80482755264211,-37.80482755264211,-37.80482755264211,-1.0,-1.0,-1.0,-1.0,-1.0,-1.0,0.0,0.0,0.0,0.0,0.0,0.0
Michail Pervolarakis,1345.8062728000145,1368.85140372823,1400.0,1345.8062728000145,506.0,70.0,28.5,193.0,0,12,0.2,0.16666666666666666,0.16666666666666666,0.16666666666666666,-54.19372719998546,-54.19372719998546,-54.19372719998546,-54.19372719998546,1.0,1.8333333333333333,1.8333333333333333,2.4,3.1666666666666665,3.1666666666666665,0.5573068104449518,0.624216846394941,0.624216846394941,0.27,0.36041666666666666,0.36041666666666666
Wei Jen Cheng,1560.406136083891,1599.5630773180264,1560.406136083891,1586.8100479718921,2000.0,0.0,44.7,185.67156964873536,0,20,0.4,0.5,0.5,0.5,-66.24658129411614,-66.24658129411614,-66.24658129411614,-66.24658129411614,-1.0,-1.0,-1.0,-1.0,-1.0,-1.0,0.0,0.0,0.0,0.0,0.0,0.0
Gerard Granollers,1387.0195292551832,1387.0195292551832,1387.0195292551832,1387.0195292551832,280.0,164.0,36.2,180.0,0,3,0.0,0.0,0.0,0.0,-12.980470744816785,-12.980470744816785,-12.980470744816785,-12.980470744816785,0.3333333333333333,0.3333333333333333,0.3333333333333333,2.0,2.0,2.0,0.49995291902071565,0.49995291902071565,0.49995291902071565,0.35833333333333334,0.35833333333333334,0.35833333333333334
Dudi Sela,1671.8010297579256,1610.4365144466017,1233.3580445111434,1601.4374147802785,146.0,373.0,40.4,175.0,0,335,0.4,0.48,0.42,0.41,-35.030773749452464,23.71234072163952,-27.95999953929504,-49.74991953678705,2.6,2.8,2.56,3.4,3.55,3.08,0.5720293380510099,0.6427909128408399,0.6621577014175491,0.42857142857142866,0.4893196606025553,0.5057182072313651
Kevin King,1418.4882349728693,1426.516578309611,1418.4882349728693,1400.0,304.0,154.0,33.8,191.0,1,6,0.2,0.16666666666666666,0.16666666666666666,0.16666666666666666,18.48823497286935,18.48823497286935,18.48823497286935,18.48823497286935,5.4,5.666666666666667,5.666666666666667,7.2,6.666666666666667,6.666666666666667,0.7055777676813569,0.6934236499385458,0.6934236499385458,0.5311616161616162,0.5593013468013468,0.5593013468013468
Joao Menezes,1386.8967758219133,1413.6594810209322,1394.7412583598632,1386.8967758219133,217.0,319.0,28.5,185.0,0,2,0.0,0.0,0.0,0.0,-26.76270519901891,-26.76270519901891,-26.76270519901891,-26.76270519901891,1.5,1.5,1.5,1.0,1.0,1.0,0.275,0.275,0.275,0.16666666666666666,0.16666666666666666,0.16666666666666666
Alex Bolt,1544.7206469196321,1611.9808942246682,1544.7206469196321,1429.1653419849893,210.0,292.0,32.5,183.0,1,45,0.4,0.36,0.3333333333333333,0.3333333333333333,-33.54553733380385,208.0704182193847,109.17380133394158,109.17380133394158,7.0,6.1,7.444444444444445,1.4,2.55,2.8666666666666667,0.7457735104584623,0.7087721309331323,0.7032007105701401,0.3538461538461538,0.46477647352647355,0.5022822856156189
Hans Hach Verdugo,1400.0,1428.8219620564257,1400.0,1400.0,621.0,49.0,35.2,183.0,1,0,0.0,0.0,0.0,0.0,0.0,0.0,0.0,0.0,0.0,0.0,0.0,0.0,0.0,0.0,0.0,0.0,0.0,0.0,0.0,0.0
Marcelo Melo,1566.017592260695,1566.017592260695,1566.017592260695,1566.017592260695,2000.0,0.0,41.6,203.0,0,10,0.0,0.0,0.0,0.0,0.0,0.0,0.0,0.0,0.0,0.0,0.0,0.0,0.0,0.0,0.0,0.0,0.0,0.0,0.0,0.0
Adam Moundir,1393.1525524540511,1400.0,1407.4254992329013,1393.1525524540511,779.0,29.0,30.3,191.0,0,3,0.3333333333333333,0.3333333333333333,0.3333333333333333,0.3333333333333333,-6.847447545948853,-6.847447545948853,-6.847447545948853,-6.847447545948853,-0.3333333333333333,-0.3333333333333333,-0.3333333333333333,0.6666666666666666,0.6666666666666666,0.6666666666666666,0.24561403508771928,0.24561403508771928,0.24561403508771928,0.19999999999999998,0.19999999999999998,0.19999999999999998
Lucas Andriamasilalao,1400.0,1400.0,1400.0,1400.0,2000.0,0.0,27.6,185.67156964873536,0,0,0.0,0.0,0.0,0.0,0.0,0.0,0.0,0.0,0.0,0.0,0.0,0.0,0.0,0.0,0.0,0.0,0.0,0.0,0.0,0.0
Stanislav Bykov,1377.5465551465136,1377.5465551465136,1377.5465551465136,1377.5465551465136,2000.0,0.0,37.0,185.67156964873536,0,1,0.0,0.0,0.0,0.0,-22.453444853486417,-22.453444853486417,-22.453444853486417,-22.453444853486417,-1.0,-1.0,-1.0,-1.0,-1.0,-1.0,0.0,0.0,0.0,0.0,0.0,0.0
Mattia Bellucci,1498.6815437840248,1529.178112084441,1445.4469236165683,1445.4469236165683,101.0,574.0,24.3,175.0,1,13,0.4,0.38461538461538464,0.38461538461538464,0.38461538461538464,53.23462016745657,53.23462016745657,53.23462016745657,53.23462016745657,10.6,11.23076923076923,11.23076923076923,3.2,3.923076923076923,3.923076923076923,0.7146924783222424,0.7366405268886477,0.7366405268886477,0.6161616161616161,0.6229902576056422,0.6229902576056422
Louis Vosloo,1783.2501746906403,1783.2501746906403,1760.1063974948095,1783.2501746906403,211.0,170.0,47.2,178.0,0,50,0.0,0.0,0.0,0.0,0.0,0.0,0.0,0.0,0.0,0.0,0.0,0.0,0.0,0.0,0.0,0.0,0.0,0.0,0.0,0.0
Thomas Schiessling,1742.2690308041495,1742.2690308041495,1742.2690308041495,1742.2690308041495,652.0,22.0,50.7,180.0,0,53,0.3333333333333333,0.3333333333333333,0.3333333333333333,0.3333333333333333,26.104187820070138,26.104187820070138,26.104187820070138,26.104187820070138,3.3333333333333335,3.3333333333333335,3.3333333333333335,4.0,4.0,4.0,0.5935185604175152,0.5935185604175152,0.5935185604175152,0.42857142857142855,0.42857142857142855,0.42857142857142855
Alex Fairbanks,1400.0,1400.0,1400.0,1400.0,2000.0,0.0,28.9,185.67156964873536,0,0,0.0,0.0,0.0,0.0,0.0,0.0,0.0,0.0,0.0,0.0,0.0,0.0,0.0,0.0,0.0,0.0,0.0,0.0,0.0,0.0
Mathias Bourgue,1433.6844706377888,1432.3560528199253,1452.5184507315425,1433.6844706377888,271.0,212.0,31.7,188.0,0,5,0.2,0.2,0.2,0.2,-1.8623749479017988,-1.8623749479017988,-1.8623749479017988,-1.8623749479017988,4.0,4.0,4.0,2.4,2.4,2.4,0.6507892687294214,0.6507892687294214,0.6507892687294214,0.4758333333333333,0.4758333333333333,0.4758333333333333
Guido Andreozzi,1506.7413585549416,1511.4657706185328,1414.988720311624,1364.2826546059957,406.0,118.0,33.9,183.0,0,39,0.4,0.28,0.3076923076923077,0.3076923076923077,61.33450880183614,111.51194965721857,106.7413585549416,106.7413585549416,3.0,2.5,3.8974358974358974,5.2,4.5,4.794871794871795,0.697734469502543,0.6616023899079524,0.6781489054477584,0.5888888888888889,0.5822319306510482,0.5903519536438088
Tomas Berdych,1975.822602124603,1622.0024273154042,1612.984063239134,1581.5549242262255,98.0,540.0,39.9,196.0,0,987,0.2,0.56,0.52,0.6,-39.59586993405219,-167.66110158793458,-184.52631967576303,-229.36470597720177,6.0,6.85,7.28,3.8,2.6,2.42,0.7377680311890839,0.7609986439351617,0.730429718661511,0.4349999999999999,0.5944128094128094,0.5693870573870574
Takanyi Garanganga,1380.8967670611753,1359.0533135265478,1380.8967670611753,1380.8967670611753,449.0,19.0,34.5,185.67156964873536,0,9,0.4,0.4444444444444444,0.4444444444444444,0.4444444444444444,-19.103232938824704,-19.103232938824704,-19.103232938824704,-19.103232938824704,6.6,3.2222222222222223,3.2222222222222223,4.0,1.7777777777777777,1.7777777777777777,0.6603896103896104,0.36688311688311687,0.36688311688311687,0.4458823529411765,0.2477124183006536,0.2477124183006536
Amir Milushev,1400.0,1400.0,1400.0,1400.0,2000.0,0.0,19.6,185.67156964873536,0,0,0.0,0.0,0.0,0.0,0.0,0.0,0.0,0.0,0.0,0.0,0.0,0.0,0.0,0.0,0.0,0.0,0.0,0.0,0.0,0.0
Matheus Pucinelli De Almeida,1451.3560110794883,1451.3560110794883,1451.3560110794883,1451.3560110794883,264.0,199.0,23.8,183.0,0,2,1.0,1.0,1.0,1.0,51.356011079488326,51.356011079488326,51.356011079488326,51.356011079488326,1.0,1.0,1.0,0.5,0.5,0.5,0.6984265734265734,0.6984265734265734,0.6984265734265734,0.7,0.7,0.7
Weerapat Doakmaiklee,1312.2855158766665,1376.8029717331247,1400.0,1312.2855158766665,1332.0,3.0,37.6,185.67156964873536,0,9,0.2,0.1111111111111111,0.1111111111111111,0.1111111111111111,-87.71448412333348,-87.71448412333348,-87.71448412333348,-87.71448412333348,-1.0,-1.0,-1.0,-1.0,-1.0,-1.0,0.0,0.0,0.0,0.0,0.0,0.0
Dominic Stricker,1645.3288246351203,1554.4871931487762,1441.8428933858158,1488.3156465318912,258.0,212.0,23.1,183.0,1,48,0.6,0.44,0.5,0.5,-111.38389659110817,55.80342622274134,245.32882463512033,245.32882463512033,10.0,7.85,9.020833333333334,4.0,3.0,3.0,0.8121910570248165,0.7776761047104932,0.7738106350558556,0.675,0.5875541125541125,0.5572916666666666
Gregory Carraz,1801.4901490131115,1777.5609292254032,1733.2888733836166,1803.6399026153574,167.0,233.0,49.7,190.0,0,132,0.2,0.28,0.36,0.4146341463414634,-111.37190043383339,-118.49489916809807,-168.29639959809333,48.05536396324487,7.6,11.0,10.18,5.2,5.75,5.64,0.7578140139430463,0.7286534174985412,0.7398188992088827,0.6767099567099567,0.59744350850388,0.6284487098728584
Thomas Fancutt,1400.0,1400.0,1400.0,1400.0,562.0,53.0,29.9,188.0,0,0,0.0,0.0,0.0,0.0,0.0,0.0,0.0,0.0,0.0,0.0,0.0,0.0,0.0,0.0,0.0,0.0,0.0,0.0,0.0,0.0
Arthur De Greef,1445.3580463410376,1415.617864794619,1432.6676105003921,1445.3580463410376,202.0,253.0,32.8,183.0,0,9,0.2,0.3333333333333333,0.3333333333333333,0.3333333333333333,45.35804634103761,45.35804634103761,45.35804634103761,45.35804634103761,2.8,3.7777777777777777,3.7777777777777777,2.4,2.888888888888889,2.888888888888889,0.6633178677300117,0.6374330761415772,0.6374330761415772,0.5529137529137529,0.5581884165217499,0.5581884165217499
Eric Taino,1718.2227542130454,1780.477931464174,1685.749722705775,1718.2227542130454,2000.0,0.0,50.0,175.0,1,80,0.4,0.4,0.4,0.4,-40.292545038693106,-0.8339340008999443,-0.8339340008999443,-0.8339340008999443,1.2,4.8,4.166666666666667,-0.2,2.55,2.2,0.16129032258064516,0.5864973134448419,0.5949443535343726,0.0,0.4428968253968254,0.4042328042328042
Alun Jones,1477.7917730936476,1477.7917730936476,1477.7917730936476,1477.7917730936476,125.0,348.0,44.7,180.0,0,12,0.2,0.25,0.25,0.25,77.79177309364763,77.79177309364763,77.79177309364763,77.79177309364763,4.0,3.6666666666666665,3.6666666666666665,2.6,2.6666666666666665,2.6666666666666665,0.6215796318527411,0.6297019216023364,0.6297019216023364,0.442843137254902,0.484635217723453,0.484635217723453
Michael Yani,1419.1555327449307,1351.0845361706106,1378.2294789081384,1506.0687729542717,238.0,198.0,44.7,185.0,0,15,0.0,0.2,0.2,0.2,19.155532744930724,19.155532744930724,19.155532744930724,19.155532744930724,4.6,5.533333333333333,5.533333333333333,2.4,3.7333333333333334,3.7333333333333334,0.6282722158080891,0.6436036211902246,0.6436036211902246,0.516017316017316,0.47896751396751397,0.47896751396751397
Muzammil Murtaza,1337.352516415221,1337.352516415221,1400.0,1375.0,2000.0,0.0,25.8,185.67156964873536,0,3,0.0,0.0,0.0,0.0,-62.64748358477891,-62.64748358477891,-62.64748358477891,-62.64748358477891,1.0,1.0,1.0,1.6666666666666667,1.6666666666666667,1.6666666666666667,0.3207070707070707,0.3207070707070707,0.3207070707070707,0.15079365079365079,0.15079365079365079,0.15079365079365079
Justin Lunn,1400.0,1400.0,1400.0,1400.0,2000.0,0.0,33.6,185.67156964873536,0,0,0.0,0.0,0.0,0.0,0.0,0.0,0.0,0.0,0.0,0.0,0.0,0.0,0.0,0.0,0.0,0.0,0.0,0.0,0.0,0.0
Marcos Baghdatis,1727.148047564952,1626.870357015143,1190.2821529738103,1507.2248112249363,135.0,420.0,40.0,183.0,0,622,0.6,0.36,0.5,0.49,-77.19622670958779,-144.54267991141955,-136.46922683833327,-239.61286124052253,6.4,8.85,8.5,3.8,3.75,3.64,0.7646375519904932,0.7688049572098434,0.7379791116495953,0.5139393939393939,0.480726911976912,0.5212489177489177
Juan Carlos Rebaza Lozano,1393.0037262722105,1400.0,1393.0037262722105,1393.0037262722105,2000.0,0.0,39.5,185.67156964873536,0,1,0.0,0.0,0.0,0.0,-6.9962737277894576,-6.9962737277894576,-6.9962737277894576,-6.9962737277894576,-1.0,-1.0,-1.0,-1.0,-1.0,-1.0,0.0,0.0,0.0,0.0,0.0,0.0
Ivo Klec,1560.983489266782,1594.5579391510812,1562.9097318614101,1560.983489266782,416.0,91.0,44.1,183.0,0,18,0.2,0.25,0.25,0.25,-20.24191546476891,-20.24191546476891,-20.24191546476891,-20.24191546476891,0.8,1.5,1.5,1.8,2.625,2.625,0.5509906759906761,0.6072061429691404,0.6072061429691404,0.44653594771241834,0.5320611577964519,0.5320611577964519
Yann Marti,1430.4415211679095,1430.4415211679095,1430.4415211679095,1430.4415211679095,391.0,111.0,37.1,173.0,0,6,0.4,0.3333333333333333,0.3333333333333333,0.3333333333333333,30.441521167909514,30.441521167909514,30.441521167909514,30.441521167909514,2.2,2.0,2.0,4.2,4.666666666666667,4.666666666666667,0.6361929508231302,0.6396846018764181,0.6396846018764181,0.6062397372742201,0.5885331143951834,0.5885331143951834
Anas Fattar,1400.0,1400.0,1400.0,1400.0,767.0,18.0,37.8,185.67156964873536,0,0,0.0,0.0,0.0,0.0,0.0,0.0,0.0,0.0,0.0,0.0,0.0,0.0,0.0,0.0,0.0,0.0,0.0,0.0,0.0,0.0
Karim Mohamed Maamoun,1342.8470849894802,1436.6247847230122,1319.3721414121642,1342.8470849894802,721.0,37.0,34.4,175.0,0,12,0.0,0.3333333333333333,0.3333333333333333,0.3333333333333333,-57.15291501051979,-57.15291501051979,-57.15291501051979,-57.15291501051979,0.8,0.5,0.5,0.8,1.75,1.75,0.35230409356725145,0.31442123828088736,0.31442123828088736,0.27272727272727276,0.22494588744588748,0.22494588744588748
Jean Andersen,1395.0425629276958,1395.0425629276958,1395.0425629276958,1395.0425629276958,863.0,17.0,36.7,185.67156964873536,0,1,0.0,0.0,0.0,0.0,-4.957437072304174,-4.957437072304174,-4.957437072304174,-4.957437072304174,-1.0,-1.0,-1.0,-1.0,-1.0,-1.0,0.0,0.0,0.0,0.0,0.0,0.0
Julian Saborio,1356.7347373908747,1356.7347373908747,1356.7347373908747,1356.7347373908747,2000.0,0.0,28.3,185.67156964873536,0,2,0.0,0.0,0.0,0.0,-43.26526260912533,-43.26526260912533,-43.26526260912533,-43.26526260912533,-1.0,-1.0,-1.0,-1.0,-1.0,-1.0,0.0,0.0,0.0,0.0,0.0,0.0
Jesse Levine,1617.9328873393724,1599.9610912388198,1376.8960264275256,1498.0184921928824,132.0,442.0,37.8,175.0,1,93,0.2,0.32,0.28,0.3225806451612903,-72.89578118174586,31.053527928222593,-69.36163287234672,217.93288733937243,8.6,5.4,5.1,7.2,4.6,4.06,0.64470122021797,0.6625160607864704,0.6723170278206596,0.6185007974481659,0.5948781043517886,0.5887034486840989
Liova Ayite Ajavon,1400.0,1400.0,1400.0,1400.0,2000.0,0.0,26.2,186.27336318231923,0,0,0.0,0.0,0.0,0.0,0.0,0.0,0.0,0.0,0.0,0.0,0.0,0.0,0.0,0.0,0.0,0.0,0.0,0.0,0.0,0.0
Jan Weinzierl,1742.4865578889464,1742.4865578889464,1742.4865578889464,1742.4865578889464,342.0,78.0,52.0,185.67156964873536,0,50,0.0,0.0,0.0,0.0,0.0,0.0,0.0,0.0,0.0,0.0,0.0,0.0,0.0,0.0,0.0,0.0,0.0,0.0,0.0,0.0
Juan Carlos Prado Angelo,1400.0,1400.0,1400.0,1400.0,605.0,56.0,19.8,185.0,0,0,0.0,0.0,0.0,0.0,0.0,0.0,0.0,0.0,0.0,0.0,0.0,0.0,0.0,0.0,0.0,0.0,0.0,0.0,0.0,0.0
Collin Altamirano,1396.1792545910591,1396.1792545910591,1396.1792545910591,1396.1792545910591,345.0,128.0,29.7,188.0,0,1,0.0,0.0,0.0,0.0,-3.8207454089408657,-3.8207454089408657,-3.8207454089408657,-3.8207454089408657,3.0,3.0,3.0,3.0,3.0,3.0,0.627906976744186,0.627906976744186,0.627906976744186,0.4166666666666667,0.4166666666666667,0.4166666666666667
Francisco Llanes,1425.0,1425.0,1425.0,1425.0,1262.0,5.0,23.4,178.0,0,1,1.0,1.0,1.0,1.0,25.0,25.0,25.0,25.0,1.0,1.0,1.0,2.0,2.0,2.0,0.6785714285714286,0.6785714285714286,0.6785714285714286,0.6,0.6,0.6
Baris Ergun,1616.8259529034578,1616.8259529034578,1616.8259529034578,1616.8259529034578,1225.0,2.0,50.1,185.67156964873536,0,12,1.0,1.0,1.0,1.0,40.47170783311253,40.47170783311253,40.47170783311253,40.47170783311253,-1.0,-1.0,-1.0,-1.0,-1.0,-1.0,0.0,0.0,0.0,0.0,0.0,0.0
Shahin Khaledan,1390.63196495891,1353.5261643104975,1401.9820803055168,1390.63196495891,1331.0,3.0,34.6,185.67156964873536,0,9,0.4,0.4444444444444444,0.4444444444444444,0.4444444444444444,-9.368035041090025,-9.368035041090025,-9.368035041090025,-9.368035041090025,-0.6,-0.7777777777777778,-0.7777777777777778,0.2,-0.3333333333333333,-0.3333333333333333,0.13090909090909092,0.07272727272727272,0.07272727272727272,0.04,0.022222222222222223,0.022222222222222223
Maxime Cressy,1489.0848750961854,1498.408311833983,1339.3382530121798,1535.577654575794,173.0,345.0,28.2,201.0,0,100,0.2,0.2,0.32,0.43,-247.7021790599615,-231.09291181973413,-269.1800295758321,24.86580418251947,9.2,11.3,13.98,10.4,11.5,10.3,0.7415631522241842,0.7734710086564919,0.795493540330338,0.6082251082251081,0.5740682928182927,0.5480479520479521
Carlos Gimeno Valero,1400.0,1400.0,1400.0,1400.0,369.0,114.0,23.8,191.0,0,0,0.0,0.0,0.0,0.0,0.0,0.0,0.0,0.0,0.0,0.0,0.0,0.0,0.0,0.0,0.0,0.0,0.0,0.0,0.0,0.0
Filip Dewulf,1786.2015461465699,1772.8567054289188,1743.5957130609227,1786.2015461465699,171.0,226.0,52.8,190.0,0,58,0.2,0.375,0.375,0.375,40.16682616695152,40.16682616695152,40.16682616695152,40.16682616695152,1.2,1.125,1.125,0.6,0.625,0.625,0.3745093167701864,0.32709157879531997,0.32709157879531997,0.30476190476190473,0.19047619047619047,0.19047619047619047
Michael Joyce,1781.573764332822,1781.573764332822,1781.573764332822,1781.573764332822,302.0,104.0,52.4,180.0,0,54,0.25,0.25,0.25,0.25,12.898933178938478,12.898933178938478,12.898933178938478,12.898933178938478,4.0,4.0,4.0,3.0,3.0,3.0,0.6339699074074074,0.6339699074074074,0.6339699074074074,0.41666666666666663,0.41666666666666663,0.41666666666666663
Holger Rune,1969.1293629288384,1685.8089074165025,1704.1019382040631,1357.0965096202297,13.0,3005.0,22.5,188.0,0,226,0.8,0.68,0.66,0.63,5.252370639705987,35.661072088650826,5.919264792530612,-108.06491084509662,7.0,6.45,5.84,3.2,3.1,3.12,0.7689645300935624,0.7590193560079358,0.7376224453989757,0.7,0.5694001831501831,0.5838035515209428
Daniel Yoo,1400.0,1400.0,1400.0,1400.0,2000.0,0.0,39.8,185.67156964873536,1,0,0.0,0.0,0.0,0.0,0.0,0.0,0.0,0.0,0.0,0.0,0.0,0.0,0.0,0.0,0.0,0.0,0.0,0.0,0.0,0.0
Daniel Vacek,1875.6484193246536,1934.1038735470988,1979.8042258477258,2004.8775926190626,377.0,77.0,53.7,190.0,0,327,0.2,0.2,0.2222222222222222,0.2222222222222222,-103.49430540950561,-134.31104400147046,-134.31104400147046,-134.31104400147046,5.0,5.15,4.925925925925926,2.6,4.15,4.37037037037037,0.6627170400974628,0.652556163368686,0.6582163176471246,0.4622222222222222,0.44081349206349196,0.45686360964138745
Gianluca Naso,1438.63982823192,1438.63982823192,1438.63982823192,1438.63982823192,200.0,232.0,38.0,193.0,0,13,0.2,0.23076923076923078,0.23076923076923078,0.23076923076923078,38.63982823192009,38.63982823192009,38.63982823192009,38.63982823192009,4.6,3.923076923076923,3.923076923076923,1.8,2.6923076923076925,2.6923076923076925,0.7695906432748537,0.7046928532556063,0.7046928532556063,0.5644444444444445,0.5307612923711995,0.5307612923711995
Illya Marchenko,1540.5511043433867,1651.2457753469162,1316.986309479335,1394.095116585282,267.0,221.0,37.9,185.0,0,160,0.4,0.32,0.32,0.38,-70.95615132999546,-98.67517992518242,-176.4168189869922,-97.89957255451327,5.8,5.8,5.62,2.4,2.85,4.2,0.6546880570409981,0.63380743396026,0.6811912066221377,0.5000000000000001,0.39142940392940395,0.48104357309357304
Federico Rodriguez,1372.5601723126222,1400.0,1396.148935394837,1372.5601723126222,2000.0,0.0,45.2,185.67156964873536,0,2,0.0,0.0,0.0,0.0,-27.43982768737783,-27.43982768737783,-27.43982768737783,-27.43982768737783,-1.0,-1.0,-1.0,-1.0,-1.0,-1.0,0.0,0.0,0.0,0.0,0.0,0.0
Jaak Poldma,1435.7660954715009,1389.5601756977362,1400.0,1435.7660954715009,1149.0,4.0,36.8,185.67156964873536,0,8,0.6,0.375,0.375,0.375,35.766095471500876,35.766095471500876,35.766095471500876,35.766095471500876,-1.0,-1.0,-1.0,-1.0,-1.0,-1.0,0.0,0.0,0.0,0.0,0.0,0.0
Lukas Mugevicius,1321.22844076237,1369.4469717556676,1340.9356439003127,1321.22844076237,405.0,109.0,30.3,188.0,0,11,0.2,0.2727272727272727,0.2727272727272727,0.2727272727272727,-78.77155923763007,-78.77155923763007,-78.77155923763007,-78.77155923763007,1.6,0.18181818181818182,0.18181818181818182,1.8,0.2727272727272727,0.2727272727272727,0.3961904761904762,0.1800865800865801,0.1800865800865801,0.2175757575757576,0.09889807162534435,0.09889807162534435
Predrag Rusevski,1445.4359688491827,1432.402795300966,1438.4087886412667,1445.4359688491827,1533.0,1.0,41.8,185.67156964873536,0,14,0.2,0.42857142857142855,0.42857142857142855,0.42857142857142855,45.4359688491827,45.4359688491827,45.4359688491827,45.4359688491827,-1.0,-0.8571428571428571,-0.8571428571428571,-1.0,-0.7857142857142857,-0.7857142857142857,0.0,0.043103448275862065,0.043103448275862065,0.0,0.05494505494505495,0.05494505494505495
Sebastian Rieschick,1425.3080763599999,1437.8509271731612,1392.851962001412,1425.3080763599999,253.0,191.0,39.6,185.67156964873536,0,3,0.3333333333333333,0.3333333333333333,0.3333333333333333,0.3333333333333333,25.30807635999986,25.30807635999986,25.30807635999986,25.30807635999986,4.666666666666667,4.666666666666667,4.666666666666667,3.3333333333333335,3.3333333333333335,3.3333333333333335,0.6960058097312999,0.6960058097312999,0.6960058097312999,0.44047619047619047,0.44047619047619047,0.44047619047619047
Walid Jallali,1589.4960321081157,1596.4028568483263,1583.6759730298284,1589.4960321081157,1014.0,9.0,47.0,185.67156964873536,0,16,0.6,0.6666666666666666,0.6666666666666666,0.6666666666666666,5.765005067135007,5.765005067135007,5.765005067135007,5.765005067135007,-1.0,-1.0,-1.0,-1.0,-1.0,-1.0,0.0,0.0,0.0,0.0,0.0,0.0
Luis Patino,1380.0104190629309,1425.7789490556725,1359.3711875059769,1380.0104190629309,983.0,12.0,31.4,183.0,0,9,0.6,0.3333333333333333,0.3333333333333333,0.3333333333333333,-19.98958093706915,-19.98958093706915,-19.98958093706915,-19.98958093706915,4.8,3.6666666666666665,3.6666666666666665,2.4,3.2222222222222223,3.2222222222222223,0.7085961311223027,0.6323630736357833,0.6323630736357833,0.43349983349983345,0.5088789206436265,0.5088789206436265
Moez Echargui,1396.9786278741087,1373.3516388590333,1400.0,1396.9786278741087,382.0,127.0,32.5,178.0,0,2,0.5,0.5,0.5,0.5,-3.0213721258912756,-3.0213721258912756,-3.0213721258912756,-3.0213721258912756,1.5,1.5,1.5,0.5,0.5,0.5,0.42857142857142855,0.42857142857142855,0.42857142857142855,0.5,0.5,0.5
Hong Chung,1377.71877696972,1400.0,1377.71877696972,1400.0,655.0,39.0,32.1,170.0,1,1,0.0,0.0,0.0,0.0,-22.28122303027999,-22.28122303027999,-22.28122303027999,-22.28122303027999,-1.0,-1.0,-1.0,-1.0,-1.0,-1.0,0.0,0.0,0.0,0.0,0.0,0.0
Matteo Trevisan,1400.0,1400.0,1400.0,1400.0,451.0,84.0,35.9,185.67156964873536,0,0,0.0,0.0,0.0,0.0,0.0,0.0,0.0,0.0,0.0,0.0,0.0,0.0,0.0,0.0,0.0,0.0,0.0,0.0,0.0,0.0
Yasitha De Silva,1353.719736414574,1353.719736414574,1353.719736414574,1353.719736414574,2000.0,0.0,29.6,185.67156964873536,0,2,0.0,0.0,0.0,0.0,-46.28026358542593,-46.28026358542593,-46.28026358542593,-46.28026358542593,5.0,5.0,5.0,1.5,1.5,1.5,0.6076923076923078,0.6076923076923078,0.6076923076923078,0.45,0.45,0.45
Karsten Braasch,1800.5674171612236,1800.5674171612236,1800.5674171612236,1834.4455230922397,426.0,57.0,57.9,180.0,1,51,1.0,1.0,1.0,1.0,25.55956936270786,25.55956936270786,25.55956936270786,25.55956936270786,0.0,0.0,0.0,3.0,3.0,3.0,0.8260869565217391,0.8260869565217391,0.8260869565217391,0.0,0.0,0.0
Brian Baker,1665.1035301990155,1431.600003314791,1566.0608594787946,1487.7961986804278,312.0,157.0,40.3,190.0,0,59,0.4,0.24,0.36,0.3389830508474576,-76.55126444337293,-111.37925663492433,208.04482499297637,265.1035301990155,6.0,5.95,5.12,4.2,4.1,3.82,0.7555251694488241,0.6785552627876495,0.6842276022321236,0.5218614718614719,0.5214114832535885,0.5327954545454545
Kevin Cheruiyot,1400.0,1400.0,1400.0,1400.0,1752.0,1.0,27.0,185.67156964873536,0,0,0.0,0.0,0.0,0.0,0.0,0.0,0.0,0.0,0.0,0.0,0.0,0.0,0.0,0.0,0.0,0.0,0.0,0.0,0.0,0.0
Markos Kalovelonis,1429.6076034826328,1429.6076034826328,1400.0,1429.6076034826328,690.0,34.0,30.8,191.0,0,1,1.0,1.0,1.0,1.0,29.60760348263284,29.60760348263284,29.60760348263284,29.60760348263284,-1.0,-1.0,-1.0,-1.0,-1.0,-1.0,0.0,0.0,0.0,0.0,0.0,0.0
Younes Rachidi,1399.3046605739517,1397.742735667782,1376.3995039663582,1399.3046605739517,869.0,17.0,38.3,186.27336318231923,0,3,0.3333333333333333,0.3333333333333333,0.3333333333333333,0.3333333333333333,-0.6953394260483492,-0.6953394260483492,-0.6953394260483492,-0.6953394260483492,-0.3333333333333333,-0.3333333333333333,-0.3333333333333333,1.3333333333333333,1.3333333333333333,1.3333333333333333,0.21468926553672316,0.21468926553672316,0.21468926553672316,0.19999999999999998,0.19999999999999998,0.19999999999999998
Sheil Kotecha,1400.0,1400.0,1400.0,1400.0,1385.0,3.0,24.9,185.67156964873536,0,0,0.0,0.0,0.0,0.0,0.0,0.0,0.0,0.0,0.0,0.0,0.0,0.0,0.0,0.0,0.0,0.0,0.0,0.0,0.0,0.0
Jaroslav Levinsky,1628.2612358896395,1628.2612358896395,1628.2612358896395,1628.2612358896395,403.0,64.0,44.4,196.0,0,10,0.0,0.0,0.0,0.0,0.0,0.0,0.0,0.0,0.0,0.0,0.0,0.0,0.0,0.0,0.0,0.0,0.0,0.0,0.0,0.0
Girts Dzelde,1398.1226293569923,1398.1226293569923,1400.0,1398.1226293569923,2000.0,0.0,62.0,173.0,0,1,0.0,0.0,0.0,0.0,-1.87737064300768,-1.87737064300768,-1.87737064300768,-1.87737064300768,-1.0,-1.0,-1.0,-1.0,-1.0,-1.0,0.0,0.0,0.0,0.0,0.0,0.0
Thiemo De Bakker,1715.960255438199,1424.4950176973098,1661.1996116154066,1416.0759624882655,224.0,220.0,36.7,193.0,0,163,0.4,0.28,0.36,0.37,-86.7885940785618,-133.76696219429414,-111.36515055693599,-282.3872712865739,11.0,8.35,7.18,1.8,1.8,1.58,0.6943483112549924,0.691369074779122,0.6244087908897108,0.6120000000000001,0.5443650238650238,0.4687860528360528
Laurent Hild,1400.0,1400.0,1400.0,1400.0,2000.0,0.0,43.1,186.27336318231923,0,0,0.0,0.0,0.0,0.0,0.0,0.0,0.0,0.0,0.0,0.0,0.0,0.0,0.0,0.0,0.0,0.0,0.0,0.0,0.0,0.0
Radoslav Lukaev,1585.3111101971178,1561.3646667788273,1557.6602565396604,1585.3111101971178,455.0,58.0,43.4,186.27336318231923,0,17,0.4,0.42857142857142855,0.42857142857142855,0.42857142857142855,11.7519368072833,11.7519368072833,11.7519368072833,11.7519368072833,-1.0,0.8571428571428571,0.8571428571428571,-1.0,0.42857142857142855,0.42857142857142855,0.0,0.10822510822510822,0.10822510822510822,0.0,0.09821428571428571,0.09821428571428571
Corentin Moutet,1584.2109687937623,1512.5279931622108,1515.9784595670492,1462.2428992775156,66.0,804.0,26.5,180.0,1,153,0.2,0.36,0.36,0.42,-16.131240040283046,-24.957918249335762,-101.01666069722273,-113.11864951459393,2.0,1.55,2.44,2.4,1.9,2.3,0.6349215400809495,0.6052739547104016,0.6467294921850114,0.6008547008547008,0.5495774242097772,0.5717977806507218
Rafael Avalos Brenes,1373.3177931299053,1373.3177931299053,1373.3177931299053,1373.3177931299053,2000.0,0.0,63.6,186.27336318231923,0,5,0.2,0.2,0.2,0.2,-26.68220687009466,-26.68220687009466,-26.68220687009466,-26.68220687009466,-1.0,-1.0,-1.0,-1.0,-1.0,-1.0,0.0,0.0,0.0,0.0,0.0,0.0
Edgardo Massa,1707.879017804208,1711.4613471107682,1744.5194849034813,1696.717914183852,240.0,163.0,44.5,180.0,0,73,0.4,0.34782608695652173,0.34782608695652173,0.34782608695652173,49.401628572466734,11.161103620356016,11.161103620356016,11.161103620356016,3.6,2.5,2.9565217391304346,3.4,2.85,3.0,0.7616738477608044,0.6761406702397195,0.6764523448038641,0.47964257964257967,0.506021756021756,0.5267778115604203
Alexandr Zotov,1400.0,1400.0,1400.0,1400.0,2000.0,0.0,36.9,185.67156964873536,1,0,0.0,0.0,0.0,0.0,0.0,0.0,0.0,0.0,0.0,0.0,0.0,0.0,0.0,0.0,0.0,0.0,0.0,0.0,0.0,0.0
Photos Kallias,1305.3239572217938,1358.699409034145,1396.5106684955545,1305.3239572217938,475.0,81.0,41.5,185.67156964873536,1,12,0.0,0.08333333333333333,0.08333333333333333,0.08333333333333333,-94.67604277820624,-94.67604277820624,-94.67604277820624,-94.67604277820624,-1.0,-1.0,-1.0,-1.0,-1.0,-1.0,0.0,0.0,0.0,0.0,0.0,0.0
Oscar Rodriguez Sanchez,1400.0,1400.0,1400.0,1400.0,857.0,11.0,40.3,185.67156964873536,0,0,0.0,0.0,0.0,0.0,0.0,0.0,0.0,0.0,0.0,0.0,0.0,0.0,0.0,0.0,0.0,0.0,0.0,0.0,0.0,0.0
Mikhail Biryukov,1393.096338611755,1393.096338611755,1393.096338611755,1393.096338611755,310.0,136.0,33.3,185.67156964873536,0,1,0.0,0.0,0.0,0.0,-6.903661388244927,-6.903661388244927,-6.903661388244927,-6.903661388244927,0.0,0.0,0.0,1.0,1.0,1.0,0.5217391304347826,0.5217391304347826,0.5217391304347826,0.375,0.375,0.375
Donald Young,1613.4655725317139,1660.5300534741123,1337.698225848852,1445.2310026389746,327.0,135.0,35.4,183.0,1,315,0.2,0.24,0.36,0.45,-169.35850204571216,-248.133299499518,-216.1576581809693,-119.66420672310255,2.2,2.65,3.66,3.6,4.55,4.04,0.6371137371137372,0.6244015822554354,0.6633433975449438,0.58,0.5303214285714286,0.5275007972419737
David Caldwell,1715.8474534371792,1715.8474534371792,1715.8474534371792,1715.8474534371792,1028.0,4.0,51.1,180.0,0,50,0.0,0.0,0.0,0.0,0.0,0.0,0.0,0.0,0.0,0.0,0.0,0.0,0.0,0.0,0.0,0.0,0.0,0.0,0.0,0.0
Adam Pavlasek,1514.8558302031452,1419.3961041299044,1577.118240216472,1463.8278206382452,185.0,317.0,30.6,185.0,0,13,0.4,0.38461538461538464,0.38461538461538464,0.38461538461538464,51.0280095649,51.0280095649,51.0280095649,51.0280095649,6.2,6.538461538461538,6.538461538461538,4.0,3.5384615384615383,3.5384615384615383,0.6540507640641297,0.6864965769994551,0.6864965769994551,0.5484126984126985,0.5908489171647067,0.5908489171647067
Tomislav Peric,1400.0,1400.0,1400.0,1400.0,1255.0,3.0,42.0,185.67156964873536,0,0,0.0,0.0,0.0,0.0,0.0,0.0,0.0,0.0,0.0,0.0,0.0,0.0,0.0,0.0,0.0,0.0,0.0,0.0,0.0,0.0
Luke Milligan,1737.3141265414813,1746.4349917063378,1737.3141265414813,1746.4349917063378,522.0,36.0,48.8,180.0,0,51,0.0,0.0,0.0,0.0,-9.120865164856468,-9.120865164856468,-9.120865164856468,-9.120865164856468,4.0,4.0,4.0,3.0,3.0,3.0,0.6382978723404256,0.6382978723404256,0.6382978723404256,0.3333333333333333,0.3333333333333333,0.3333333333333333
Hendri Susilo Pramono,1626.2947450939646,1626.2947450939646,1626.2947450939646,1626.2947450939646,657.0,20.0,46.2,185.67156964873536,0,11,1.0,1.0,1.0,1.0,23.39640153024493,23.39640153024493,23.39640153024493,23.39640153024493,-1.0,-1.0,-1.0,-1.0,-1.0,-1.0,0.0,0.0,0.0,0.0,0.0,0.0
Viktor Filipenko,1353.5698381787217,1353.5698381787217,1353.5698381787217,1353.5698381787217,773.0,20.0,33.5,185.67156964873536,0,2,0.0,0.0,0.0,0.0,-46.43016182127826,-46.43016182127826,-46.43016182127826,-46.43016182127826,-1.0,-1.0,-1.0,-1.0,-1.0,-1.0,0.0,0.0,0.0,0.0,0.0,0.0
Cole Gromley,1400.0,1400.0,1400.0,1400.0,2000.0,0.0,25.5,185.67156964873536,0,0,0.0,0.0,0.0,0.0,0.0,0.0,0.0,0.0,0.0,0.0,0.0,0.0,0.0,0.0,0.0,0.0,0.0,0.0,0.0,0.0
Matija Zgaga,1400.0,1400.0,1400.0,1400.0,922.0,7.0,41.9,186.27336318231923,1,0,0.0,0.0,0.0,0.0,0.0,0.0,0.0,0.0,0.0,0.0,0.0,0.0,0.0,0.0,0.0,0.0,0.0,0.0,0.0,0.0
Elmer Moller,1440.2969669415315,1412.7373734884336,1400.0,1440.2969669415315,247.0,231.0,22.1,183.0,0,5,0.6,0.6,0.6,0.6,40.29696694153154,40.29696694153154,40.29696694153154,40.29696694153154,-0.4,-0.4,-0.4,1.2,1.2,1.2,0.17222222222222222,0.17222222222222222,0.17222222222222222,0.13333333333333333,0.13333333333333333,0.13333333333333333
Stefan Kozlov,1489.7543602895116,1406.7858522400725,1400.0,1502.5140155610165,108.0,503.0,27.6,183.0,0,34,0.0,0.24,0.2647058823529412,0.2647058823529412,1.6278213877319558,89.75436028951162,89.75436028951162,89.75436028951162,1.0,2.15,2.6176470588235294,6.4,4.6,4.411764705882353,0.5547736559645005,0.6180903696305772,0.6219963092175247,0.5302350427350427,0.5372182313300734,0.5491880861656403
Jonas Forejtek,1458.8223053117792,1458.8223053117792,1458.8223053117792,1458.8223053117792,399.0,95.0,24.6,183.0,0,2,1.0,1.0,1.0,1.0,58.822305311779246,58.822305311779246,58.822305311779246,58.822305311779246,-1.0,-1.0,-1.0,-1.0,-1.0,-1.0,0.0,0.0,0.0,0.0,0.0,0.0
Jhonnatan Medina Alvarez,1460.2431100964702,1410.9988124724302,1426.99412734718,1460.2431100964702,2000.0,0.0,43.4,185.67156964873536,1,18,0.2,0.4444444444444444,0.4444444444444444,0.4444444444444444,60.24311009647022,60.24311009647022,60.24311009647022,60.24311009647022,-1.0,-1.0,-1.0,-1.0,-1.0,-1.0,0.0,0.0,0.0,0.0,0.0,0.0
Prajnesh Gunneswaran,1375.640751567633,1388.310330360881,1394.1889556005908,1425.5385805991034,342.0,140.0,35.2,188.0,1,38,0.2,0.28,0.2631578947368421,0.2631578947368421,-70.36367259073904,-88.1608724469902,-24.35924843236694,-24.35924843236694,4.0,5.5,4.684210526315789,1.2,2.45,2.289473684210526,0.5677660052078657,0.6577636715671129,0.6681552331724311,0.6180769230769231,0.5274683649683649,0.5073141770510192
Charles Broom,1381.1705234450415,1381.1705234450415,1381.1705234450415,1381.1705234450415,248.0,242.0,27.1,178.0,0,1,0.0,0.0,0.0,0.0,-18.829476554958546,-18.829476554958546,-18.829476554958546,-18.829476554958546,2.0,2.0,2.0,4.0,4.0,4.0,0.6,0.6,0.6,0.6666666666666666,0.6666666666666666,0.6666666666666666
Khalid Al Nabhani,1352.2797190694293,1352.2797190694293,1352.2797190694293,1352.2797190694293,2000.0,0.0,42.8,185.67156964873536,0,5,0.2,0.2,0.2,0.2,-47.72028093057065,-47.72028093057065,-47.72028093057065,-47.72028093057065,-1.0,-1.0,-1.0,-1.0,-1.0,-1.0,0.0,0.0,0.0,0.0,0.0,0.0
Filip Horansky,1392.92323368043,1393.1087746932842,1382.60397188958,1400.0,203.0,289.0,32.1,175.0,0,10,0.2,0.2,0.2,0.2,-7.07676631956997,-7.07676631956997,-7.07676631956997,-7.07676631956997,2.2,2.7,2.7,1.8,2.0,2.0,0.6286711807620373,0.6448522092334827,0.6448522092334827,0.3190476190476191,0.43424603174603177,0.43424603174603177
Fabian Marozsan,1671.524069614898,1649.51270950663,1502.8985738650683,1353.5465864705698,59.0,930.0,26.0,193.0,0,70,0.4,0.36,0.44,0.4714285714285714,-58.43817640617658,-39.80153523861986,35.1310189585306,271.52406961489805,2.0,4.7,4.46,0.4,2.8,2.4,0.5157527393937886,0.6552022812832691,0.6811546734870295,0.43611111111111106,0.5045039682539683,0.49132589873894217
Matthew Foster Estwick,1385.4143196217694,1385.4143196217694,1385.4143196217694,1385.4143196217694,2000.0,0.0,28.0,185.67156964873536,0,1,0.0,0.0,0.0,0.0,-14.585680378230563,-14.585680378230563,-14.585680378230563,-14.585680378230563,2.0,2.0,2.0,3.0,3.0,3.0,0.4583333333333333,0.4583333333333333,0.4583333333333333,0.5,0.5,0.5
Raimonds Sproga,1387.7368996049543,1387.7368996049543,1400.0,1387.7368996049543,2000.0,0.0,44.0,186.27336318231923,0,1,0.0,0.0,0.0,0.0,-12.26310039504574,-12.26310039504574,-12.26310039504574,-12.26310039504574,-1.0,-1.0,-1.0,-1.0,-1.0,-1.0,0.0,0.0,0.0,0.0,0.0,0.0
Jan Satral,1425.5320198050044,1428.7496299040151,1405.839833889254,1425.5320198050044,157.0,370.0,34.5,185.0,0,3,0.3333333333333333,0.3333333333333333,0.3333333333333333,0.3333333333333333,19.692185915750542,19.692185915750542,19.692185915750542,19.692185915750542,8.666666666666666,8.666666666666666,8.666666666666666,4.333333333333333,4.333333333333333,4.333333333333333,0.70357939199799,0.70357939199799,0.70357939199799,0.7222222222222222,0.7222222222222222,0.7222222222222222
Marcos Lee Chan Baratau,1400.0,1400.0,1400.0,1400.0,1320.0,5.0,19.8,185.67156964873536,0,0,0.0,0.0,0.0,0.0,0.0,0.0,0.0,0.0,0.0,0.0,0.0,0.0,0.0,0.0,0.0,0.0,0.0,0.0,0.0,0.0
Andrew Carlson,1400.0,1400.0,1400.0,1400.0,1089.0,4.0,47.9,185.67156964873536,1,0,0.0,0.0,0.0,0.0,0.0,0.0,0.0,0.0,0.0,0.0,0.0,0.0,0.0,0.0,0.0,0.0,0.0,0.0,0.0,0.0
Razvan Sabau,1593.639729571978,1696.4337827106444,1716.192675285369,1752.8610341620322,163.0,255.0,48.2,185.0,0,99,0.2,0.16,0.2857142857142857,0.2857142857142857,-130.6962525106103,-148.6563433901365,-160.21875778486606,-160.21875778486606,2.8,1.5,1.7142857142857142,3.6,4.1,3.122448979591837,0.5973463573463574,0.5718475567000807,0.5276366617575599,0.45294117647058824,0.5083561454884984,0.4377321324800316
Alex Obrien,1823.8568412672953,1816.8694246067241,1823.8568412672953,1840.4028739136734,316.0,93.0,55.4,185.0,0,60,0.2,0.3,0.3,0.3,-16.54603264637808,-16.54603264637808,-16.54603264637808,-16.54603264637808,4.6,6.1,6.1,2.2,2.5,2.5,0.6606608420645533,0.6980769444774071,0.6980769444774071,0.6783232591282127,0.6980902009926778,0.6980902009926778
Amer Naow,1400.0,1400.0,1400.0,1400.0,2000.0,0.0,30.1,185.67156964873536,0,0,0.0,0.0,0.0,0.0,0.0,0.0,0.0,0.0,0.0,0.0,0.0,0.0,0.0,0.0,0.0,0.0,0.0,0.0,0.0,0.0
Lazar Magdincev,1573.5409617321036,1563.5820157983967,1622.6351079463773,1573.5409617321036,2000.0,0.0,44.2,185.67156964873536,0,24,0.2,0.5,0.5,0.5,-2.8132833382417175,-2.8132833382417175,-2.8132833382417175,-2.8132833382417175,-1.0,-1.0,-1.0,-1.0,-1.0,-1.0,0.0,0.0,0.0,0.0,0.0,0.0
Nick Van Der Meer,1400.0,1400.0,1400.0,1400.0,620.0,27.0,40.4,185.67156964873536,0,0,0.0,0.0,0.0,0.0,0.0,0.0,0.0,0.0,0.0,0.0,0.0,0.0,0.0,0.0,0.0,0.0,0.0,0.0,0.0,0.0
Federico Agustin Gomez,1374.2395595634819,1436.0510580979942,1400.0,1374.2395595634819,174.0,346.0,28.8,191.0,0,1,0.0,0.0,0.0,0.0,-25.760440436518138,-25.760440436518138,-25.760440436518138,-25.760440436518138,1.0,1.0,1.0,6.0,6.0,6.0,0.53125,0.53125,0.53125,0.7142857142857143,0.7142857142857143,0.7142857142857143
Stephane Huet,1763.4543408410711,1800.8254668166542,1851.3135772708918,1863.7868009159617,269.0,132.0,54.4,180.0,1,76,0.2,0.24,0.23076923076923078,0.23076923076923078,-32.64687798026648,-105.40454287214175,-105.40454287214175,-105.40454287214175,8.0,5.6,5.346153846153846,5.0,3.55,3.269230769230769,0.6786378542372291,0.6820375174094379,0.6752596458200203,0.5924747474747474,0.5907248960190137,0.5821958270487683
Amaury Gomez,1400.0,1400.0,1400.0,1400.0,2000.0,0.0,44.3,185.67156964873536,0,0,0.0,0.0,0.0,0.0,0.0,0.0,0.0,0.0,0.0,0.0,0.0,0.0,0.0,0.0,0.0,0.0,0.0,0.0,0.0,0.0
Andrey Stepanov,1400.0,1400.0,1400.0,1400.0,2000.0,0.0,42.1,185.67156964873536,0,0,0.0,0.0,0.0,0.0,0.0,0.0,0.0,0.0,0.0,0.0,0.0,0.0,0.0,0.0,0.0,0.0,0.0,0.0,0.0,0.0
Rigele Te,1426.5069238939197,1377.200254725858,1422.6187173224941,1426.5069238939197,636.0,48.0,27.9,188.0,0,3,0.6666666666666666,0.6666666666666666,0.6666666666666666,0.6666666666666666,26.506923893919748,26.506923893919748,26.506923893919748,26.506923893919748,0.6666666666666666,0.6666666666666666,0.6666666666666666,0.3333333333333333,0.3333333333333333,0.3333333333333333,0.19444444444444445,0.19444444444444445,0.19444444444444445,0.2333333333333333,0.2333333333333333,0.2333333333333333
Victor Ribas,1572.9225841206053,1572.9225841206053,1572.9225841206053,1572.9225841206053,1327.0,1.0,46.6,185.67156964873536,0,10,0.0,0.0,0.0,0.0,0.0,0.0,0.0,0.0,0.0,0.0,0.0,0.0,0.0,0.0,0.0,0.0,0.0,0.0,0.0,0.0
Fajing Sun,1373.3204158451726,1400.0,1400.0,1373.3204158451726,359.0,139.0,28.9,178.0,0,1,0.0,0.0,0.0,0.0,-26.679584154827353,-26.679584154827353,-26.679584154827353,-26.679584154827353,-1.0,-1.0,-1.0,-1.0,-1.0,-1.0,0.0,0.0,0.0,0.0,0.0,0.0
Frederick Sletting Johnsen,1423.198843743149,1423.198843743149,1423.198843743149,1423.198843743149,1380.0,2.0,38.8,185.67156964873536,0,2,0.5,0.5,0.5,0.5,23.198843743148927,23.198843743148927,23.198843743148927,23.198843743148927,-1.0,-1.0,-1.0,-1.0,-1.0,-1.0,0.0,0.0,0.0,0.0,0.0,0.0
Bjorn Fratangelo,1570.3617528760578,1530.6282078770448,1512.4135680680465,1543.337227586366,695.0,38.0,32.0,183.0,0,61,0.2,0.32,0.38,0.36065573770491804,-29.282853361215757,14.696249637078608,6.5914477388378145,77.95351245548909,7.0,5.25,5.1,1.0,2.95,3.32,0.7197853309481216,0.7092586243764623,0.6954725336444421,0.5142857142857142,0.5848968253968254,0.5433104617604617
Dineshkanthan Thangarajah,1288.7725167591907,1335.5654965771635,1372.7593674228751,1288.7725167591907,2000.0,0.0,34.1,185.67156964873536,0,12,0.2,0.25,0.25,0.25,-111.2274832408093,-111.2274832408093,-111.2274832408093,-111.2274832408093,-1.0,-1.0,-1.0,-1.0,-1.0,-1.0,0.0,0.0,0.0,0.0,0.0,0.0
Tomas Vaise,1373.1220664469047,1373.1220664469047,1373.1220664469047,1373.1220664469047,2000.0,0.0,27.0,185.67156964873536,1,1,0.0,0.0,0.0,0.0,-26.877933553095318,-26.877933553095318,-26.877933553095318,-26.877933553095318,1.0,1.0,1.0,2.0,2.0,2.0,0.6666666666666666,0.6666666666666666,0.6666666666666666,0.6363636363636364,0.6363636363636364,0.6363636363636364
Emilio Benfele Alvarez,1803.323280448683,1795.3185404300773,1877.2876936075252,1803.323280448683,122.0,320.0,52.6,183.0,0,69,0.2,0.3684210526315789,0.3684210526315789,0.3684210526315789,-51.91098575470323,-51.91098575470323,-51.91098575470323,-51.91098575470323,4.6,4.157894736842105,4.157894736842105,2.2,2.6842105263157894,2.6842105263157894,0.686459855381964,0.6930332818433971,0.6930332818433971,0.5449550449550451,0.6303016428016428,0.6303016428016428
Igor Gaudi,1819.8484814790959,1819.8484814790959,1819.8484814790959,1819.8484814790959,218.0,157.0,50.2,188.0,0,50,0.0,0.0,0.0,0.0,0.0,0.0,0.0,0.0,0.0,0.0,0.0,0.0,0.0,0.0,0.0,0.0,0.0,0.0,0.0,0.0
Uros Vico,1646.2796832454392,1697.866450641572,1676.7121050631972,1676.7121050631972,254.0,141.0,44.5,188.0,0,15,0.2,0.2,0.2,0.2,-30.43242181775804,-30.43242181775804,-30.43242181775804,-30.43242181775804,9.0,9.0,9.0,3.4,3.4,3.4,0.7103418803418803,0.7103418803418803,0.7103418803418803,0.621904761904762,0.621904761904762,0.621904761904762
Neville Godwin,1774.4322123862673,1709.603760154573,1774.4322123862673,1923.2155437401505,209.0,167.0,50.5,173.0,0,82,0.0,0.36,0.375,0.375,-5.7231543745488125,-28.901999193556776,-28.901999193556776,-28.901999193556776,3.4,3.55,3.6875,8.6,6.0,5.15625,0.7779321492136138,0.6680561320901766,0.6267187923588445,0.6272727272727273,0.5345508658008657,0.5077164155289156
Simon Aspelin,1652.2960842986822,1660.1978351639254,1652.2960842986822,1652.2960842986822,2000.0,0.0,50.8,185.0,0,11,0.0,0.0,0.0,0.0,-7.90175086524323,-7.90175086524323,-7.90175086524323,-7.90175086524323,-1.0,-1.0,-1.0,-1.0,-1.0,-1.0,0.0,0.0,0.0,0.0,0.0,0.0
Torsten Popp,1397.5848094445032,1397.5848094445032,1397.5848094445032,1397.5848094445032,222.0,178.0,41.6,185.67156964873536,0,1,0.0,0.0,0.0,0.0,-2.4151905554967925,-2.4151905554967925,-2.4151905554967925,-2.4151905554967925,2.0,2.0,2.0,10.0,10.0,10.0,0.6052631578947368,0.6052631578947368,0.6052631578947368,0.6153846153846154,0.6153846153846154,0.6153846153846154
Niki Kaliyanda Poonacha,1400.0,1400.0,1400.0,1400.0,795.0,27.0,29.7,191.0,0,0,0.0,0.0,0.0,0.0,0.0,0.0,0.0,0.0,0.0,0.0,0.0,0.0,0.0,0.0,0.0,0.0,0.0,0.0,0.0,0.0
Karim Hossam,1398.7657558166945,1398.7657558166945,1398.7657558166945,1398.7657558166945,339.0,127.0,30.8,185.67156964873536,0,1,0.0,0.0,0.0,0.0,-1.2342441833054636,-1.2342441833054636,-1.2342441833054636,-1.2342441833054636,3.0,3.0,3.0,0.0,0.0,0.0,0.5185185185185185,0.5185185185185185,0.5185185185185185,0.14285714285714285,0.14285714285714285,0.14285714285714285
Srinath Prahlad,1742.261253345273,1742.261253345273,1742.261253345273,1742.261253345273,385.0,66.0,52.5,185.67156964873536,0,51,0.0,0.0,0.0,0.0,-9.492368449194146,-9.492368449194146,-9.492368449194146,-9.492368449194146,-1.0,-1.0,-1.0,-1.0,-1.0,-1.0,0.0,0.0,0.0,0.0,0.0,0.0
Lior Mor,1794.912766494892,1807.1109497722305,1807.1109497722305,1794.912766494892,176.0,207.0,49.4,175.0,0,52,0.5,0.5,0.5,0.5,-12.198183277338558,-12.198183277338558,-12.198183277338558,-12.198183277338558,-1.0,-1.0,-1.0,-1.0,-1.0,-1.0,0.0,0.0,0.0,0.0,0.0,0.0
Igor Kunitsyn,1510.1930386264582,1638.2056520285257,1634.028348268153,1606.7131836571584,167.0,322.0,43.4,180.0,0,288,0.2,0.2,0.3,0.33,-141.88118394279832,-230.58921263744242,-211.98339868419544,-183.29223387168804,4.6,3.35,3.6,2.2,1.85,1.82,0.6818470087338012,0.6534343421231515,0.6273124387105186,0.5621245421245421,0.5465472027972027,0.5003014208014208
Jo-Wilfried Tsonga,1776.6403451133035,1483.0105661707958,1380.99007826251,1577.1229531013714,297.0,168.0,40.0,188.0,0,713,0.2,0.28,0.44,0.53,-283.60543254593745,-248.22051088653689,-291.55083804853143,-376.0326641109466,5.6,8.1,10.08,2.6,2.65,2.44,0.7303201506591337,0.7243736236378202,0.7700503637572296,0.7295604395604394,0.584612332112332,0.6138512598512598
Agustin Velotti,1379.3920885567256,1379.3920885567256,1379.3920885567256,1379.3920885567256,184.0,308.0,32.7,174.0,0,3,0.0,0.0,0.0,0.0,-20.60791144327436,-20.60791144327436,-20.60791144327436,-20.60791144327436,2.3333333333333335,2.3333333333333335,2.3333333333333335,1.3333333333333333,1.3333333333333333,1.3333333333333333,0.5875,0.5875,0.5875,0.6094276094276094,0.6094276094276094,0.6094276094276094
David Miketa,1824.1440907060319,1824.1440907060319,1824.1440907060319,1824.1440907060319,208.0,161.0,50.1,183.0,0,50,0.0,0.0,0.0,0.0,0.0,0.0,0.0,0.0,0.0,0.0,0.0,0.0,0.0,0.0,0.0,0.0,0.0,0.0,0.0,0.0
Gwinyai Chingoka,1400.0,1400.0,1400.0,1400.0,2000.0,0.0,42.7,185.67156964873536,0,0,0.0,0.0,0.0,0.0,0.0,0.0,0.0,0.0,0.0,0.0,0.0,0.0,0.0,0.0,0.0,0.0,0.0,0.0,0.0,0.0
Carlos Alvarez,1400.0,1400.0,1400.0,1400.0,1488.0,1.0,38.1,185.67156964873536,0,0,0.0,0.0,0.0,0.0,0.0,0.0,0.0,0.0,0.0,0.0,0.0,0.0,0.0,0.0,0.0,0.0,0.0,0.0,0.0,0.0
Franco Ferreiro,1464.8144124647595,1400.0,1468.0948020907545,1464.8144124647595,185.0,402.0,40.8,188.0,0,7,0.6,0.42857142857142855,0.42857142857142855,0.42857142857142855,64.81441246475947,64.81441246475947,64.81441246475947,64.81441246475947,0.0,0.14285714285714285,0.14285714285714285,2.6,2.0,2.0,0.4101948051948052,0.36839311482168624,0.36839311482168624,0.425,0.3814935064935065,0.3814935064935065
Duje Ajdukovic,1476.558875594085,1413.4289249539577,1474.6861895838656,1476.558875594085,115.0,506.0,24.7,188.0,0,15,0.6,0.4,0.4,0.4,76.55887559408507,76.55887559408507,76.55887559408507,76.55887559408507,2.8,3.6666666666666665,3.6666666666666665,2.4,1.9333333333333333,1.9333333333333333,0.5602412582969197,0.6234569401165593,0.6234569401165593,0.2678571428571429,0.3026190476190476,0.3026190476190476
Julius Gotovskis,1400.0,1400.0,1400.0,1400.0,2000.0,0.0,32.4,185.67156964873536,0,0,0.0,0.0,0.0,0.0,0.0,0.0,0.0,0.0,0.0,0.0,0.0,0.0,0.0,0.0,0.0,0.0,0.0,0.0,0.0,0.0
Mark Merklein,1598.9019026130125,1621.0242408135566,1602.629143033412,1598.9019026130125,2000.0,0.0,52.5,188.0,0,21,0.2,0.36363636363636365,0.36363636363636365,0.36363636363636365,-15.260364473759864,-15.260364473759864,-15.260364473759864,-15.260364473759864,-1.0,-1.0,-1.0,-1.0,-1.0,-1.0,0.0,0.0,0.0,0.0,0.0,0.0
Luciano Ramazzini,1386.5878179725821,1386.5878179725821,1386.5878179725821,1386.5878179725821,2000.0,0.0,31.2,185.67156964873536,0,3,0.3333333333333333,0.3333333333333333,0.3333333333333333,0.3333333333333333,-13.412182027417884,-13.412182027417884,-13.412182027417884,-13.412182027417884,-1.0,-1.0,-1.0,-1.0,-1.0,-1.0,0.0,0.0,0.0,0.0,0.0,0.0
Roman Safiullin,1743.3209622288234,1581.3911617703498,1427.236351785144,1474.7588426724205,60.0,898.0,28.2,185.0,0,106,0.6,0.48,0.44,0.48,61.856379562293796,-23.30725259761971,-65.94497333973163,284.97132003063166,8.8,7.1,6.9,2.2,2.65,3.02,0.7691235313389558,0.729815370764509,0.7336603777947106,0.52,0.6174216061716061,0.6302213575897786
Jean Marc Bazanne,1400.0,1379.5826135652585,1400.0,1400.0,2000.0,0.0,35.5,185.67156964873536,0,0,0.0,0.0,0.0,0.0,0.0,0.0,0.0,0.0,0.0,0.0,0.0,0.0,0.0,0.0,0.0,0.0,0.0,0.0,0.0,0.0
Laslo Djere,1641.3746075931736,1419.5219118267428,1710.9034883379481,1336.3703138265244,141.0,419.0,30.4,188.0,0,291,0.6,0.36,0.5,0.51,-63.92395051838548,-162.57583019049957,-77.47120509857314,-16.454883672346796,8.2,6.0,6.18,1.2,2.45,2.52,0.7574276800907545,0.6926155833288552,0.7091243003007596,0.57,0.5884960507328928,0.5564510898458267
John Patrick Smith,1361.0507115671403,1299.0433850332388,1361.0507115671403,1470.6510661967352,306.0,159.0,36.0,188.0,1,26,0.0,0.2,0.19230769230769232,0.19230769230769232,-58.60084402390862,-38.9492884328597,-38.9492884328597,-38.9492884328597,6.2,6.2,6.269230769230769,0.8,2.0,1.9615384615384615,0.6690827207077815,0.6785328012635616,0.6853156013548791,0.3155555555555555,0.43608044733044726,0.4763227269806217
Ayed Zatar,1378.3015130615,1400.0,1381.5055008150582,1378.3015130615,2000.0,0.0,29.4,185.67156964873536,0,3,0.3333333333333333,0.3333333333333333,0.3333333333333333,0.3333333333333333,-21.698486938500082,-21.698486938500082,-21.698486938500082,-21.698486938500082,9.666666666666666,9.666666666666666,9.666666666666666,4.0,4.0,4.0,0.6883160043678488,0.6883160043678488,0.6883160043678488,0.5515873015873015,0.5515873015873015,0.5515873015873015
Rafa Orantes,1371.2548019905735,1371.2548019905735,1371.2548019905735,1371.2548019905735,2000.0,0.0,30.3,185.67156964873536,0,1,0.0,0.0,0.0,0.0,-28.74519800942653,-28.74519800942653,-28.74519800942653,-28.74519800942653,-1.0,-1.0,-1.0,-1.0,-1.0,-1.0,0.0,0.0,0.0,0.0,0.0,0.0
Mansur Yakhyaev,1400.0,1400.0,1400.0,1400.0,2000.0,0.0,48.5,185.67156964873536,0,0,0.0,0.0,0.0,0.0,0.0,0.0,0.0,0.0,0.0,0.0,0.0,0.0,0.0,0.0,0.0,0.0,0.0,0.0,0.0,0.0
David Guez,1406.0203923617,1428.0784824052805,1420.0808521856375,1406.0203923617,193.0,281.0,42.1,185.0,0,17,0.0,0.11764705882352941,0.11764705882352941,0.11764705882352941,-21.814833153519885,-21.814833153519885,-21.814833153519885,-21.814833153519885,2.2,1.2941176470588236,1.2941176470588236,1.6,1.9411764705882353,1.9411764705882353,0.5787044186009104,0.5966344129118671,0.5966344129118671,0.3688034188034188,0.45545402310108196,0.45545402310108196
Markus Hipfl,1785.2383814931422,1866.4750470129652,1918.6631242022916,1877.2736428995,2000.0,0.0,47.2,178.0,0,245,0.4,0.36,0.36,0.42105263157894735,-90.45885961642512,-93.81755152669075,-181.07473455685135,-150.5175408226205,1.0,3.4,2.34,2.2,1.85,2.42,0.5739140808106326,0.5931352873060952,0.567521618363872,0.3888888888888889,0.4605513260685674,0.46202164082373864
Janis Podzus,1303.3333905924069,1325.1183928456685,1400.0,1303.3333905924069,1211.0,6.0,31.0,185.67156964873536,1,5,0.0,0.0,0.0,0.0,-96.66660940759311,-96.66660940759311,-96.66660940759311,-96.66660940759311,-1.0,-1.0,-1.0,-1.0,-1.0,-1.0,0.0,0.0,0.0,0.0,0.0,0.0
Andrei Vasilevski,1377.1472506726986,1384.9239805040318,1400.0,1377.1472506726986,785.0,19.0,34.3,185.0,0,5,0.2,0.2,0.2,0.2,-22.852749327301353,-22.852749327301353,-22.852749327301353,-22.852749327301353,-1.0,-1.0,-1.0,-1.0,-1.0,-1.0,0.0,0.0,0.0,0.0,0.0,0.0
Dimitar Kuzmanov,1463.5725825097352,1415.1593428164238,1460.559683100181,1463.5725825097352,225.0,269.0,31.5,183.0,0,37,0.2,0.48,0.4864864864864865,0.4864864864864865,37.697159063122626,39.42655372048489,63.572582509735184,63.572582509735184,0.8,1.25,1.162162162162162,0.0,1.05,1.0810810810810811,0.24345238095238098,0.40968756387778676,0.341486724707084,0.32857142857142857,0.39282857879994104,0.3133052482897684
Romano Tatuhey,1439.3784405097515,1439.3784405097515,1439.3784405097515,1439.3784405097515,2000.0,0.0,40.1,186.27336318231923,0,3,0.6666666666666666,0.6666666666666666,0.6666666666666666,0.6666666666666666,39.3784405097515,39.3784405097515,39.3784405097515,39.3784405097515,-1.0,-1.0,-1.0,-1.0,-1.0,-1.0,0.0,0.0,0.0,0.0,0.0,0.0
Aziz Ouakaa,1368.1016626622625,1400.0,1400.0,1368.1016626622625,884.0,17.0,26.2,185.0,0,1,0.0,0.0,0.0,0.0,-31.89833733773753,-31.89833733773753,-31.89833733773753,-31.89833733773753,2.0,2.0,2.0,3.0,3.0,3.0,0.7142857142857143,0.7142857142857143,0.7142857142857143,0.25,0.25,0.25
Giles Hussey,1437.300062368782,1437.300062368782,1437.300062368782,1400.0,359.0,141.0,28.0,185.0,1,1,1.0,1.0,1.0,1.0,37.30006236878194,37.30006236878194,37.30006236878194,37.30006236878194,2.0,2.0,2.0,2.0,2.0,2.0,0.8888888888888888,0.8888888888888888,0.8888888888888888,0.0,0.0,0.0
Ayoub Chakrouni,1400.0,1400.0,1400.0,1400.0,1206.0,6.0,33.8,186.27336318231923,0,0,0.0,0.0,0.0,0.0,0.0,0.0,0.0,0.0,0.0,0.0,0.0,0.0,0.0,0.0,0.0,0.0,0.0,0.0,0.0,0.0
Peter Luczak,1624.566167245913,1656.6144957281476,1473.8408596171976,1673.644221255249,248.0,194.0,45.8,183.0,0,138,0.0,0.2,0.26,0.29,-54.83402779136418,-95.12794944850589,-83.09408852097363,-173.87641655233915,3.6,5.65,4.8,2.0,2.3,2.26,0.5525746926188474,0.6509136273332884,0.6159338313372328,0.38166666666666665,0.4418127705627706,0.4749940321116792
Cameron Norrie,1782.7598244955539,1543.2411478433908,1557.8667287491185,1490.1944784108705,57.0,962.0,30.2,188.0,1,361,0.4,0.44,0.44,0.55,-34.599944731614414,-27.967997980947302,-106.90437370094082,-168.5609595197693,6.0,4.8,5.08,1.6,2.2,2.34,0.7252773598872889,0.7158089654012237,0.7020392742248431,0.40761904761904766,0.5327380952380952,0.5680824409508619
Valentin Rahmine,1400.0,1400.0,1400.0,1400.0,2000.0,0.0,33.4,185.67156964873536,0,0,0.0,0.0,0.0,0.0,0.0,0.0,0.0,0.0,0.0,0.0,0.0,0.0,0.0,0.0,0.0,0.0,0.0,0.0,0.0,0.0
Marc Polmans,1431.7141013454705,1374.4428408078575,1450.362480516297,1435.1085437257675,217.0,278.0,28.2,188.0,0,22,0.2,0.2727272727272727,0.2727272727272727,0.2727272727272727,63.29455268616357,26.50520498254582,26.50520498254582,26.50520498254582,4.6,4.95,4.636363636363637,2.4,3.65,3.772727272727273,0.6373160173160173,0.6551827041207265,0.6532020512359387,0.5907647907647907,0.5666555593529278,0.5667074985714163
Arnau Brugues Davi,1396.6351288663388,1424.6277703393203,1429.3414659277355,1396.6351288663388,184.0,268.0,39.9,183.0,1,2,0.0,0.0,0.0,0.0,-32.70633706139665,-32.70633706139665,-32.70633706139665,-32.70633706139665,3.0,3.0,3.0,2.0,2.0,2.0,0.6450577663671373,0.6450577663671373,0.6450577663671373,0.6571428571428571,0.6571428571428571,0.6571428571428571
Diogo Rocha,1421.3088669102208,1421.3088669102208,1399.0808600371124,1421.3088669102208,638.0,28.0,40.7,186.27336318231923,0,3,0.3333333333333333,0.3333333333333333,0.3333333333333333,0.3333333333333333,21.308866910220786,21.308866910220786,21.308866910220786,21.308866910220786,0.6666666666666666,0.6666666666666666,0.6666666666666666,2.3333333333333335,2.3333333333333335,2.3333333333333335,0.35202991452991456,0.35202991452991456,0.35202991452991456,0.2804232804232804,0.2804232804232804,0.2804232804232804
Martin Spottl,1800.5481840205434,1809.0411827738533,1809.0411827738533,1800.5481840205434,193.0,184.0,49.2,180.0,0,51,0.0,0.0,0.0,0.0,-8.492998753309848,-8.492998753309848,-8.492998753309848,-8.492998753309848,6.0,6.0,6.0,2.0,2.0,2.0,0.6666666666666666,0.6666666666666666,0.6666666666666666,0.5,0.5,0.5
Ivan Nedelko,1387.9528966848327,1387.9528966848327,1387.9528966848327,1387.9528966848327,508.0,63.0,39.3,185.0,0,1,0.0,0.0,0.0,0.0,-12.047103315167305,-12.047103315167305,-12.047103315167305,-12.047103315167305,1.0,1.0,1.0,1.0,1.0,1.0,0.3,0.3,0.3,0.0,0.0,0.0
Alexander Merino,1400.0,1400.0,1400.0,1400.0,1340.0,4.0,32.4,183.0,1,0,0.0,0.0,0.0,0.0,0.0,0.0,0.0,0.0,0.0,0.0,0.0,0.0,0.0,0.0,0.0,0.0,0.0,0.0,0.0,0.0
Daniel Dutra Da Silva,1390.8503957012597,1390.8503957012597,1390.8503957012597,1390.8503957012597,215.0,241.0,37.0,173.0,1,1,0.0,0.0,0.0,0.0,-9.149604298740314,-9.149604298740314,-9.149604298740314,-9.149604298740314,0.0,0.0,0.0,3.0,3.0,3.0,0.631578947368421,0.631578947368421,0.631578947368421,0.5555555555555556,0.5555555555555556,0.5555555555555556
Denes Lukacs,1435.5108583226786,1400.0,1410.5108583226786,1435.5108583226786,1042.0,12.0,38.3,180.0,0,3,0.6666666666666666,0.6666666666666666,0.6666666666666666,0.6666666666666666,35.51085832267859,35.51085832267859,35.51085832267859,35.51085832267859,-1.0,-1.0,-1.0,-1.0,-1.0,-1.0,0.0,0.0,0.0,0.0,0.0,0.0
Phillip King,1581.4652570685673,1571.9662739727262,1581.4652570685673,1581.4652570685673,2000.0,0.0,43.3,175.0,0,22,0.4,0.25,0.25,0.25,-87.27913943878934,-87.27913943878934,-87.27913943878934,-87.27913943878934,0.0,2.5833333333333335,2.5833333333333335,1.0,1.3333333333333333,1.3333333333333333,0.2602822580645161,0.5016577125546117,0.5016577125546117,0.1288888888888889,0.31188973063973063,0.31188973063973063
James Ward,1441.5220417903972,1447.1785042856577,1374.4324118541429,1447.9249667146057,340.0,135.0,38.3,190.0,0,85,0.0,0.16,0.22,0.29411764705882354,-159.09559655362864,-167.6194498546729,-154.000427652677,41.522041790397225,7.0,8.6,6.06,3.4,3.55,2.34,0.6756539771217831,0.6727372974452396,0.5812563464058944,0.5130555555555556,0.5494954351204351,0.48604280523398175
Andres Bucaro,1379.619655483641,1400.0,1400.0,1379.619655483641,2000.0,0.0,34.3,185.67156964873536,0,1,0.0,0.0,0.0,0.0,-20.380344516358946,-20.380344516358946,-20.380344516358946,-20.380344516358946,-1.0,-1.0,-1.0,-1.0,-1.0,-1.0,0.0,0.0,0.0,0.0,0.0,0.0
Mario Ancic,2195.536457099211,1693.6087413855198,1786.676994696086,1822.4364514771808,422.0,79.0,41.0,196.0,0,352,0.4,0.6,0.6,0.62,-24.828713506005442,-113.64578693457543,-140.91622288932194,-156.96995766560894,8.2,7.2,8.66,2.4,1.5,2.0,0.6944006125370351,0.694057783451893,0.6993496904904843,0.4777777777777777,0.45866522366522366,0.5108629148629148
Pak Long Yeung,1375.0,1375.0,1375.0,1375.0,960.0,11.0,30.0,185.67156964873536,0,1,0.0,0.0,0.0,0.0,-25.0,-25.0,-25.0,-25.0,-1.0,-1.0,-1.0,-1.0,-1.0,-1.0,0.0,0.0,0.0,0.0,0.0,0.0
Jacobo Chavez,1494.7644038109345,1494.7644038109345,1494.7644038109345,1494.7644038109345,1152.0,3.0,54.2,185.67156964873536,0,7,0.6,0.5714285714285714,0.5714285714285714,0.5714285714285714,94.76440381093448,94.76440381093448,94.76440381093448,94.76440381093448,-1.0,-1.0,-1.0,-1.0,-1.0,-1.0,0.0,0.0,0.0,0.0,0.0,0.0
Renzo Olivo,1524.047675835507,1343.4313069750233,1609.9487949672616,1400.0,179.0,347.0,32.9,178.0,0,55,0.4,0.32,0.4,0.41818181818181815,-42.00309783677085,-93.51014887013548,-3.598561070879441,124.0476758355071,0.8,2.0,3.42,5.2,3.6,4.78,0.6099027163312878,0.6432373620121359,0.6518074109783595,0.47502497502497504,0.4871847596847597,0.5338548951048951
Pablo Cuevas,1547.2583981110324,1372.0527645125737,1655.0016172658434,1354.1123857203777,149.0,418.0,39.3,180.0,0,462,0.4,0.36,0.38,0.46,-141.6473769065965,-125.84917496446928,-144.83360199699837,-231.1898315379358,2.8,4.3,5.4,1.2,2.05,2.58,0.6832623908468716,0.6940163350534703,0.69492110828842,0.5049999999999999,0.610189393939394,0.5713376623376624
Blaz Kavcic,1560.3488784017393,1506.6103344038029,1564.6772756733951,1292.4827604792795,285.0,148.0,37.9,188.0,0,147,0.2,0.2,0.34,0.33,-85.12508464713187,-165.08892715772095,-99.01772441765979,-216.17001451649367,4.2,3.2,4.0,1.4,4.0,3.12,0.6431574241607362,0.6334286240971388,0.5857456191034647,0.5329870129870129,0.5087975620870357,0.49978381559960505
Frank Moser,1563.0417695673655,1566.017592260695,1563.0417695673655,1566.017592260695,424.0,71.0,49.0,193.0,0,11,0.0,0.0,0.0,0.0,-2.975822693329519,-2.975822693329519,-2.975822693329519,-2.975822693329519,6.0,6.0,6.0,6.0,6.0,6.0,0.7924528301886793,0.7924528301886793,0.7924528301886793,0.5,0.5,0.5
Roberto Quiroz,1485.483966471693,1436.7809388074825,1497.013588128964,1400.0,260.0,190.0,33.5,193.0,1,20,0.0,0.45,0.45,0.45,60.483966471693066,85.48396647169307,85.48396647169307,85.48396647169307,2.8,4.3,4.3,1.0,1.35,1.35,0.5027046078289759,0.5846803346470126,0.5846803346470126,0.44571428571428573,0.37567460317460316,0.37567460317460316
David Kvernadze,1377.9582071392847,1377.9582071392847,1400.0,1377.9582071392847,2000.0,0.0,39.1,185.67156964873536,0,1,0.0,0.0,0.0,0.0,-22.041792860715304,-22.041792860715304,-22.041792860715304,-22.041792860715304,-1.0,-1.0,-1.0,-1.0,-1.0,-1.0,0.0,0.0,0.0,0.0,0.0,0.0
Sergio Ramirez,1400.0,1400.0,1400.0,1400.0,934.0,8.0,39.9,185.67156964873536,0,0,0.0,0.0,0.0,0.0,0.0,0.0,0.0,0.0,0.0,0.0,0.0,0.0,0.0,0.0,0.0,0.0,0.0,0.0,0.0,0.0
Mark Philippoussis,1867.2006559782728,1827.301460226452,2023.9209308055197,2241.5744778313297,117.0,381.0,48.8,196.0,0,540,0.6,0.52,0.46,0.5,18.063861668654226,-3.161931602076038,-84.92124168765599,-283.4927456977241,14.6,13.95,13.28,5.6,4.9,4.86,0.8745067284960901,0.7974093214316946,0.7551009989846041,0.55,0.5347619047619048,0.5289444444444444
James Shortall,1409.2177562626118,1384.063841893706,1409.2177562626118,1400.0,1180.0,3.0,45.2,185.67156964873536,0,3,0.3333333333333333,0.3333333333333333,0.3333333333333333,0.3333333333333333,9.217756262611829,9.217756262611829,9.217756262611829,9.217756262611829,-1.0,-1.0,-1.0,-1.0,-1.0,-1.0,0.0,0.0,0.0,0.0,0.0,0.0
Benjamin Hassan,1542.2805449543139,1425.740218617785,1500.763760985729,1542.2805449543139,245.0,227.0,30.6,183.0,0,22,0.6,0.6363636363636364,0.6363636363636364,0.6363636363636364,72.75586561096407,142.28054495431388,142.28054495431388,142.28054495431388,2.8,2.75,2.590909090909091,2.4,1.8,1.8636363636363635,0.7723336374522438,0.5648844415896876,0.5798536245856665,0.6711111111111111,0.45902777777777776,0.4741161616161616
Fernando Verdasco,1475.490536142244,1575.3302513084152,1624.3134557846504,1545.7495938986265,244.0,229.0,41.4,188.0,1,1016,0.0,0.24,0.3,0.41,-111.0672457658477,-282.85168295711264,-279.25986060711966,-415.0700185178857,1.2,3.6,4.92,3.2,3.05,2.9,0.5810712101995394,0.6395701665425714,0.6568812445768302,0.3633333333333333,0.5456546231546231,0.5518480082009494
Alex Kim,1652.0014816685637,1702.453050041662,1568.0788971282502,1573.561850152381,166.0,222.0,46.1,175.0,0,42,0.2,0.2,0.25,0.25,14.283141114317232,56.73510858527584,56.73510858527584,56.73510858527584,3.0,2.4,2.09375,3.6,3.05,3.0,0.6820579315916513,0.6448468739971054,0.6177769404721278,0.540952380952381,0.5366269841269841,0.5128844246031746
Marin Draganja,1400.0,1400.0,1400.0,1400.0,2000.0,0.0,34.3,185.0,0,0,0.0,0.0,0.0,0.0,0.0,0.0,0.0,0.0,0.0,0.0,0.0,0.0,0.0,0.0,0.0,0.0,0.0,0.0,0.0,0.0
Sebastian Ofner,1628.2861345496349,1487.9804346377662,1490.215059847299,1481.2509443018869,58.0,904.0,29.2,191.0,0,92,0.2,0.4,0.44,0.44565217391304346,-64.35167344523029,-149.6316949347572,-75.47565176814055,228.28613454963488,8.6,8.85,8.38,2.6,2.75,2.42,0.6764079465803989,0.7243943180884183,0.7339506286697214,0.6096428571428572,0.6305174394319131,0.6118843800678166
Leonardo Azzaro,1686.9791033876866,1686.9791033876866,1686.9791033876866,1686.9791033876866,295.0,123.0,47.1,188.0,1,52,0.0,0.0,0.0,0.0,-27.292897424290686,-27.292897424290686,-27.292897424290686,-27.292897424290686,3.5,3.5,3.5,1.0,1.0,1.0,0.6975490196078431,0.6975490196078431,0.6975490196078431,0.71875,0.71875,0.71875
Jeff Salzenstein,1703.5327519889777,1641.0545086625837,1659.3236119998057,1662.4835742397659,495.0,47.0,51.3,185.0,1,46,0.4,0.28,0.3055555555555556,0.3055555555555556,-5.439466445529433,42.32731380834389,79.09911115405953,79.09911115405953,10.2,9.95,8.805555555555555,3.8,4.6,4.611111111111111,0.7662173870329791,0.7257053813852166,0.7398914651476329,0.5271794871794871,0.6398739253577963,0.6113511762033268
Gilles Kremer,1422.9692451943406,1470.7900062248902,1383.585998061123,1422.9692451943406,2000.0,0.0,43.9,185.67156964873536,0,24,0.2,0.3333333333333333,0.3333333333333333,0.3333333333333333,-21.14310176775234,22.9692451943406,22.9692451943406,22.9692451943406,-1.0,-1.0,-1.0,-1.0,-1.0,-1.0,0.0,0.0,0.0,0.0,0.0,0.0
Vaclav Safranek,1390.9014607211216,1401.8211935085612,1403.3342115798241,1390.9014607211216,233.0,227.0,30.8,183.0,0,2,0.0,0.0,0.0,0.0,-12.432750858702548,-12.432750858702548,-12.432750858702548,-12.432750858702548,2.5,2.5,2.5,3.0,3.0,3.0,0.6066627703097603,0.6066627703097603,0.6066627703097603,0.5,0.5,0.5
Brendan Evans,1500.654594634915,1386.161024956826,1500.654594634915,1538.1768326192412,318.0,125.0,39.2,188.0,0,20,0.4,0.3,0.3,0.3,102.76351866023583,100.65459463491493,100.65459463491493,100.65459463491493,7.2,6.5,6.5,2.6,2.75,2.75,0.693178004790908,0.6852955147716429,0.6852955147716429,0.3451923076923077,0.4839604145854146,0.4839604145854146
Roberto Maytin,1400.0,1400.0,1400.0,1400.0,1084.0,6.0,36.5,185.67156964873536,0,0,0.0,0.0,0.0,0.0,0.0,0.0,0.0,0.0,0.0,0.0,0.0,0.0,0.0,0.0,0.0,0.0,0.0,0.0,0.0,0.0
Daniil Ostapenkov,1381.8646963428332,1400.0,1400.0,1381.8646963428332,2000.0,0.0,22.3,186.27336318231923,0,1,0.0,0.0,0.0,0.0,-18.135303657166787,-18.135303657166787,-18.135303657166787,-18.135303657166787,0.0,0.0,0.0,5.0,5.0,5.0,0.55,0.55,0.55,0.5,0.5,0.5
Peter Wessels,1831.758947348386,1776.0902853538068,1859.7657716966626,1981.5423609451532,200.0,212.0,47.4,196.0,0,119,0.8,0.44,0.42,0.463768115942029,2.5940283234626804,-106.66730073617691,-180.2711332591332,-58.21392600552895,9.8,7.9,7.4,2.0,2.45,2.48,0.8463735708493365,0.6801217751302252,0.6767985306450883,0.5333333333333333,0.5439636752136752,0.5578610833610833
Arvind Parmar,1705.1669497630392,1732.9094344936427,1705.1669497630392,1811.6426621979745,206.0,190.0,47.0,193.0,0,90,0.4,0.28,0.325,0.325,-115.5087096034406,-132.10677346468356,-75.4510476353496,-75.4510476353496,5.2,5.1,6.525,2.4,2.35,2.55,0.730227358506047,0.6281047817440693,0.6518980637391749,0.4666666666666668,0.497743841126194,0.46993793787911436
Sascha Kloer,1400.0,1400.0,1400.0,1400.0,495.0,100.0,39.7,185.67156964873536,0,0,0.0,0.0,0.0,0.0,0.0,0.0,0.0,0.0,0.0,0.0,0.0,0.0,0.0,0.0,0.0,0.0,0.0,0.0,0.0,0.0
Omni Kumar,1436.179663308223,1436.179663308223,1436.179663308223,1436.179663308223,433.0,101.0,23.8,173.0,1,4,0.5,0.5,0.5,0.5,36.1796633082231,36.1796633082231,36.1796633082231,36.1796633082231,3.25,3.25,3.25,2.0,2.0,2.0,0.7107192615813305,0.7107192615813305,0.7107192615813305,0.6532738095238095,0.6532738095238095,0.6532738095238095
Franko Skugor,1448.956863396609,1498.9493846168778,1427.8381273899843,1359.724541383362,351.0,63.0,37.3,196.0,0,30,0.2,0.24,0.26666666666666666,0.26666666666666666,6.0074122893124695,48.956863396608924,48.956863396608924,48.956863396608924,3.0,5.1,4.566666666666666,3.4,2.65,2.4,0.6087334056942474,0.638679205990649,0.6604868039820342,0.5658333333333333,0.5479338023088023,0.524707190957191
Axel Michon,1405.839833889254,1405.839833889254,1405.839833889254,1405.839833889254,206.0,238.0,34.4,176.0,1,0,0.0,0.0,0.0,0.0,0.0,0.0,0.0,0.0,0.0,0.0,0.0,0.0,0.0,0.0,0.0,0.0,0.0,0.0,0.0,0.0
Tiago Godinho,1400.0,1400.0,1400.0,1400.0,1274.0,2.0,41.0,185.67156964873536,0,0,0.0,0.0,0.0,0.0,0.0,0.0,0.0,0.0,0.0,0.0,0.0,0.0,0.0,0.0,0.0,0.0,0.0,0.0,0.0,0.0
Matias Boeker,1564.3142591012902,1603.585462363702,1566.017592260695,1564.3142591012902,246.0,163.0,44.3,185.67156964873536,0,14,0.25,0.25,0.25,0.25,-1.7033331594047922,-1.7033331594047922,-1.7033331594047922,-1.7033331594047922,4.75,4.75,4.75,3.25,3.25,3.25,0.7016856193420885,0.7016856193420885,0.7016856193420885,0.6333333333333333,0.6333333333333333,0.6333333333333333
Rodrigo Pacheco Mendez,1360.5391268233886,1308.335351521408,1426.6795841548274,1360.5391268233886,444.0,97.0,20.3,188.0,1,8,0.4,0.25,0.25,0.25,-39.46087317661136,-39.46087317661136,-39.46087317661136,-39.46087317661136,3.4,2.125,2.125,3.6,2.875,2.875,0.5209847494553377,0.5185744701921172,0.5185744701921172,0.3942857142857143,0.36448412698412697,0.36448412698412697
Haydn Lewis,1292.6457804228269,1339.469409599823,1365.0344644081713,1292.6457804228269,2000.0,0.0,39.1,185.67156964873536,1,13,0.2,0.23076923076923078,0.23076923076923078,0.23076923076923078,-107.35421957717313,-107.35421957717313,-107.35421957717313,-107.35421957717313,2.8,0.46153846153846156,0.46153846153846156,3.6,0.7692307692307693,0.7692307692307693,0.4152204719558029,0.15970018152146268,0.15970018152146268,0.3076923076923077,0.1183431952662722,0.1183431952662722
Nikola Milojevic,1482.352499497769,1446.3400880332554,1450.6704834592583,1482.352499497769,136.0,525.0,29.6,188.0,0,12,0.2,0.4166666666666667,0.4166666666666667,0.4166666666666667,82.35249949776903,82.35249949776903,82.35249949776903,82.35249949776903,2.6,2.9166666666666665,2.9166666666666665,3.4,3.5833333333333335,3.5833333333333335,0.6695817852030114,0.6849692355764404,0.6849692355764404,0.5596491228070175,0.5050486063643959,0.5050486063643959
Borna Coric,1637.07513284935,1585.2270132842646,1531.2140449496999,1379.245869988322,96.0,595.0,28.9,188.0,0,417,0.4,0.36,0.44,0.52,-144.6873195037715,-193.98692232917074,-266.91619571582373,-221.6751895449031,7.6,7.9,6.38,2.6,2.65,2.42,0.7830633561183845,0.7349626623407894,0.7334479417027684,0.41333333333333344,0.5437862137862137,0.5985671420083185
Yan Bai,1452.7282453301455,1452.7282453301455,1452.7282453301455,1452.7282453301455,222.0,215.0,36.3,185.0,0,12,0.2,0.4166666666666667,0.4166666666666667,0.4166666666666667,52.728245330145455,52.728245330145455,52.728245330145455,52.728245330145455,2.0,0.9166666666666666,0.9166666666666666,2.8,1.4166666666666667,1.4166666666666667,0.5455071244544929,0.3723012489459858,0.3723012489459858,0.47428571428571437,0.36001221001221,0.36001221001221
Augusto Ricciardi Castelli,1400.0,1400.0,1400.0,1400.0,2000.0,0.0,45.9,185.67156964873536,0,0,0.0,0.0,0.0,0.0,0.0,0.0,0.0,0.0,0.0,0.0,0.0,0.0,0.0,0.0,0.0,0.0,0.0,0.0,0.0,0.0
Mait Kunnap,1415.3514964074702,1542.5303317314217,1548.6627255451883,1415.3514964074702,1015.0,7.0,42.8,186.27336318231923,0,20,0.2,0.2,0.2,0.2,-150.66609585322476,-150.66609585322476,-150.66609585322476,-150.66609585322476,-1.0,-1.0,-1.0,-1.0,-1.0,-1.0,0.0,0.0,0.0,0.0,0.0,0.0
Jun Kato,1660.6121068788411,1660.6121068788411,1660.6121068788411,1660.6121068788411,503.0,38.0,44.2,173.0,0,10,0.0,0.0,0.0,0.0,0.0,0.0,0.0,0.0,0.0,0.0,0.0,0.0,0.0,0.0,0.0,0.0,0.0,0.0,0.0,0.0
Seung Bok Baek,1641.2375634385355,1653.7743452497175,1641.2375634385355,1641.2375634385355,827.0,10.0,51.1,185.67156964873536,0,11,0.0,0.0,0.0,0.0,-26.84602855218577,-26.84602855218577,-26.84602855218577,-26.84602855218577,-1.0,-1.0,-1.0,-1.0,-1.0,-1.0,0.0,0.0,0.0,0.0,0.0,0.0
Fredrik Jonsson,1736.9422802231643,1828.2697744665718,1817.7642499077062,1864.0809802269307,188.0,200.0,48.2,193.0,0,71,0.2,0.23809523809523808,0.23809523809523808,0.23809523809523808,-142.69501697686587,-132.94655624156667,-132.94655624156667,-132.94655624156667,7.2,5.7,5.857142857142857,2.6,1.95,1.8571428571428572,0.7264503005074208,0.6818256889980483,0.690408702165629,0.5595238095238095,0.5330226717726718,0.5552596874025445
Shane Stone,1351.713765109776,1351.713765109776,1351.713765109776,1351.713765109776,1371.0,1.0,47.7,185.67156964873536,0,2,0.0,0.0,0.0,0.0,-48.28623489022402,-48.28623489022402,-48.28623489022402,-48.28623489022402,-1.0,-1.0,-1.0,-1.0,-1.0,-1.0,0.0,0.0,0.0,0.0,0.0,0.0
Fernando Gonzalez,1912.65747373301,1724.9414413028553,1962.4464019695386,1686.7157020925788,221.0,220.0,44.6,183.0,0,621,0.4,0.44,0.54,0.64,-230.58629366670425,-281.48291859019514,-323.5412233282193,-231.36470855319044,4.8,6.2,7.38,1.6,2.05,3.02,0.6804676076553919,0.6862587816668256,0.7135202804784694,0.47999999999999987,0.551596459096459,0.6024957264957265
Johannes Ager,1609.7905813003151,1609.7905813003151,1609.7905813003151,1609.7905813003151,295.0,109.0,41.3,196.0,0,11,0.0,0.0,0.0,0.0,-7.75598890936385,-7.75598890936385,-7.75598890936385,-7.75598890936385,2.0,2.0,2.0,5.0,5.0,5.0,0.5454545454545454,0.5454545454545454,0.5454545454545454,0.5454545454545454,0.5454545454545454,0.5454545454545454
Sebastian Fanselow,1400.0,1400.0,1400.0,1400.0,316.0,166.0,33.3,185.67156964873536,0,0,0.0,0.0,0.0,0.0,0.0,0.0,0.0,0.0,0.0,0.0,0.0,0.0,0.0,0.0,0.0,0.0,0.0,0.0,0.0,0.0
Carlos Moya,1691.2804532338114,1890.318093110647,2002.35893996778,2017.952329778618,514.0,55.0,48.7,190.0,0,884,0.4,0.48,0.46,0.56,-205.01960778148373,-133.8416691911816,-241.22318953556191,-267.2324196402096,2.0,5.1,4.92,1.4,2.9,2.8,0.550751828631139,0.6792750616514034,0.6880260795480426,0.34666666666666673,0.5070454545454546,0.517092463092463
Henry Searle,1388.6156852427528,1388.6156852427528,1388.6156852427528,1388.6156852427528,539.0,73.0,19.2,193.0,1,1,0.0,0.0,0.0,0.0,-11.384314757247239,-11.384314757247239,-11.384314757247239,-11.384314757247239,0.0,0.0,0.0,4.0,4.0,4.0,0.6060606060606061,0.6060606060606061,0.6060606060606061,0.42857142857142855,0.42857142857142855,0.42857142857142855
Kristian Capalik,1649.2529563268524,1607.367008148672,1572.9225841206053,1611.4030454752965,298.0,105.0,46.5,188.0,0,17,0.4,0.42857142857142855,0.42857142857142855,0.42857142857142855,76.33037220624715,76.33037220624715,76.33037220624715,76.33037220624715,4.0,4.571428571428571,4.571428571428571,3.4,2.5714285714285716,2.5714285714285716,0.7322670233441623,0.7223834219900163,0.7223834219900163,0.475,0.4583333333333333,0.4583333333333333
John Hui,1363.2780395375723,1363.2780395375723,1363.2780395375723,1363.2780395375723,1023.0,5.0,47.2,186.27336318231923,0,3,0.0,0.0,0.0,0.0,-36.72196046242766,-36.72196046242766,-36.72196046242766,-36.72196046242766,-0.3333333333333333,-0.3333333333333333,-0.3333333333333333,0.3333333333333333,0.3333333333333333,0.3333333333333333,0.18840579710144925,0.18840579710144925,0.18840579710144925,0.16666666666666666,0.16666666666666666,0.16666666666666666
Mariano Albert Ferrando,1400.0,1400.0,1400.0,1400.0,340.0,90.0,43.0,185.67156964873536,0,0,0.0,0.0,0.0,0.0,0.0,0.0,0.0,0.0,0.0,0.0,0.0,0.0,0.0,0.0,0.0,0.0,0.0,0.0,0.0,0.0
Kenneth Tuilier Curco,1395.0174201751727,1395.0174201751727,1395.0174201751727,1395.0174201751727,1351.0,1.0,42.0,185.67156964873536,0,1,0.0,0.0,0.0,0.0,-4.982579824827326,-4.982579824827326,-4.982579824827326,-4.982579824827326,-1.0,-1.0,-1.0,-1.0,-1.0,-1.0,0.0,0.0,0.0,0.0,0.0,0.0
Martin Cuevas,1326.564508972598,1379.2590508048404,1330.2896442361443,1326.564508972598,404.0,105.0,33.6,191.0,0,23,0.2,0.21739130434782608,0.21739130434782608,0.21739130434782608,-36.20198190809515,-73.4354910274019,-73.4354910274019,-73.4354910274019,1.6,1.0,0.7391304347826086,2.4,0.35,0.17391304347826086,0.3839704381132362,0.20503795015259704,0.17829386969791047,0.41470588235294115,0.1929946524064171,0.1678214368751453
Danylo Kalenichenko,1400.0,1400.0,1400.0,1400.0,657.0,39.0,31.6,188.0,0,0,0.0,0.0,0.0,0.0,0.0,0.0,0.0,0.0,0.0,0.0,0.0,0.0,0.0,0.0,0.0,0.0,0.0,0.0,0.0,0.0
Daniel Azar,1400.0,1400.0,1400.0,1400.0,2000.0,0.0,20.5,185.67156964873536,0,0,0.0,0.0,0.0,0.0,0.0,0.0,0.0,0.0,0.0,0.0,0.0,0.0,0.0,0.0,0.0,0.0,0.0,0.0,0.0,0.0
Maximus Jones,1400.0,1400.0,1400.0,1400.0,581.0,61.0,20.3,185.0,0,0,0.0,0.0,0.0,0.0,0.0,0.0,0.0,0.0,0.0,0.0,0.0,0.0,0.0,0.0,0.0,0.0,0.0,0.0,0.0,0.0
Yshai Oliel,1338.8007236756437,1341.2933791422329,1370.6989797412498,1338.8007236756437,463.0,91.0,25.6,188.0,1,9,0.2,0.2222222222222222,0.2222222222222222,0.2222222222222222,-61.19927632435633,-61.19927632435633,-61.19927632435633,-61.19927632435633,0.8,1.3333333333333333,1.3333333333333333,0.6,0.7777777777777778,0.7777777777777778,0.3624533917148428,0.4520352783033008,0.4520352783033008,0.3283333333333333,0.42279202279202277,0.42279202279202277
Nikolai Fidirko,1400.0,1400.0,1400.0,1400.0,934.0,11.0,38.2,185.67156964873536,0,0,0.0,0.0,0.0,0.0,0.0,0.0,0.0,0.0,0.0,0.0,0.0,0.0,0.0,0.0,0.0,0.0,0.0,0.0,0.0,0.0
Peng Sun,1426.9553530163657,1537.14781289734,1400.0,1386.9582583936528,557.0,45.0,41.9,185.67156964873536,0,23,0.6,0.34782608695652173,0.34782608695652173,0.34782608695652173,25.59779715769787,26.955353016365734,26.955353016365734,26.955353016365734,-0.6,-0.7,-0.391304347826087,-0.4,-0.15,0.043478260869565216,0.12307692307692308,0.09638104511522234,0.1409415647836411,0.1,0.08333333333333333,0.12028985507246377
Patrick Tierro,1434.6983487339703,1387.7803567773942,1393.708849363901,1434.6983487339703,2000.0,0.0,39.6,185.67156964873536,0,17,0.4,0.5294117647058824,0.5294117647058824,0.5294117647058824,34.698348733970306,34.698348733970306,34.698348733970306,34.698348733970306,-1.0,-1.0,-1.0,-1.0,-1.0,-1.0,0.0,0.0,0.0,0.0,0.0,0.0
Patrick Ciorcila,1400.0,1400.0,1400.0,1400.0,589.0,52.0,28.5,185.67156964873536,0,0,0.0,0.0,0.0,0.0,0.0,0.0,0.0,0.0,0.0,0.0,0.0,0.0,0.0,0.0,0.0,0.0,0.0,0.0,0.0,0.0
Gilbert Wong,1375.0,1375.0,1375.0,1375.0,2000.0,0.0,36.6,185.67156964873536,0,1,0.0,0.0,0.0,0.0,-25.0,-25.0,-25.0,-25.0,-1.0,-1.0,-1.0,-1.0,-1.0,-1.0,0.0,0.0,0.0,0.0,0.0,0.0
Mohamed Safwat,1488.0567504355106,1389.1170337957328,1496.1131859288462,1400.0,415.0,110.0,34.9,180.0,0,39,0.8,0.48,0.38461538461538464,0.38461538461538464,128.46474301765966,91.85438477399202,88.0567504355106,88.0567504355106,-0.4,1.8,2.2564102564102564,-0.4,1.1,1.1282051282051282,0.13589743589743591,0.3919718164647296,0.4042135273485374,0.12,0.3381538052590684,0.31159155513763753
Robin Roshardt,1397.5132516697158,1397.5132516697158,1397.5132516697158,1397.5132516697158,588.0,37.0,37.3,185.67156964873536,0,1,0.0,0.0,0.0,0.0,-2.486748330284172,-2.486748330284172,-2.486748330284172,-2.486748330284172,3.0,3.0,3.0,2.0,2.0,2.0,0.575,0.575,0.575,0.4444444444444444,0.4444444444444444,0.4444444444444444
Jaime Oncins,1598.961840367148,1598.961840367148,1598.961840367148,1598.961840367148,2000.0,0.0,55.2,196.0,0,10,0.0,0.0,0.0,0.0,0.0,0.0,0.0,0.0,0.0,0.0,0.0,0.0,0.0,0.0,0.0,0.0,0.0,0.0,0.0,0.0
Tomislav Brkic,1341.9808327068326,1435.2144208925238,1376.3520799850596,1341.9808327068326,545.0,47.0,35.5,185.0,0,11,0.4,0.2727272727272727,0.2727272727272727,0.2727272727272727,-58.01916729316736,-58.01916729316736,-58.01916729316736,-58.01916729316736,6.6,2.4545454545454546,2.4545454545454546,2.2,0.45454545454545453,0.45454545454545453,0.589858571592167,0.2681175325418941,0.2681175325418941,0.4503968253968254,0.20472582972582973,0.20472582972582973
Ching Lam,1400.0,1400.0,1400.0,1400.0,2000.0,0.0,25.4,185.67156964873536,0,0,0.0,0.0,0.0,0.0,0.0,0.0,0.0,0.0,0.0,0.0,0.0,0.0,0.0,0.0,0.0,0.0,0.0,0.0,0.0,0.0
Salvador Andres Bolanos,1372.867734910541,1400.0,1400.0,1372.867734910541,2000.0,0.0,26.8,185.67156964873536,0,1,0.0,0.0,0.0,0.0,-27.132265089458997,-27.132265089458997,-27.132265089458997,-27.132265089458997,-1.0,-1.0,-1.0,-1.0,-1.0,-1.0,0.0,0.0,0.0,0.0,0.0,0.0
Adrians Zguns,1404.3092255760675,1404.3092255760675,1378.3760796083607,1404.3092255760675,600.0,62.0,43.5,185.67156964873536,0,2,0.5,0.5,0.5,0.5,4.309225576067547,4.309225576067547,4.309225576067547,4.309225576067547,-1.0,-1.0,-1.0,-1.0,-1.0,-1.0,0.0,0.0,0.0,0.0,0.0,0.0
Lukas Dlouhy,1705.1744923611514,1377.881974543623,1696.7288036661432,1484.2976383904888,607.0,35.0,42.2,185.0,0,76,0.4,0.36,0.34,0.3026315789473684,25.991120536148628,88.96192069303538,142.38219100769288,265.5936296572868,-0.2,3.6,5.0,0.2,4.2,4.18,0.1464285714285714,0.4817382714610212,0.5808188313184095,0.11428571428571428,0.42823010323010324,0.48586436130089383
Jirat Navasirisomboon,1438.3227063605427,1430.974045913034,1364.5564859912245,1438.3227063605427,1541.0,2.0,28.2,175.0,0,6,0.6,0.6666666666666666,0.6666666666666666,0.6666666666666666,38.322706360542725,38.322706360542725,38.322706360542725,38.322706360542725,2.0,1.8333333333333333,1.8333333333333333,2.8,3.1666666666666665,3.1666666666666665,0.6408839064788163,0.6531175411132993,0.6531175411132993,0.3742857142857143,0.43311688311688307,0.43311688311688307
Michel Kratochvil,1827.0454300201577,1853.898373233021,1836.993216874102,1901.837539244959,1511.0,1.0,46.2,185.0,0,220,0.4,0.36,0.36,0.38,-53.28301706479874,-82.62500250050994,-80.08727942569067,-215.0207016250058,5.8,3.8,2.92,4.2,3.3,3.3,0.741959935942134,0.6279862964710383,0.6106182544986986,0.7512121212121211,0.5435714285714285,0.5116507479448655
Martin Verkerk,1823.8244001854857,1693.274720693533,1885.3329953092,1726.8604123461553,270.0,136.0,46.7,196.0,0,177,0.0,0.4,0.44,0.48,-183.38697628257455,-153.93867208112033,-218.2427683924327,-100.79075166233997,10.6,10.65,10.94,4.6,4.6,3.8,0.6864712680717526,0.7283875709198423,0.7044638995447309,0.47519813519813525,0.5408756521256521,0.5148581973581973
Stian Boretti,1435.822262729802,1473.7740205161654,1426.569552338001,1435.822262729802,1288.0,2.0,43.5,188.0,0,24,0.2,0.375,0.375,0.375,30.917724358875603,35.822262729802105,35.822262729802105,35.822262729802105,-1.0,-1.0,-1.0,-1.0,-1.0,-1.0,0.0,0.0,0.0,0.0,0.0,0.0
Aljaz Bedene,1618.7369493301796,1502.9007362033703,1554.3719170742702,1410.8690776329356,330.0,140.0,36.1,181.0,0,298,0.0,0.32,0.4,0.47,-144.89330262015983,-173.05904750583886,-193.82078212301326,-171.87734136088034,9.4,8.6,8.38,6.0,4.3,4.14,0.739249478274713,0.7366353501037752,0.7475144561122087,0.5176623376623377,0.5750495337995337,0.5241388611388611
Ethan Quinn,1340.4444589575803,1346.4049845531754,1340.4444589575803,1444.652412067499,254.0,225.0,21.3,191.0,0,6,0.0,0.16666666666666666,0.16666666666666666,0.16666666666666666,-59.55554104241969,-59.55554104241969,-59.55554104241969,-59.55554104241969,5.4,5.333333333333333,5.333333333333333,2.8,2.5,2.5,0.686051051051051,0.7105980980980982,0.7105980980980982,0.5599999999999999,0.6333333333333333,0.6333333333333333
Mariano Zabaleta,1682.5036076363085,1797.2208043020764,2106.928322263262,2012.6162694170864,118.0,366.0,46.9,183.0,0,608,0.2,0.4,0.44,0.5,-42.124827940016075,-215.1418242209711,-218.39856885027461,-239.69760760687677,4.2,3.9,3.9,5.4,3.6,3.58,0.6305962486144634,0.6496280563126369,0.6623058999158286,0.5495104895104894,0.5425111000111,0.5686285169079287
Shan Jiang,1400.0,1400.0,1400.0,1400.0,2000.0,0.0,44.9,185.67156964873536,0,0,0.0,0.0,0.0,0.0,0.0,0.0,0.0,0.0,0.0,0.0,0.0,0.0,0.0,0.0,0.0,0.0,0.0,0.0,0.0,0.0
Mike Scheidweiler,1538.323207786789,1498.723675913395,1623.8029843773838,1538.323207786789,2000.0,0.0,43.3,188.0,0,28,0.2,0.3888888888888889,0.3888888888888889,0.3888888888888889,-83.92851982578827,-83.92851982578827,-83.92851982578827,-83.92851982578827,-1.0,-1.0,-1.0,-1.0,-1.0,-1.0,0.0,0.0,0.0,0.0,0.0,0.0
Daniel Llarenas,1400.0,1400.0,1400.0,1400.0,2000.0,0.0,36.7,186.27336318231923,0,0,0.0,0.0,0.0,0.0,0.0,0.0,0.0,0.0,0.0,0.0,0.0,0.0,0.0,0.0,0.0,0.0,0.0,0.0,0.0,0.0
Alan Mackin,1541.2575853465635,1684.9486830101428,1662.597308581028,1599.634208407624,270.0,147.0,43.4,183.0,0,24,0.2,0.07142857142857142,0.07142857142857142,0.07142857142857142,-143.69109766357928,-143.69109766357928,-143.69109766357928,-143.69109766357928,1.4,1.5,1.5,2.0,2.2142857142857144,2.2142857142857144,0.23197674418604652,0.4281173512512976,0.4281173512512976,0.21357466063348415,0.38198048450149286,0.38198048450149286
Rabie Chaki,1465.7596238114247,1391.5519451683817,1439.7953849741862,1465.7596238114247,482.0,107.0,42.9,185.67156964873536,0,9,0.4,0.5555555555555556,0.5555555555555556,0.5555555555555556,65.75962381142472,65.75962381142472,65.75962381142472,65.75962381142472,-0.6,-0.7777777777777778,-0.7777777777777778,-0.4,-0.6666666666666666,-0.6666666666666666,0.1,0.05555555555555555,0.05555555555555555,0.06666666666666667,0.037037037037037035,0.037037037037037035
Jose Antonio Velazquez,1400.0,1400.0,1400.0,1400.0,2000.0,0.0,41.0,185.67156964873536,0,0,0.0,0.0,0.0,0.0,0.0,0.0,0.0,0.0,0.0,0.0,0.0,0.0,0.0,0.0,0.0,0.0,0.0,0.0,0.0,0.0
Eduardo Rincon,1619.8026113344395,1655.7257212804238,1636.4817016641287,1619.8026113344395,885.0,8.0,48.8,186.27336318231923,0,14,0.25,0.25,0.25,0.25,-35.92310994598438,-35.92310994598438,-35.92310994598438,-35.92310994598438,-1.0,-1.0,-1.0,-1.0,-1.0,-1.0,0.0,0.0,0.0,0.0,0.0,0.0
Sergio Roitman,1553.191507206106,1580.2895490434944,1776.3267906263063,1723.3000518508256,121.0,563.0,46.1,185.0,0,136,0.2,0.2,0.28,0.29069767441860467,-82.62122247445404,-149.68404012517658,-96.67049304791453,-188.51952253249237,1.6,1.95,2.94,1.4,2.1,1.74,0.5678457030991593,0.6145234710024614,0.6430835719087428,0.5,0.4759027777777778,0.4728349705849706
Paul Harsanyi,1592.222642963225,1592.222642963225,1592.222642963225,1592.222642963225,962.0,5.0,50.6,185.67156964873536,0,11,0.0,0.0,0.0,0.0,-3.043730120062719,-3.043730120062719,-3.043730120062719,-3.043730120062719,0.0,0.0,0.0,0.0,0.0,0.0,0.2631578947368421,0.2631578947368421,0.2631578947368421,0.3333333333333333,0.3333333333333333,0.3333333333333333
Romain Radwan,1400.0,1400.0,1400.0,1400.0,2000.0,0.0,43.0,185.67156964873536,1,0,0.0,0.0,0.0,0.0,0.0,0.0,0.0,0.0,0.0,0.0,0.0,0.0,0.0,0.0,0.0,0.0,0.0,0.0,0.0,0.0
Aljaz Radinski,1400.0,1400.0,1400.0,1400.0,1279.0,5.0,30.0,188.0,0,0,0.0,0.0,0.0,0.0,0.0,0.0,0.0,0.0,0.0,0.0,0.0,0.0,0.0,0.0,0.0,0.0,0.0,0.0,0.0,0.0
Daniel Chavez Morales,1400.0,1400.0,1400.0,1400.0,2000.0,0.0,59.1,185.67156964873536,0,0,0.0,0.0,0.0,0.0,0.0,0.0,0.0,0.0,0.0,0.0,0.0,0.0,0.0,0.0,0.0,0.0,0.0,0.0,0.0,0.0
Philipp Petzschner,1790.3835402320956,1555.904246149476,1459.046026279483,1619.4377674527161,524.0,66.0,41.4,185.0,0,195,0.2,0.48,0.4,0.45,-108.31703040045909,-155.2453179846441,-192.46420603413276,-196.5833480479066,3.4,6.15,6.08,4.0,2.75,2.66,0.6730952380952381,0.6995358266837527,0.6969874828719459,0.5439393939393942,0.5642010930246225,0.5164937963653135
Julio Silva,1613.5855122116145,1638.532044247825,1643.2207685648727,1613.5855122116145,228.0,210.0,46.1,173.0,0,22,0.2,0.25,0.25,0.25,-50.60212471561931,-50.60212471561931,-50.60212471561931,-50.60212471561931,3.4,2.1666666666666665,2.1666666666666665,0.8,0.75,0.75,0.5579087107312913,0.46630409127402617,0.46630409127402617,0.5717748917748918,0.4651755651755652,0.4651755651755652
Emin Agaev,1676.2434414478812,1676.2434414478812,1676.2434414478812,1676.2434414478812,368.0,76.0,46.2,185.67156964873536,0,10,0.0,0.0,0.0,0.0,0.0,0.0,0.0,0.0,0.0,0.0,0.0,0.0,0.0,0.0,0.0,0.0,0.0,0.0,0.0,0.0
Andre Sa,1716.8550335624807,1928.3809526429668,1688.6989222878635,1873.948129590283,423.0,73.0,48.3,185.0,0,178,0.4,0.24,0.34,0.35,-36.724996902904195,-164.31358166545647,-101.60342466594216,-107.15705235209725,0.4,1.7,2.26,2.4,2.9,2.92,0.46601966873706,0.5502676676325708,0.5940717579389341,0.42727272727272714,0.5075636618283677,0.516019846166905
Kyu Tae Im,1405.90002422967,1477.8268756587975,1368.8610045461326,1393.5693528997515,477.0,66.0,44.4,185.0,0,12,0.4,0.3333333333333333,0.3333333333333333,0.3333333333333333,5.9000242296699525,5.9000242296699525,5.9000242296699525,5.9000242296699525,-0.4,-0.75,-0.75,-0.4,-0.75,-0.75,0.12682926829268293,0.052845528455284556,0.052845528455284556,0.06666666666666667,0.027777777777777776,0.027777777777777776
Alejandro Olivera,1630.5470549506972,1618.5511141403051,1630.5470549506972,1630.5470549506972,794.0,11.0,47.9,185.67156964873536,0,10,0.0,0.0,0.0,0.0,0.0,0.0,0.0,0.0,0.0,0.0,0.0,0.0,0.0,0.0,0.0,0.0,0.0,0.0,0.0,0.0
Christopher Eldon,1370.7137826425242,1395.3814724444464,1400.0,1370.7137826425242,2000.0,0.0,39.9,185.67156964873536,0,2,0.0,0.0,0.0,0.0,-29.286217357475834,-29.286217357475834,-29.286217357475834,-29.286217357475834,-1.0,-1.0,-1.0,-1.0,-1.0,-1.0,0.0,0.0,0.0,0.0,0.0,0.0
Carlos Salamanca,1401.736434385201,1353.2728582851673,1443.3745951138133,1401.736434385201,310.0,139.0,42.4,196.0,1,7,0.6,0.42857142857142855,0.42857142857142855,0.42857142857142855,1.736434385200937,1.736434385200937,1.736434385200937,1.736434385200937,-1.0,-1.0,-1.0,-1.0,-1.0,-1.0,0.0,0.0,0.0,0.0,0.0,0.0
Carlos Gomez Herrera,1400.0,1400.0,1400.0,1400.0,671.0,30.0,35.0,191.0,0,0,0.0,0.0,0.0,0.0,0.0,0.0,0.0,0.0,0.0,0.0,0.0,0.0,0.0,0.0,0.0,0.0,0.0,0.0,0.0,0.0
Mariano Delfino,1658.34974255248,1658.34974255248,1658.34974255248,1658.34974255248,185.0,188.0,47.6,183.0,0,10,0.0,0.0,0.0,0.0,0.0,0.0,0.0,0.0,0.0,0.0,0.0,0.0,0.0,0.0,0.0,0.0,0.0,0.0,0.0,0.0
Jaroslav Pospisil,1362.0929522213394,1392.9768037832093,1392.2648643079197,1397.5790601895947,213.0,225.0,44.6,175.0,0,6,0.0,0.0,0.0,0.0,-37.907047778660626,-37.907047778660626,-37.907047778660626,-37.907047778660626,1.8,2.1666666666666665,2.1666666666666665,6.2,5.5,5.5,0.6780273672687466,0.6746719288643064,0.6746719288643064,0.5071717171717172,0.505976430976431,0.505976430976431
Gianluca Mager,1606.9057793926427,1430.3034150103,1559.017917387843,1400.0,67.0,947.0,30.1,188.0,0,58,0.4,0.4,0.38,0.41379310344827586,20.62530027816615,88.18965120836515,7.100239222204664,206.90577939264267,8.4,7.25,6.72,3.6,3.0,3.2,0.7304295465414546,0.7222143393103496,0.7116421089763272,0.52,0.5088419913419914,0.5983086358086358
Nikoloz Basilashvili,1588.8279188711356,1433.3867622829925,1517.6379742642312,1472.5050797402896,118.0,481.0,33.0,185.0,0,317,0.2,0.32,0.32,0.45,-169.37115989354857,-177.436982556766,-277.3921302066701,-138.64952901484708,5.8,3.55,3.5,5.4,4.7,3.82,0.6535304697660942,0.6717904856220581,0.6550265779124986,0.48706349206349203,0.46661616161616165,0.49478273714589505
Hao Lu,1459.1632901330488,1426.2700520818858,1400.0,1400.0,603.0,33.0,41.4,185.67156964873536,0,5,0.6,0.6,0.6,0.6,59.163290133048804,59.163290133048804,59.163290133048804,59.163290133048804,-0.2,-0.2,-0.2,1.0,1.0,1.0,0.24067622950819673,0.24067622950819673,0.24067622950819673,0.20727272727272728,0.20727272727272728,0.20727272727272728
Pierre Ludovic Duclos,1432.6855499021988,1392.3233854949517,1432.6855499021988,1400.0,244.0,190.0,39.4,188.0,0,3,0.3333333333333333,0.3333333333333333,0.3333333333333333,0.3333333333333333,32.68554990219877,32.68554990219877,32.68554990219877,32.68554990219877,3.3333333333333335,3.3333333333333335,3.3333333333333335,3.3333333333333335,3.3333333333333335,3.3333333333333335,0.6792929292929294,0.6792929292929294,0.6792929292929294,0.6343434343434343,0.6343434343434343,0.6343434343434343
Elias Ymer,1528.6958917955615,1554.5457687335502,1418.716651644731,1376.4394153005294,252.0,219.0,29.5,185.0,0,117,0.4,0.32,0.44,0.37,-98.3030688791082,-71.74514643068346,69.02767742354763,37.25014243140299,4.0,4.7,4.78,3.0,3.1,3.22,0.4064718743788511,0.6118411034979141,0.6197878468154635,0.4114932126696833,0.38373369277781044,0.4313201504377975
Zibusiso Ncube,1395.6860140355975,1400.0,1400.0,1395.6860140355975,2000.0,0.0,46.3,185.67156964873536,0,1,0.0,0.0,0.0,0.0,-4.313985964402491,-4.313985964402491,-4.313985964402491,-4.313985964402491,-1.0,-1.0,-1.0,-1.0,-1.0,-1.0,0.0,0.0,0.0,0.0,0.0,0.0
Jurij Rodionov,1523.4313410817242,1490.5795406280695,1403.2611520858886,1460.12686779447,170.0,348.0,26.3,191.0,1,43,0.2,0.4,0.37209302325581395,0.37209302325581395,23.707927853038882,120.50270218452147,123.43134108172421,123.43134108172421,3.2,3.75,5.209302325581396,2.2,1.75,2.441860465116279,0.7110557960557962,0.591159215890091,0.634329661738815,0.3739393939393939,0.3964015151515151,0.5058811063108333
Denis Shapovalov,1829.4040992073321,1673.1544448750556,1507.9045402463705,1409.8736547397245,56.0,981.0,26.5,185.0,1,380,1.0,0.68,0.54,0.56,119.1579970294888,156.61080580120347,2.714296134631468,22.795734091591157,9.2,7.1,8.04,4.4,4.65,6.32,0.8650609602815484,0.7986117717233627,0.7781050136485328,0.7714285714285716,0.6103896103896105,0.5974497316409081
Adrian Bohane,1400.0,1400.0,1400.0,1400.0,1416.0,1.0,43.9,185.67156964873536,1,0,0.0,0.0,0.0,0.0,0.0,0.0,0.0,0.0,0.0,0.0,0.0,0.0,0.0,0.0,0.0,0.0,0.0,0.0,0.0,0.0
Matteo Berrettini,2029.7026517004056,1342.1735974406915,1817.5397489592667,1671.9828592458794,35.0,1380.0,29.6,196.0,0,288,0.6,0.72,0.68,0.68,-6.387102694925716,10.065346659341913,-52.89297495820665,-130.638802100696,10.0,9.5,9.44,0.8,1.4,1.38,0.7474544211681999,0.7806581143386977,0.7800549111642736,0.5957013574660635,0.5789253393665159,0.6326559943324649
Arnaud Di Pasquale,1783.3554681319888,1937.9349446459782,1873.062460578218,1998.3706426192848,228.0,165.0,46.6,185.0,0,395,0.4,0.36,0.3,0.35789473684210527,-112.36782500931304,-126.73185402406807,-185.7670623879808,-215.015174487296,2.4,2.7,2.4,4.2,4.55,3.74,0.7446133633633634,0.6599321140263258,0.6430467841083969,0.2833333333333333,0.4,0.45392522974101923
Danilo Petrovic,1490.2750546460725,1439.5808627038646,1507.0805957486236,1490.2750546460725,157.0,470.0,33.2,203.0,0,4,0.5,0.5,0.5,0.5,50.69419194220791,50.69419194220791,50.69419194220791,50.69419194220791,6.25,6.25,6.25,5.25,5.25,5.25,0.6227548036758563,0.6227548036758563,0.6227548036758563,0.6512445887445887,0.6512445887445887,0.6512445887445887
Frederico Gil,1754.7197894405483,1534.2683465385173,1694.8144977877607,1320.8690295134684,213.0,220.0,40.0,173.0,0,142,0.2,0.44,0.42,0.42,-49.83312168649695,-106.11443848157955,-83.27222305679084,-71.9140357171998,1.2,1.2,1.86,2.8,1.85,1.72,0.6352789246703576,0.588140918292852,0.5948642002587643,0.5338095238095237,0.5213816738816739,0.4862352092352092
Gunawan Trismuwantara,1400.0,1425.0,1400.0,1400.0,2050.0,1.0,22.6,185.67156964873536,0,0,0.0,0.0,0.0,0.0,0.0,0.0,0.0,0.0,0.0,0.0,0.0,0.0,0.0,0.0,0.0,0.0,0.0,0.0,0.0,0.0
Ricardo Hocevar,1408.751510855093,1437.952237190445,1410.881367038884,1408.751510855093,248.0,195.0,39.7,180.0,0,4,0.0,0.0,0.0,0.0,-29.200726335351874,-29.200726335351874,-29.200726335351874,-29.200726335351874,5.5,5.5,5.5,3.0,3.0,3.0,0.683225612406059,0.683225612406059,0.683225612406059,0.5,0.5,0.5
Mehdi Bouabbane,1400.0,1400.0,1400.0,1400.0,2000.0,0.0,36.6,185.67156964873536,0,0,0.0,0.0,0.0,0.0,0.0,0.0,0.0,0.0,0.0,0.0,0.0,0.0,0.0,0.0,0.0,0.0,0.0,0.0,0.0,0.0
Jan Minar,1408.510355380918,1408.510355380918,1408.510355380918,1408.510355380918,303.0,118.0,44.3,185.67156964873536,0,1,0.0,0.0,0.0,0.0,-3.1497767706041486,-3.1497767706041486,-3.1497767706041486,-3.1497767706041486,2.0,2.0,2.0,2.0,2.0,2.0,0.7142857142857143,0.7142857142857143,0.7142857142857143,0.3333333333333333,0.3333333333333333,0.3333333333333333
Matt Reid,1400.0,1400.0,1400.0,1400.0,216.0,220.0,34.9,183.0,0,0,0.0,0.0,0.0,0.0,0.0,0.0,0.0,0.0,0.0,0.0,0.0,0.0,0.0,0.0,0.0,0.0,0.0,0.0,0.0,0.0
Jurgen Zopp,1550.3749772354856,1491.644066244377,1551.81899487262,1365.4520656013092,133.0,437.0,37.5,190.0,0,62,0.4,0.36,0.38,0.3870967741935484,5.933711746153676,3.049814543190905,105.17972182251651,150.37497723548563,4.8,5.45,4.48,2.0,2.55,2.56,0.74889564394109,0.7269730104219956,0.6503549135639826,0.5764285714285714,0.5157005494505494,0.48034371184371183
Ryan Peniston,1500.3111475178107,1423.4182484690082,1500.3111475178107,1526.8206355072443,268.0,207.0,29.6,180.0,1,12,0.2,0.5,0.5,0.5,76.89289904880252,76.89289904880252,76.89289904880252,76.89289904880252,3.4,4.5,4.5,3.4,2.9166666666666665,2.9166666666666665,0.7323819481306331,0.7088272522072683,0.7088272522072683,0.63,0.5558621933621933,0.5558621933621933
Jesus Bandres,1366.6450320313274,1366.6450320313274,1366.6450320313274,1366.6450320313274,1644.0,1.0,34.1,185.67156964873536,0,2,0.0,0.0,0.0,0.0,-33.354967968672554,-33.354967968672554,-33.354967968672554,-33.354967968672554,-1.0,-1.0,-1.0,-1.0,-1.0,-1.0,0.0,0.0,0.0,0.0,0.0,0.0
Carlos Taborga,1400.0,1400.0,1400.0,1400.0,2000.0,0.0,33.8,185.67156964873536,0,0,0.0,0.0,0.0,0.0,0.0,0.0,0.0,0.0,0.0,0.0,0.0,0.0,0.0,0.0,0.0,0.0,0.0,0.0,0.0,0.0
Timo Fleischfresser,1643.5260933076434,1643.5260933076434,1643.5260933076434,1643.5260933076434,566.0,28.0,46.3,185.67156964873536,0,10,0.0,0.0,0.0,0.0,0.0,0.0,0.0,0.0,0.0,0.0,0.0,0.0,0.0,0.0,0.0,0.0,0.0,0.0,0.0,0.0
N Vijay Sundar Prashanth,1400.0,1400.0,1400.0,1400.0,557.0,56.0,38.1,178.0,0,0,0.0,0.0,0.0,0.0,0.0,0.0,0.0,0.0,0.0,0.0,0.0,0.0,0.0,0.0,0.0,0.0,0.0,0.0,0.0,0.0
Gaston Gaudio,1615.9052869835832,1708.9030932774237,2036.5611121494967,1878.656535845642,174.0,285.0,46.1,175.0,0,594,0.2,0.28,0.36,0.47,-141.34493469195195,-252.13297652505048,-315.15244959872916,-510.37123317000896,1.8,1.3,2.02,3.8,5.15,4.26,0.6189406097654444,0.6013652988702736,0.6149840525091035,0.5542857142857143,0.4792782217782217,0.46931678106371877
Rowland Phillips,1354.8809749529357,1375.8521589948314,1397.5338446666274,1354.8809749529357,2000.0,0.0,31.0,185.67156964873536,0,5,0.2,0.2,0.2,0.2,-45.11902504706427,-45.11902504706427,-45.11902504706427,-45.11902504706427,0.8,0.8,0.8,1.2,1.2,1.2,0.3944113029827315,0.3944113029827315,0.3944113029827315,0.27,0.27,0.27
Soren Hess Olesen,1359.9633436474924,1355.6996943903177,1359.9633436474924,1359.9633436474924,943.0,12.0,34.0,186.27336318231923,0,4,0.25,0.25,0.25,0.25,-40.036656352507634,-40.036656352507634,-40.036656352507634,-40.036656352507634,3.0,3.0,3.0,4.0,4.0,4.0,0.6387098563106454,0.6387098563106454,0.6387098563106454,0.5862041467304625,0.5862041467304625,0.5862041467304625
Seyed Akbar Taheri Rahaghi,1339.1959622292939,1350.0,1400.0,1339.1959622292939,2000.0,0.0,51.2,185.67156964873536,0,3,0.0,0.0,0.0,0.0,-60.804037770706145,-60.804037770706145,-60.804037770706145,-60.804037770706145,-1.0,-1.0,-1.0,-1.0,-1.0,-1.0,0.0,0.0,0.0,0.0,0.0,0.0
Christopher Diaz Figueroa,1413.658781573533,1500.4042860033198,1335.2845479073728,1413.658781573533,630.0,42.0,34.8,186.27336318231923,0,21,0.6,0.47619047619047616,0.47619047619047616,0.47619047619047616,55.31555088988148,13.658781573532906,13.658781573532906,13.658781573532906,4.4,0.8,0.7142857142857143,6.0,1.4,1.2857142857142858,0.6742117958294429,0.20171621426348318,0.19211068025093636,0.7220238095238095,0.21127518315018318,0.2012144601430316
Gergely Kisgyorgy,1685.5798064024837,1733.6597040171384,1748.4694019458962,1685.5798064024837,982.0,7.0,49.3,185.67156964873536,0,64,0.6,0.5,0.5,0.5,-50.087781981169655,-50.087781981169655,-50.087781981169655,-50.087781981169655,-1.0,-1.0,-1.0,-1.0,-1.0,-1.0,0.0,0.0,0.0,0.0,0.0,0.0
Andrei Ciumac,1375.9559193159919,1400.0,1375.9559193159919,1375.9559193159919,892.0,17.0,39.4,185.67156964873536,1,1,0.0,0.0,0.0,0.0,-24.044080684008122,-24.044080684008122,-24.044080684008122,-24.044080684008122,-1.0,-1.0,-1.0,-1.0,-1.0,-1.0,0.0,0.0,0.0,0.0,0.0,0.0
Marc Kevin Goellner,1808.1694987026851,1775.6401724109157,1793.8820017100354,1744.0869444344657,453.0,53.0,54.8,196.0,0,73,0.2,0.34782608695652173,0.34782608695652173,0.34782608695652173,83.7857988952901,61.33300176466878,61.33300176466878,61.33300176466878,6.8,9.2,8.869565217391305,4.6,4.85,4.478260869565218,0.7430802763060828,0.7693766987627859,0.7572371738528263,0.5697330447330448,0.5143668831168832,0.49944946357989833
Alex Bogomolov Jr,1648.780921609724,1639.5651073878348,1349.9558527548963,1489.6468084485432,85.0,625.0,41.9,178.0,0,177,0.2,0.36,0.3,0.4,-3.3755785953621853,-27.34456490993398,-97.06048765351056,-194.85436360516314,1.0,2.0,2.06,1.8,3.4,2.94,0.5342502308787302,0.5800370672106643,0.601142975897421,0.4944155844155844,0.5185862114938201,0.5308918970680984
Dejan Petrovic,1768.1690793421988,1803.52520350597,1768.1690793421988,1789.1838016460808,318.0,95.0,47.2,185.67156964873536,0,57,0.2,0.2857142857142857,0.2857142857142857,0.2857142857142857,-38.30476234107505,-38.30476234107505,-38.30476234107505,-38.30476234107505,7.2,5.857142857142857,5.857142857142857,3.4,3.2857142857142856,3.2857142857142856,0.6717073170731708,0.6527232715936181,0.6527232715936181,0.44222222222222224,0.419047619047619,0.419047619047619
Gabriel Pitta,1400.0,1400.0,1400.0,1400.0,726.0,18.0,45.3,185.67156964873536,0,0,0.0,0.0,0.0,0.0,0.0,0.0,0.0,0.0,0.0,0.0,0.0,0.0,0.0,0.0,0.0,0.0,0.0,0.0,0.0,0.0
Candy Idoko,1400.0,1400.0,1400.0,1400.0,1090.0,6.0,39.7,175.0,0,0,0.0,0.0,0.0,0.0,0.0,0.0,0.0,0.0,0.0,0.0,0.0,0.0,0.0,0.0,0.0,0.0,0.0,0.0,0.0,0.0
Horia Tecau,1395.2922929844876,1395.2922929844876,1395.2922929844876,1395.2922929844876,550.0,42.0,40.0,193.0,0,2,0.0,0.0,0.0,0.0,-4.707707015512369,-4.707707015512369,-4.707707015512369,-4.707707015512369,3.5,3.5,3.5,4.5,4.5,4.5,0.42857142857142855,0.42857142857142855,0.42857142857142855,0.2777777777777778,0.2777777777777778,0.2777777777777778
Rio Noguchi,1425.8267872007104,1425.8267872007104,1425.8267872007104,1425.8267872007104,291.0,167.0,26.7,168.0,0,1,1.0,1.0,1.0,1.0,25.82678720071044,25.82678720071044,25.82678720071044,25.82678720071044,1.0,1.0,1.0,4.0,4.0,4.0,0.7761194029850746,0.7761194029850746,0.7761194029850746,0.7142857142857143,0.7142857142857143,0.7142857142857143
Cristobal Saavedra Corvalan,1390.7090966702513,1390.7090966702513,1390.7090966702513,1390.7090966702513,410.0,83.0,34.9,185.67156964873536,0,1,0.0,0.0,0.0,0.0,-9.290903329748744,-9.290903329748744,-9.290903329748744,-9.290903329748744,1.0,1.0,1.0,1.0,1.0,1.0,0.5660377358490566,0.5660377358490566,0.5660377358490566,0.6666666666666666,0.6666666666666666,0.6666666666666666
Dominik Meffert,1552.2973734719908,1499.410338798499,1432.551516288701,1427.708199661944,204.0,260.0,44.1,198.0,0,12,0.2,0.4166666666666667,0.4166666666666667,0.4166666666666667,152.2973734719908,152.2973734719908,152.2973734719908,152.2973734719908,7.8,6.833333333333333,6.833333333333333,4.0,4.416666666666667,4.416666666666667,0.7132182015053079,0.7375852740510492,0.7375852740510492,0.6564102564102565,0.5945843508343508,0.5945843508343508
Alex Witt,1693.474053399187,1693.474053399187,1693.474053399187,1693.474053399187,498.0,41.0,49.2,185.67156964873536,0,50,0.0,0.0,0.0,0.0,0.0,0.0,0.0,0.0,0.0,0.0,0.0,0.0,0.0,0.0,0.0,0.0,0.0,0.0,0.0,0.0
Roberto Carballes Baena,1686.4219484100984,1486.6549095658008,1698.0187646636198,1326.1920194941733,56.0,981.0,32.6,183.0,0,264,0.4,0.48,0.5,0.48,27.059119506959178,73.71094384450498,80.04870841142156,98.8424358428565,4.0,4.6,2.82,2.0,2.65,2.12,0.7582043343653251,0.7043638292543513,0.6780812971421707,0.4990476190476191,0.530321737086443,0.5473997293556117
Jerry Joseph,1381.9995970716375,1381.9995970716375,1400.0,1381.9995970716375,2000.0,0.0,44.7,185.67156964873536,0,1,0.0,0.0,0.0,0.0,-18.00040292836252,-18.00040292836252,-18.00040292836252,-18.00040292836252,-1.0,-1.0,-1.0,-1.0,-1.0,-1.0,0.0,0.0,0.0,0.0,0.0,0.0
Tuna Altuna,1400.0,1400.0,1400.0,1400.0,932.0,9.0,36.4,185.0,0,0,0.0,0.0,0.0,0.0,0.0,0.0,0.0,0.0,0.0,0.0,0.0,0.0,0.0,0.0,0.0,0.0,0.0,0.0,0.0,0.0
Gustavo Heide,1414.8725150918149,1400.0,1429.7933106119704,1414.8725150918149,155.0,397.0,23.3,191.0,0,6,0.4,0.3333333333333333,0.3333333333333333,0.3333333333333333,14.872515091814876,14.872515091814876,14.872515091814876,14.872515091814876,4.6,4.666666666666667,4.666666666666667,2.4,2.6666666666666665,2.6666666666666665,0.6851436703713742,0.6831979566019957,0.6831979566019957,0.6114285714285714,0.6206349206349207,0.6206349206349207
Dennis Novikov,1495.055542533724,1439.0452260591355,1495.055542533724,1464.2298235123533,219.0,238.0,31.7,193.0,0,15,0.4,0.3333333333333333,0.3333333333333333,0.3333333333333333,95.05554253372406,95.05554253372406,95.05554253372406,95.05554253372406,7.0,8.8,8.8,1.8,3.7333333333333334,3.7333333333333334,0.7797026074700494,0.7433305071440037,0.7433305071440037,0.5288888888888887,0.5399639249639249,0.5399639249639249
Nicolas Kicker,1552.9494337304586,1457.920225556994,1561.9544322402041,1439.5808627038646,203.0,297.0,32.5,178.0,0,47,0.2,0.32,0.40425531914893614,0.40425531914893614,-30.696015866829384,-22.65372223509098,113.36857102659405,113.36857102659405,1.8,2.15,2.234042553191489,2.2,2.35,2.5319148936170213,0.6647023809523809,0.6741109108395582,0.6649444169227002,0.5121212121212122,0.5364524948735475,0.5503580002180226
Ugo Nastasi,1290.9991711424498,1344.5472114800407,1360.3005902840662,1290.9991711424498,2000.0,0.0,31.7,185.0,0,11,0.2,0.18181818181818182,0.18181818181818182,0.18181818181818182,-109.00082885755023,-109.00082885755023,-109.00082885755023,-109.00082885755023,0.0,-0.5454545454545454,-0.5454545454545454,0.6,-0.2727272727272727,-0.2727272727272727,0.2461818181818182,0.111900826446281,0.111900826446281,0.2509090909090909,0.11404958677685952,0.11404958677685952
Marcelo Demoliner,1428.8410134449844,1428.8410134449844,1428.8410134449844,1428.8410134449844,2000.0,0.0,36.6,191.0,0,2,0.5,0.5,0.5,0.5,28.841013444984355,28.841013444984355,28.841013444984355,28.841013444984355,4.5,4.5,4.5,3.0,3.0,3.0,0.7709810874704492,0.7709810874704492,0.7709810874704492,0.5,0.5,0.5
Sergey Fomin,1396.1654083398982,1396.1654083398982,1396.1654083398982,1396.1654083398982,537.0,70.0,24.6,180.0,0,6,0.4,0.3333333333333333,0.3333333333333333,0.3333333333333333,-3.8345916601017507,-3.8345916601017507,-3.8345916601017507,-3.8345916601017507,0.8,0.8333333333333334,0.8333333333333334,0.4,0.6666666666666666,0.6666666666666666,0.2595141700404858,0.3114999036051667,0.3114999036051667,0.2611111111111111,0.30092592592592593,0.30092592592592593
Jorge Aguilar,1489.252138163848,1400.0,1467.1377908019167,1489.252138163848,431.0,91.0,40.2,178.0,0,10,0.4,0.4,0.4,0.4,89.25213816384803,89.25213816384803,89.25213816384803,89.25213816384803,0.8,0.8,0.8,0.2,0.9,0.9,0.2983870967741936,0.3873072417113164,0.3873072417113164,0.12571428571428572,0.18432773109243697,0.18432773109243697
Dmitry Vlasov,1400.0,1400.0,1400.0,1400.0,288.0,112.0,42.9,188.0,0,0,0.0,0.0,0.0,0.0,0.0,0.0,0.0,0.0,0.0,0.0,0.0,0.0,0.0,0.0,0.0,0.0,0.0,0.0,0.0,0.0
Jeremy Chardy,1770.647712865381,1674.2401376686976,1536.6524443199573,1394.3889554712687,542.0,65.0,38.3,188.0,0,606,0.2,0.36,0.46,0.48,-122.22285326557903,-150.5809213400737,-116.81410983308047,-88.58021186370001,5.2,4.05,5.72,6.8,4.15,4.08,0.632826487102071,0.5273038261065095,0.623221653237442,0.5341142191142192,0.40878108003108,0.4805006382506382
Eleftherios Christou,1377.1665898192957,1377.1665898192957,1377.1665898192957,1377.1665898192957,2000.0,0.0,40.4,185.67156964873536,0,1,0.0,0.0,0.0,0.0,-22.833410180704277,-22.833410180704277,-22.833410180704277,-22.833410180704277,-1.0,-1.0,-1.0,-1.0,-1.0,-1.0,0.0,0.0,0.0,0.0,0.0,0.0
Anthony Marshall,1354.8055062632873,1400.0,1381.2693100887611,1354.8055062632873,2000.0,0.0,39.5,185.67156964873536,0,2,0.0,0.0,0.0,0.0,-45.19449373671273,-45.19449373671273,-45.19449373671273,-45.19449373671273,-1.0,-1.0,-1.0,-1.0,-1.0,-1.0,0.0,0.0,0.0,0.0,0.0,0.0
Eric Prodon,1450.5149453459508,1617.7340476562981,1503.937108378433,1450.5149453459508,115.0,482.0,43.9,178.0,0,29,0.0,0.05263157894736842,0.05263157894736842,0.05263157894736842,-198.96822413801442,-198.96822413801442,-198.96822413801442,-198.96822413801442,5.2,3.473684210526316,3.473684210526316,2.0,2.9473684210526314,2.9473684210526314,0.549223527714907,0.6130981666428031,0.6130981666428031,0.575952380952381,0.529593033385603,0.529593033385603
Herkko Pollanen,1420.119399798198,1420.119399798198,1420.119399798198,1420.119399798198,713.0,30.0,30.5,185.67156964873536,0,2,0.5,0.5,0.5,0.5,20.119399798197946,20.119399798197946,20.119399798197946,20.119399798197946,-1.0,-1.0,-1.0,-1.0,-1.0,-1.0,0.0,0.0,0.0,0.0,0.0,0.0
Lucas Catarina,1349.3880122271923,1397.4342967978093,1368.6877573617337,1349.3880122271923,452.0,97.0,29.0,185.0,0,8,0.0,0.125,0.125,0.125,-50.61198777280765,-50.61198777280765,-50.61198777280765,-50.61198777280765,1.4,1.75,1.75,3.8,4.75,4.75,0.47474181119103287,0.5219869174091903,0.5219869174091903,0.39069264069264065,0.3706252081252081,0.3706252081252081
Johan Nikles,1389.6254993516086,1389.6254993516086,1362.2872722355353,1389.6254993516086,317.0,156.0,28.1,173.0,0,3,0.3333333333333333,0.3333333333333333,0.3333333333333333,0.3333333333333333,-10.374500648391404,-10.374500648391404,-10.374500648391404,-10.374500648391404,0.6666666666666666,0.6666666666666666,0.6666666666666666,3.3333333333333335,3.3333333333333335,3.3333333333333335,0.5995683653578391,0.5995683653578391,0.5995683653578391,0.6343434343434343,0.6343434343434343,0.6343434343434343
Mark Knowles,1671.2330934019926,1716.333704460327,1743.395511768082,1671.2330934019926,2000.0,0.0,53.4,190.0,0,63,0.4,0.23076923076923078,0.23076923076923078,0.23076923076923078,-124.27544768355915,-124.27544768355915,-124.27544768355915,-124.27544768355915,-1.0,-0.6153846153846154,-0.6153846153846154,-1.0,0.0,0.0,0.0,0.08787501297622756,0.08787501297622756,0.0,0.05448717948717948,0.05448717948717948
Jan Michael Gambill,1617.1963936098418,2004.3108141118028,1681.006569009762,1974.7742758707393,671.0,25.0,47.8,190.0,0,435,0.4,0.36,0.36,0.4,-76.18799471065154,-123.94453461159105,-208.78095229821542,-364.88811113806423,13.0,12.55,12.06,5.0,4.2,3.6,0.7663636363636364,0.7586100525717059,0.7511807568188896,0.6322222222222222,0.5931746031746031,0.5628550240609065
Patrik Langvardt,1649.3738994013609,1594.0105876931987,1640.7932794654428,1649.3738994013609,2000.0,0.0,53.5,185.67156964873536,0,13,0.6666666666666666,0.6666666666666666,0.6666666666666666,0.6666666666666666,36.36847316292187,36.36847316292187,36.36847316292187,36.36847316292187,-1.0,-1.0,-1.0,-1.0,-1.0,-1.0,0.0,0.0,0.0,0.0,0.0,0.0
Leandro Riedi,1419.7499075500864,1459.7404378151055,1402.4541565367977,1419.7499075500864,134.0,473.0,23.4,191.0,0,9,0.2,0.2222222222222222,0.2222222222222222,0.2222222222222222,19.74990755008639,19.74990755008639,19.74990755008639,19.74990755008639,4.2,4.222222222222222,4.222222222222222,3.6,3.7777777777777777,3.7777777777777777,0.6480231126266931,0.6471403039462147,0.6471403039462147,0.34523809523809523,0.5087181337181338,0.5087181337181338
Alexander Bublik,1684.777663972152,1523.1558544950162,1357.263300908694,1619.556410608865,33.0,1460.0,28.3,196.0,0,300,0.2,0.36,0.48,0.48,-180.2053680510196,-169.8520067354316,-122.85336952367106,-116.83664877108163,11.0,13.2,11.28,7.0,5.9,6.32,0.7783443544298335,0.7343056197677558,0.7348042993877166,0.5983333333333334,0.5493757631257632,0.579414663767605
Mike Bryan,1743.4951762621836,1730.9550588384482,1701.5337543084047,1729.3261021505177,2000.0,0.0,46.7,190.0,0,64,0.4,0.35714285714285715,0.35714285714285715,0.35714285714285715,28.595278598453206,28.595278598453206,28.595278598453206,28.595278598453206,2.0,2.9285714285714284,2.9285714285714284,1.8,2.5,2.5,0.683234633285187,0.6906085060193533,0.6906085060193533,0.39904761904761904,0.4744985173556602,0.4744985173556602
Dustin Brown,1696.5797873386587,1438.492625007424,1475.24446967191,1617.6210081323934,303.0,181.0,40.4,196.0,0,160,0.4,0.32,0.38,0.39,-38.25864800324712,-159.86924113795976,-115.81583014238504,-12.370269610052674,8.4,7.95,6.58,5.4,5.7,4.7,0.7435701279255817,0.7244299622139599,0.705023264587224,0.7571428571428571,0.5906953463203463,0.5469057331557332
Max Purcell,1570.652264755399,1507.0704364085238,1401.4265515855768,1517.8481767955236,97.0,585.0,27.3,185.0,0,83,0.4,0.4,0.4,0.37349397590361444,86.97572626878355,44.95065125961969,105.9200351281645,169.77639676015633,10.0,6.95,8.5,2.2,1.8,2.76,0.8194258622627542,0.745851048458481,0.7458108368186568,0.5,0.5285119047619048,0.583350122100122
John Bryan Decasa Otico,1377.693896136782,1423.8292213515006,1378.334593085845,1377.693896136782,2000.0,0.0,25.7,186.27336318231923,0,3,0.3333333333333333,0.3333333333333333,0.3333333333333333,0.3333333333333333,-22.306103863217913,-22.306103863217913,-22.306103863217913,-22.306103863217913,2.0,2.0,2.0,0.6666666666666666,0.6666666666666666,0.6666666666666666,0.6502976190476191,0.6502976190476191,0.6502976190476191,0.5555555555555555,0.5555555555555555,0.5555555555555555
Justin Oneal,1590.5774607245128,1590.5774607245128,1590.5774607245128,1590.5774607245128,748.0,21.0,47.7,185.67156964873536,0,10,0.0,0.0,0.0,0.0,0.0,0.0,0.0,0.0,0.0,0.0,0.0,0.0,0.0,0.0,0.0,0.0,0.0,0.0,0.0,0.0
Marcin Gawron,1393.3147649959644,1400.0,1393.3147649959644,1393.3147649959644,362.0,119.0,36.7,186.27336318231923,0,1,0.0,0.0,0.0,0.0,-6.685235004035576,-6.685235004035576,-6.685235004035576,-6.685235004035576,-1.0,-1.0,-1.0,-1.0,-1.0,-1.0,0.0,0.0,0.0,0.0,0.0,0.0
Blazej Koniusz,1398.4407857923875,1400.0,1398.4407857923875,1398.4407857923875,524.0,49.0,36.9,185.67156964873536,0,1,0.0,0.0,0.0,0.0,-1.5592142076125128,-1.5592142076125128,-1.5592142076125128,-1.5592142076125128,-1.0,-1.0,-1.0,-1.0,-1.0,-1.0,0.0,0.0,0.0,0.0,0.0,0.0
Scott Willinsky,1347.2543660960819,1386.4805853145065,1380.0281859718907,1347.2543660960819,2000.0,0.0,50.1,185.67156964873536,0,6,0.2,0.16666666666666666,0.16666666666666666,0.16666666666666666,-52.74563390391813,-52.74563390391813,-52.74563390391813,-52.74563390391813,-1.0,-1.0,-1.0,-1.0,-1.0,-1.0,0.0,0.0,0.0,0.0,0.0,0.0
Ricardo Mena,1374.6621692886201,1400.0,1400.0,1374.6621692886201,2000.0,0.0,53.4,186.27336318231923,0,1,0.0,0.0,0.0,0.0,-25.337830711379866,-25.337830711379866,-25.337830711379866,-25.337830711379866,-1.0,-1.0,-1.0,-1.0,-1.0,-1.0,0.0,0.0,0.0,0.0,0.0,0.0
Theodoros Angelinos,1414.5459362543038,1414.5459362543038,1414.5459362543038,1414.5459362543038,280.0,165.0,40.8,185.67156964873536,0,3,0.3333333333333333,0.3333333333333333,0.3333333333333333,0.3333333333333333,14.545936254303797,14.545936254303797,14.545936254303797,14.545936254303797,-1.0,-1.0,-1.0,-1.0,-1.0,-1.0,0.0,0.0,0.0,0.0,0.0,0.0
Facundo Bagnis,1527.439898153033,1396.7452277531197,1619.9373487592766,1326.9752877061344,136.0,460.0,35.1,183.0,1,130,0.6,0.4,0.32,0.33,21.138612281481983,66.6679482900065,-28.222449300175867,-22.663613063866705,4.6,4.75,5.1,1.4,2.3,2.48,0.6927029523255939,0.6145389753778061,0.6364886551431893,0.8118181818181819,0.5786688311688312,0.5579878487525547
Ante Pavic,1438.859415523434,1406.7514861155466,1395.6870231329417,1467.9218328357122,486.0,77.0,35.9,196.0,0,13,0.2,0.23076923076923078,0.23076923076923078,0.23076923076923078,38.85941552343411,38.85941552343411,38.85941552343411,38.85941552343411,12.0,11.0,11.0,4.4,5.461538461538462,5.461538461538462,0.7701998517572288,0.7533523796837037,0.7533523796837037,0.6495670995670995,0.5941253191253192,0.5941253191253192
Mike Urbanija,1365.8979538654012,1365.8979538654012,1365.8979538654012,1365.8979538654012,857.0,18.0,35.2,183.0,0,2,0.0,0.0,0.0,0.0,-34.10204613459882,-34.10204613459882,-34.10204613459882,-34.10204613459882,-1.0,-1.0,-1.0,-1.0,-1.0,-1.0,0.0,0.0,0.0,0.0,0.0,0.0
Cristian Garin,1677.8815877884317,1378.1257877659284,1690.6804881529897,1446.6307942474132,115.0,508.0,29.2,185.0,0,250,0.2,0.44,0.52,0.47,-69.34538877579098,-106.18864522353442,5.764779530909209,-84.92877183291239,5.8,4.15,4.16,4.0,4.05,3.3,0.7574067133100117,0.7219068448177153,0.7248144021357986,0.619047619047619,0.6623250360750361,0.5971601731601731
Konstantin Don Gruber,1699.7195617275106,1699.7195617275106,1699.7195617275106,1699.7195617275106,633.0,25.0,45.9,183.0,0,51,1.0,1.0,1.0,1.0,9.149725414527438,9.149725414527438,9.149725414527438,9.149725414527438,-1.0,-1.0,-1.0,-1.0,-1.0,-1.0,0.0,0.0,0.0,0.0,0.0,0.0
Jie Cui,1400.0,1400.0,1400.0,1400.0,583.0,60.0,27.6,183.0,0,0,0.0,0.0,0.0,0.0,0.0,0.0,0.0,0.0,0.0,0.0,0.0,0.0,0.0,0.0,0.0,0.0,0.0,0.0,0.0,0.0
Martijn Van Haasteren,1441.8080472814152,1425.4352033268513,1394.816123553187,1441.8080472814152,2000.0,0.0,44.8,185.67156964873536,0,5,0.6,0.6,0.6,0.6,41.808047281415156,41.808047281415156,41.808047281415156,41.808047281415156,-1.0,-1.0,-1.0,-1.0,-1.0,-1.0,0.0,0.0,0.0,0.0,0.0,0.0
Hady Habib,1468.8788711527325,1498.6371974565366,1328.8066423765806,1468.8788711527325,268.0,205.0,27.0,188.0,0,14,0.6,0.5714285714285714,0.5714285714285714,0.5714285714285714,68.87887115273247,68.87887115273247,68.87887115273247,68.87887115273247,1.0,2.4285714285714284,2.4285714285714284,0.4,1.4285714285714286,1.4285714285714286,0.23658536585365858,0.35034743037137833,0.35034743037137833,0.1956043956043956,0.2815934065934066,0.2815934065934066
Evgenii Tiurnev,1396.4814029574025,1396.4814029574025,1396.4814029574025,1396.4814029574025,304.0,167.0,28.5,191.0,0,1,0.0,0.0,0.0,0.0,-3.5185970425975484,-3.5185970425975484,-3.5185970425975484,-3.5185970425975484,6.0,6.0,6.0,3.0,3.0,3.0,0.6363636363636364,0.6363636363636364,0.6363636363636364,0.16666666666666666,0.16666666666666666,0.16666666666666666
Marton Fucsovics,1739.353722216138,1493.6132154710556,1541.9694103752959,1483.1808277486818,91.0,629.0,33.7,188.0,0,325,0.2,0.44,0.48,0.47,-25.689447171739403,-48.30640921186637,3.1433307132926984,-58.04003767379936,6.4,4.95,5.02,3.2,2.45,2.88,0.7065711785351254,0.7014818559655971,0.7152211689529436,0.7071794871794872,0.5471750471750472,0.5552654567654567
Slava Dosedel,1853.2012157328186,1941.837556495365,1908.7510326082295,1977.32385796,121.0,330.0,55.0,183.0,0,211,0.0,0.24,0.32,0.36065573770491804,-105.51235897090419,-143.88527271046337,-157.84713672784505,-106.99661943110686,2.2,1.85,1.72,2.8,3.7,2.88,0.5973982303465586,0.5981490477313246,0.5850307711763123,0.5290909090909091,0.5328297287507814,0.5265372549647149
Marcelo Arevalo,1623.9819141741987,1642.5544631101122,1372.8782085113269,1623.9819141741987,2000.0,0.0,34.8,193.0,0,47,1.0,0.84,0.6170212765957447,0.6170212765957447,89.04351161508657,350.2215209048934,223.98191417419866,223.98191417419866,-0.2,1.25,0.3617021276595745,-0.8,1.05,0.06382978723404255,0.18518518518518517,0.359072001879342,0.18603287873924967,0.0,0.24749458874458874,0.12659344201897393
Igor Sijsling,1561.0833392575191,1479.7113463264295,1404.3493112841409,1511.2602359415716,114.0,543.0,37.9,191.0,0,139,0.2,0.28,0.24,0.35,-20.175889899808453,-80.16864363327136,-201.2941238442745,-132.53942241580194,3.2,4.05,4.6,2.0,3.0,2.98,0.7088218498384533,0.6999280400733092,0.6867756478353592,0.3333333333333333,0.4608128676878677,0.48360220335220333
Jeff Morrison,1769.4441693410593,1712.994915325614,1601.3773859945459,1691.6001241424838,157.0,260.0,46.5,185.0,0,97,0.6,0.24,0.38,0.367816091954023,29.974205277447027,-104.51036180248707,-92.21578578319759,162.7612509277135,7.0,5.7,7.86,2.8,2.65,3.42,0.7494893994893995,0.6594293472396006,0.7287466011589855,0.39428571428571424,0.4098809523809524,0.526959595959596
Aziz Avganov,1400.0,1400.0,1400.0,1400.0,2000.0,0.0,41.5,185.67156964873536,0,0,0.0,0.0,0.0,0.0,0.0,0.0,0.0,0.0,0.0,0.0,0.0,0.0,0.0,0.0,0.0,0.0,0.0,0.0,0.0,0.0
Gvidas Sabeckis,1373.8264038506932,1400.0,1400.0,1373.8264038506932,564.0,72.0,41.2,185.67156964873536,0,1,0.0,0.0,0.0,0.0,-26.17359614930683,-26.17359614930683,-26.17359614930683,-26.17359614930683,-1.0,-1.0,-1.0,-1.0,-1.0,-1.0,0.0,0.0,0.0,0.0,0.0,0.0
Chris Numbers,1400.0,1400.0,1400.0,1400.0,2000.0,0.0,53.5,185.67156964873536,0,0,0.0,0.0,0.0,0.0,0.0,0.0,0.0,0.0,0.0,0.0,0.0,0.0,0.0,0.0,0.0,0.0,0.0,0.0,0.0,0.0
Milos Sekulic,1400.0,1400.0,1400.0,1400.0,891.0,16.0,35.9,178.0,0,0,0.0,0.0,0.0,0.0,0.0,0.0,0.0,0.0,0.0,0.0,0.0,0.0,0.0,0.0,0.0,0.0,0.0,0.0,0.0,0.0
Aqeel Khan,1472.4370379899428,1426.9366600514952,1368.6411423425795,1527.3229559798026,2000.0,0.0,45.6,186.27336318231923,0,70,0.6,0.64,0.46,0.4142857142857143,69.787635282662,103.58793174330867,64.53394325283534,72.43703798994284,3.4,3.65,0.86,2.6,2.5,0.4,0.48562460765850596,0.4507065985797619,0.18028263943190478,0.38428571428571423,0.409486036838978,0.1637944147355912
Janko Tipsarevic,1687.2595122599648,1495.3429778750954,1489.099497681633,1437.2813180061269,251.0,180.0,41.3,180.0,0,549,0.4,0.36,0.38,0.36,-27.20586154597504,-120.64143024731811,-121.37301181648218,-513.8938274846248,5.0,4.9,5.42,2.4,2.8,3.12,0.702165175116541,0.6904722872290608,0.7157780552827802,0.4314102564102564,0.5519235258205846,0.535348775407599
Benoit Paire,1455.8089839279194,1402.180542941942,1437.2153856347325,1420.4159416083955,227.0,261.0,36.1,196.0,0,540,0.4,0.16,0.24,0.29,-86.43090200450547,-189.632712202216,-134.77611361733238,-399.31385325444035,9.4,7.1,8.62,7.2,7.9,7.94,0.7182344619075354,0.6974313922340707,0.730586454018034,0.5106545628284758,0.4360854363028276,0.5358292173867621
Russell Moseley,1377.8856526380687,1377.8856526380687,1377.8856526380687,1377.8856526380687,2000.0,0.0,40.2,185.67156964873536,0,1,0.0,0.0,0.0,0.0,-22.114347361931323,-22.114347361931323,-22.114347361931323,-22.114347361931323,-1.0,-1.0,-1.0,-1.0,-1.0,-1.0,0.0,0.0,0.0,0.0,0.0,0.0
Stefanos Sakellaridis,1400.5305469347834,1400.5305469347834,1400.5305469347834,1400.5305469347834,416.0,113.0,20.2,196.0,0,3,0.3333333333333333,0.3333333333333333,0.3333333333333333,0.3333333333333333,0.5305469347833878,0.5305469347833878,0.5305469347833878,0.5305469347833878,4.666666666666667,4.666666666666667,4.666666666666667,1.0,1.0,1.0,0.638974358974359,0.638974358974359,0.638974358974359,0.637037037037037,0.637037037037037,0.637037037037037
Miles Maclagan,1679.211378594817,1697.2664974977745,1697.2664974977745,1697.2664974977745,561.0,32.0,50.8,180.0,0,52,0.0,0.0,0.0,0.0,-18.055118902957474,-18.055118902957474,-18.055118902957474,-18.055118902957474,9.0,9.0,9.0,6.5,6.5,6.5,0.3902439024390244,0.3902439024390244,0.3902439024390244,0.35714285714285715,0.35714285714285715,0.35714285714285715
Mikelis Libietis,1346.179185345856,1376.2390725848795,1391.1677148330643,1346.179185345856,380.0,115.0,32.5,193.0,0,6,0.2,0.16666666666666666,0.16666666666666666,0.16666666666666666,-53.82081465414399,-53.82081465414399,-53.82081465414399,-53.82081465414399,4.8,3.8333333333333335,3.8333333333333335,3.2,2.5,2.5,0.2597105864432597,0.21642548870271647,0.21642548870271647,0.2618421052631579,0.2182017543859649,0.2182017543859649
Mark Lajal,1374.1133218485165,1448.2695243507949,1376.0275040882789,1400.0,224.0,260.0,22.3,191.0,0,5,0.2,0.2,0.2,0.2,-25.886678151483466,-25.886678151483466,-25.886678151483466,-25.886678151483466,4.0,4.0,4.0,0.6,0.6,0.6,0.4456389986824769,0.4456389986824769,0.4456389986824769,0.5,0.5,0.5
Luis Horna,1707.547914691112,1748.5203335891554,1936.0162934574246,1757.7287549842363,319.0,149.0,44.9,180.0,0,327,0.6,0.4,0.44,0.48,-140.98020213108475,-98.91136444391873,-157.51931427083719,-136.4049605610378,0.2,2.55,3.52,0.2,1.95,1.94,0.125,0.5175615522441681,0.5957032961654339,0.09090909090909097,0.36713203463203464,0.41176800976800976
Mousa Shanan Zayed,1398.3544466875264,1398.3544466875264,1398.3544466875264,1398.3544466875264,2129.0,1.0,31.8,185.67156964873536,0,1,0.0,0.0,0.0,0.0,-1.6455533124735666,-1.6455533124735666,-1.6455533124735666,-1.6455533124735666,0.0,0.0,0.0,1.0,1.0,1.0,0.3,0.3,0.3,0.3333333333333333,0.3333333333333333,0.3333333333333333
Lays Salim,1400.0,1400.0,1400.0,1400.0,2000.0,0.0,50.1,185.67156964873536,0,0,0.0,0.0,0.0,0.0,0.0,0.0,0.0,0.0,0.0,0.0,0.0,0.0,0.0,0.0,0.0,0.0,0.0,0.0,0.0,0.0
Bu Yunchaokete,1630.7703267728361,1662.1576256888231,1400.0,1630.7703267728361,72.0,749.0,23.7,185.0,0,17,0.6,0.5882352941176471,0.5882352941176471,0.5882352941176471,230.77032677283614,230.77032677283614,230.77032677283614,230.77032677283614,5.2,6.588235294117647,6.588235294117647,1.6,1.411764705882353,1.411764705882353,0.7504225751559842,0.7112124787717733,0.7112124787717733,0.6977777777777778,0.5454248366013071,0.5454248366013071
Richey Reneberg,1833.821992293912,1833.821992293912,1833.821992293912,1833.821992293912,204.0,165.0,59.3,180.0,0,51,1.0,1.0,1.0,1.0,25.427403127899197,25.427403127899197,25.427403127899197,25.427403127899197,5.0,5.0,5.0,1.0,1.0,1.0,0.7857142857142857,0.7857142857142857,0.7857142857142857,1.0,1.0,1.0
Sekou Bangoura,1400.0,1400.0,1400.0,1400.0,313.0,153.0,33.7,183.0,0,0,0.0,0.0,0.0,0.0,0.0,0.0,0.0,0.0,0.0,0.0,0.0,0.0,0.0,0.0,0.0,0.0,0.0,0.0,0.0,0.0
Scott Draper,1863.4080576303754,1950.9685814264872,1787.5581652206185,1835.6010458744843,787.0,16.0,51.0,178.0,1,107,0.2,0.44,0.36,0.3508771929824561,49.84938169089787,65.2453578931952,57.18326736117001,19.66427388131433,8.0,7.15,7.14,3.2,2.2,2.4,0.6771615312791783,0.7319914848632453,0.6803339781387565,0.5523809523809524,0.5989285714285714,0.5080894383394383
Jiri Vesely,1663.0562971599804,1422.1795347901248,1462.4325972820582,1602.8353543606602,293.0,188.0,31.5,198.0,1,314,0.4,0.44,0.38,0.45,14.755462646158776,-47.3080940963614,-126.02540833089938,-134.13121097179737,13.6,11.9,11.22,6.6,6.85,5.16,0.7512131819604256,0.7125969410162958,0.7471078899757392,0.4906060606060606,0.6079202741702742,0.6151572871572871
Denis Matsukevitch,1439.8022472812988,1400.0,1400.0,1439.8022472812988,364.0,91.0,39.2,190.0,0,3,0.3333333333333333,0.3333333333333333,0.3333333333333333,0.3333333333333333,39.80224728129883,39.80224728129883,39.80224728129883,39.80224728129883,2.6666666666666665,2.6666666666666665,2.6666666666666665,1.6666666666666667,1.6666666666666667,1.6666666666666667,0.631551724137931,0.631551724137931,0.631551724137931,0.6707070707070707,0.6707070707070707,0.6707070707070707
Hyung Taik Lee,1731.7789194009067,1797.237200645986,1777.993927876774,1848.3616329961037,153.0,466.0,49.5,180.0,0,351,0.4,0.4,0.48,0.48,-192.33436334886437,-227.59001830171542,-161.31548463489798,-182.11007745736583,0.8,1.6,2.54,0.4,1.65,1.9,0.3786737400530504,0.5163579937023595,0.5743876920109009,0.27393939393939404,0.42063228438228445,0.4196247624924095
Isak Arvidsson,1336.478718976688,1345.8170245702372,1400.0,1336.478718976688,569.0,57.0,32.4,188.0,0,7,0.0,0.0,0.0,0.0,-63.521281023311985,-63.521281023311985,-63.521281023311985,-63.521281023311985,3.6,2.2857142857142856,2.2857142857142856,3.4,2.142857142857143,2.142857142857143,0.3648189005331862,0.26058492895227586,0.26058492895227586,0.3519140989729225,0.2513672135520875,0.2513672135520875
Melvin Tong,1553.033289847419,1556.9616301932874,1566.017592260695,1553.033289847419,928.0,6.0,50.1,185.67156964873536,0,15,0.4,0.4,0.4,0.4,-12.984302413276055,-12.984302413276055,-12.984302413276055,-12.984302413276055,-0.8,-0.8,-0.8,0.0,0.0,0.0,0.1,0.1,0.1,0.08888888888888888,0.08888888888888888,0.08888888888888888
Borna Gojo,1638.845308175151,1689.029290483861,1419.0508461426998,1383.1557523536223,439.0,98.0,27.5,196.0,0,41,0.4,0.52,0.4634146341463415,0.4634146341463415,4.87969145229431,200.5254753561187,238.8453081751511,238.8453081751511,9.8,12.2,10.146341463414634,2.6,2.65,3.1707317073170733,0.7324196066931001,0.7273224614077711,0.6769693484894391,0.5666666666666668,0.5331822344322343,0.5337563182075377
Jose Bernard,1409.8226790115273,1400.0,1383.0221831533593,1409.8226790115273,2000.0,0.0,44.5,186.27336318231923,0,2,0.5,0.5,0.5,0.5,9.82267901152727,9.82267901152727,9.82267901152727,9.82267901152727,-1.0,-1.0,-1.0,-1.0,-1.0,-1.0,0.0,0.0,0.0,0.0,0.0,0.0
Paul Henri Mathieu,1535.4922991077856,1553.5009763844355,1647.2774654686195,1590.0497556984203,252.0,200.0,43.6,185.0,0,593,0.0,0.32,0.38,0.4,-169.93916533844094,-164.4157291830668,-171.75274220198185,-126.55247687499786,3.6,4.8,4.98,2.6,4.15,3.96,0.6559477124183007,0.7138841289790246,0.6893488754732072,0.4583333333333332,0.50125,0.5333206793206793
Jesus Francisco Felix,1393.4980865331802,1375.7434902667555,1446.6130277929203,1393.4980865331802,2000.0,0.0,44.8,185.67156964873536,0,4,0.5,0.5,0.5,0.5,-6.501913466819815,-6.501913466819815,-6.501913466819815,-6.501913466819815,-1.0,-1.0,-1.0,-1.0,-1.0,-1.0,0.0,0.0,0.0,0.0,0.0,0.0
Robin Kern,1393.1598564394926,1393.1598564394926,1393.1598564394926,1393.1598564394926,392.0,98.0,31.7,188.0,0,2,0.0,0.0,0.0,0.0,-6.840143560507386,-6.840143560507386,-6.840143560507386,-6.840143560507386,3.5,3.5,3.5,5.5,5.5,5.5,0.6524493243243243,0.6524493243243243,0.6524493243243243,0.6098484848484849,0.6098484848484849,0.6098484848484849
Greg Jones,1361.5986615067602,1366.1699201216604,1361.5986615067602,1400.0,373.0,108.0,35.9,190.0,0,5,0.0,0.0,0.0,0.0,-38.40133849323979,-38.40133849323979,-38.40133849323979,-38.40133849323979,8.0,8.0,8.0,3.6,3.6,3.6,0.6762714542803193,0.6762714542803193,0.6762714542803193,0.6301587301587301,0.6301587301587301,0.6301587301587301
Marc Rosset,1779.238886212246,1959.3661514878509,1890.008481629881,1963.3768950792844,140.0,308.0,54.9,201.0,0,438,0.2,0.4,0.4,0.38,-65.69684452603974,-101.41238847389127,-95.25297660858769,-285.0587393885037,7.8,9.65,11.4,5.6,6.05,6.78,0.7526479612117435,0.7597462901096087,0.7733523885674584,0.518095238095238,0.5994642857142857,0.5900993684677895
Robert Lindstedt,1651.973530492149,1667.426122077929,1651.973530492149,1651.973530492149,2000.0,0.0,48.2,190.0,0,11,0.0,0.0,0.0,0.0,-15.452591585780056,-15.452591585780056,-15.452591585780056,-15.452591585780056,-1.0,-1.0,-1.0,-1.0,-1.0,-1.0,0.0,0.0,0.0,0.0,0.0,0.0
Alexandre Muller,1624.9366849381802,1475.1604057765894,1498.5178134153114,1425.214052204463,68.0,790.0,28.7,183.0,0,65,0.6,0.52,0.38,0.4153846153846154,15.587678810996294,49.01847326433585,23.099405840724557,224.93668493818018,3.2,3.55,3.66,0.6,1.8,1.88,0.6894871245107094,0.6763884626936288,0.6633946662841275,0.5485714285714285,0.5491688866688866,0.5079796314796315
Gabriel Flores Ruiz,1351.6822246379172,1351.6822246379172,1351.6822246379172,1351.6822246379172,2000.0,0.0,33.0,185.67156964873536,0,4,0.25,0.25,0.25,0.25,-48.317775362082784,-48.317775362082784,-48.317775362082784,-48.317775362082784,-1.0,-1.0,-1.0,-1.0,-1.0,-1.0,0.0,0.0,0.0,0.0,0.0,0.0
Florin Mergea,1485.0301171731232,1397.167132571464,1440.2054219496813,1423.266976386459,2000.0,0.0,40.4,180.0,0,6,0.4,0.5,0.5,0.5,85.03011717312324,85.03011717312324,85.03011717312324,85.03011717312324,0.6,0.6666666666666666,0.6666666666666666,1.4,2.6666666666666665,2.6666666666666665,0.3945021645021645,0.47603862545723014,0.47603862545723014,0.19166666666666665,0.24305555555555555,0.24305555555555555
Artem Dubrivnyy,1400.0,1400.0,1400.0,1400.0,424.0,80.0,26.7,183.0,0,0,0.0,0.0,0.0,0.0,0.0,0.0,0.0,0.0,0.0,0.0,0.0,0.0,0.0,0.0,0.0,0.0,0.0,0.0,0.0,0.0
Iztok Bozic,1753.724957624961,1723.0151196022875,1717.7308832690342,1753.724957624961,567.0,33.0,53.7,185.67156964873536,0,54,0.75,0.75,0.75,0.75,30.709838022673466,30.709838022673466,30.709838022673466,30.709838022673466,-0.75,-0.75,-0.75,0.5,0.5,0.5,0.1554054054054054,0.1554054054054054,0.1554054054054054,0.1111111111111111,0.1111111111111111,0.1111111111111111
Oscar Posada,1436.5566937775086,1400.0,1400.0,1436.5566937775086,2000.0,0.0,41.8,185.67156964873536,0,1,1.0,1.0,1.0,1.0,36.5566937775086,36.5566937775086,36.5566937775086,36.5566937775086,-1.0,-1.0,-1.0,-1.0,-1.0,-1.0,0.0,0.0,0.0,0.0,0.0,0.0
Xavier Lawrence,1400.0,1400.0,1400.0,1400.0,2000.0,0.0,26.1,185.67156964873536,0,0,0.0,0.0,0.0,0.0,0.0,0.0,0.0,0.0,0.0,0.0,0.0,0.0,0.0,0.0,0.0,0.0,0.0,0.0,0.0,0.0
Yosuke Watanuki,1571.3682832051556,1463.210107658173,1468.9345286981,1473.7933424423666,336.0,149.0,27.4,180.0,0,36,0.0,0.36,0.4166666666666667,0.4166666666666667,18.694622317712856,151.4627738707925,171.36828320515565,171.36828320515565,10.8,11.6,9.305555555555555,3.6,4.2,4.166666666666667,0.8015909999560022,0.7446422163802989,0.7614029520003567,0.46060606060606063,0.6289366189366189,0.6024339857673191
Raphael Collignon,1383.17170832041,1383.17170832041,1383.17170832041,1383.17170832041,164.0,358.0,23.7,191.0,0,2,0.0,0.0,0.0,0.0,-30.4877727005221,-30.4877727005221,-30.4877727005221,-30.4877727005221,4.5,4.5,4.5,5.5,5.5,5.5,0.746264367816092,0.746264367816092,0.746264367816092,0.6785714285714286,0.6785714285714286,0.6785714285714286
Abedallah Shelbayh,1371.4445329258426,1402.990029694207,1405.4220866298972,1383.7397886122,230.0,265.0,21.3,180.0,1,13,0.2,0.23076923076923078,0.23076923076923078,0.23076923076923078,-28.555467074157377,-28.555467074157377,-28.555467074157377,-28.555467074157377,5.4,4.384615384615385,4.384615384615385,3.2,3.6923076923076925,3.6923076923076925,0.6833655824178961,0.6718461783662601,0.6718461783662601,0.4976190476190476,0.563086913086913,0.563086913086913
Bastian Trinker,1397.1740910881708,1397.1740910881708,1397.1740910881708,1397.1740910881708,417.0,96.0,35.1,191.0,0,1,0.0,0.0,0.0,0.0,-2.825908911829174,-2.825908911829174,-2.825908911829174,-2.825908911829174,3.0,3.0,3.0,3.0,3.0,3.0,0.7317073170731707,0.7317073170731707,0.7317073170731707,0.4,0.4,0.4
Oleg Ogorodov,1847.648259063062,1829.1482329335956,1900.8644401829724,1847.648259063062,195.0,177.0,52.7,193.0,0,78,0.6,0.48,0.5,0.5,-24.581135664008798,-16.179561575183243,-16.179561575183243,-16.179561575183243,2.8,2.25,1.6071428571428572,0.6,0.6,0.6785714285714286,0.39111111111111113,0.3422142016875176,0.2889249310299311,0.3503496503496503,0.2598359973359973,0.24016063301777588
Kaichi Uchida,1451.5044161731241,1412.1851147081977,1451.5044161731241,1400.0,155.0,348.0,31.1,180.0,0,4,0.5,0.5,0.5,0.5,51.50441617312413,51.50441617312413,51.50441617312413,51.50441617312413,5.0,5.0,5.0,3.5,3.5,3.5,0.7146520146520147,0.7146520146520147,0.7146520146520147,0.6511904761904762,0.6511904761904762,0.6511904761904762
Juan Pablo Guzman,1615.673955439188,1686.7269657742152,1617.2360152050474,1685.3227318544707,132.0,321.0,44.5,178.0,1,32,0.2,0.2727272727272727,0.2727272727272727,0.2727272727272727,-78.47238838346993,-74.3747268006382,-74.3747268006382,-74.3747268006382,4.0,2.7,2.727272727272727,2.6,2.45,2.6818181818181817,0.6887697513865725,0.6141056067702,0.6232890842630595,0.5171428571428571,0.5093181818181818,0.5368801652892562
Greg Rusedski,1768.0195295852716,2039.5072468401545,1886.2420182658852,2201.306496934547,136.0,310.0,52.0,193.0,1,591,0.2,0.32,0.5,0.54,-135.25438931049734,-209.32333637171996,-116.37396759593935,-180.1392634262204,6.8,5.05,7.46,4.2,4.0,5.02,0.6788441558441558,0.593868144272646,0.7109715833525216,0.5166666666666666,0.4539393939393939,0.5583614718614719
Rodrigo Banzer,1380.6926518343375,1400.0,1400.0,1380.6926518343375,2000.0,0.0,28.0,186.27336318231923,0,1,0.0,0.0,0.0,0.0,-19.30734816566246,-19.30734816566246,-19.30734816566246,-19.30734816566246,-1.0,-1.0,-1.0,-1.0,-1.0,-1.0,0.0,0.0,0.0,0.0,0.0,0.0
Mads Gottlieb,1566.017592260695,1566.017592260695,1566.017592260695,1566.017592260695,1225.0,2.0,45.2,185.67156964873536,0,10,0.0,0.0,0.0,0.0,0.0,0.0,0.0,0.0,0.0,0.0,0.0,0.0,0.0,0.0,0.0,0.0,0.0,0.0,0.0,0.0
Bernard Tomic,1646.9656330266505,1643.8139773485534,1171.2379508789563,1647.768212993239,233.0,253.0,32.3,196.0,0,370,0.2,0.36,0.4,0.43,-73.07693277049066,-81.65553626766336,-136.2725364812552,-231.33049589051643,7.8,8.65,8.54,2.6,2.2,1.82,0.695018115942029,0.6841784598087701,0.6991495291194049,0.5582159017453135,0.5409525768349297,0.5927785776315188
Reilly Opelka,1712.3643794060256,1726.9865604348474,1448.9822717003203,1334.7064627573802,309.0,167.0,28.0,211.0,0,187,0.4,0.44,0.56,0.51,-98.58285133646268,-125.71164233111926,-15.135695315971134,-95.81593945735335,21.8,18.2,16.84,4.8,3.55,2.54,0.7943527869402626,0.790628090559118,0.7964758851753273,0.7257342657342658,0.6269025419025419,0.5797341547341547
Gijs Brouwer,1589.2378342528143,1516.3125162099373,1483.6945767350794,1436.8825850985486,190.0,317.0,29.2,191.0,1,26,0.4,0.48,0.5,0.5,18.218630280818843,189.2378342528143,189.2378342528143,189.2378342528143,5.0,5.05,4.730769230769231,2.2,2.7,2.576923076923077,0.698570754940454,0.718626024862379,0.7264220117604248,0.6869949494949494,0.5278598484848485,0.590722471972472
Mohd Assri Merzuki,1402.016210044007,1375.0,1402.016210044007,1402.016210044007,2000.0,0.0,30.1,185.67156964873536,0,2,0.5,0.5,0.5,0.5,2.016210044007039,2.016210044007039,2.016210044007039,2.016210044007039,3.0,3.0,3.0,7.0,7.0,7.0,0.35135135135135137,0.35135135135135137,0.35135135135135137,0.19230769230769232,0.19230769230769232,0.19230769230769232
Adel Al Shatti,1400.0,1400.0,1400.0,1400.0,2000.0,0.0,52.4,185.67156964873536,0,0,0.0,0.0,0.0,0.0,0.0,0.0,0.0,0.0,0.0,0.0,0.0,0.0,0.0,0.0,0.0,0.0,0.0,0.0,0.0,0.0
Soon Woo Kwon,1587.9178768862357,1543.2710782622476,1470.5063351731046,1405.0250586013867,344.0,145.0,27.7,180.0,0,135,0.2,0.36,0.38,0.47,-197.1238557964425,-61.62931835853101,-122.74190861928173,-9.360591746710725,4.4,4.85,4.62,4.8,3.1,2.72,0.6582068801905564,0.6121406852335518,0.6201250735710814,0.5884615384615384,0.5012820512820513,0.5089252969252969
Albert Portas,1663.3274579365893,1748.4727327010853,1946.556893905104,1853.4294448102578,131.0,340.0,51.4,188.0,0,369,0.4,0.4,0.32,0.31,98.97827908773615,69.49293428387386,-17.24734224620488,-198.84506149570393,2.8,4.45,4.04,0.6,2.55,3.28,0.40560846560846564,0.6414985331054333,0.6624908199946531,0.175,0.502313936063936,0.5323846153846153
Gino Meeuwsen,1400.0,1400.0,1400.0,1400.0,2000.0,0.0,33.0,185.67156964873536,0,0,0.0,0.0,0.0,0.0,0.0,0.0,0.0,0.0,0.0,0.0,0.0,0.0,0.0,0.0,0.0,0.0,0.0,0.0,0.0,0.0
Sergio Galdos,1489.7538651937257,1489.7538651937257,1489.7538651937257,1489.7538651937257,860.0,17.0,35.0,180.0,0,4,1.0,1.0,1.0,1.0,89.75386519372569,89.75386519372569,89.75386519372569,89.75386519372569,-1.0,-1.0,-1.0,-1.0,-1.0,-1.0,0.0,0.0,0.0,0.0,0.0,0.0
Pablo Andujar,1516.286905768811,1371.9101949319142,1685.7473375499635,1280.1031877534526,323.0,155.0,39.2,180.0,0,407,0.2,0.36,0.38,0.39,-135.83520774475437,-75.9608394444972,-84.74628621786428,-98.46282863416786,1.8,1.35,1.58,4.2,4.95,4.24,0.5544576074332171,0.6229283276298745,0.6150935517044993,0.529047619047619,0.4583549783549783,0.4992559906553715
Feliciano Lopez,1388.450365225822,1526.846481330262,1491.4227878246343,1906.4877420721848,634.0,45.0,43.7,188.0,1,1052,0.4,0.2,0.3,0.37,-95.87892747516617,-244.79066053289694,-322.65520818949676,-369.9180054374351,11.2,10.2,10.84,4.8,5.2,5.0,0.7717613473641357,0.7549091454279538,0.7719474840163677,0.610952380952381,0.6327525252525252,0.5743506493506493
Joaquin  Aguilar Cardozo ,1429.3461955539487,1429.3461955539487,1429.3461955539487,1429.3461955539487,851.0,22.0,20.4,185.67156964873536,0,3,0.6666666666666666,0.6666666666666666,0.6666666666666666,0.6666666666666666,29.346195553948746,29.346195553948746,29.346195553948746,29.346195553948746,0.0,0.0,0.0,1.0,1.0,1.0,0.36705767350928636,0.36705767350928636,0.36705767350928636,0.3333333333333333,0.3333333333333333,0.3333333333333333
Mikk Irdoja,1400.0,1400.0,1400.0,1400.0,2000.0,0.0,37.9,185.67156964873536,0,0,0.0,0.0,0.0,0.0,0.0,0.0,0.0,0.0,0.0,0.0,0.0,0.0,0.0,0.0,0.0,0.0,0.0,0.0,0.0,0.0
Sherif Sabry,1354.0777375907285,1340.9112718972751,1422.4637657811982,1354.0777375907285,430.0,90.0,38.4,185.67156964873536,0,16,0.2,0.3125,0.3125,0.3125,-45.922262409271525,-45.922262409271525,-45.922262409271525,-45.922262409271525,-0.6,-0.875,-0.875,-0.6,-0.875,-0.875,0.11914893617021276,0.03723404255319149,0.03723404255319149,0.08333333333333334,0.026041666666666668,0.026041666666666668
Glenn Weiner,1731.0535963005373,1733.545229123645,1731.0535963005373,1730.960893373376,230.0,153.0,48.8,188.0,0,79,0.4,0.32,0.3448275862068966,0.3448275862068966,-32.30036722271575,-11.822463655993488,-11.822463655993488,-11.822463655993488,5.8,8.7,8.758620689655173,4.6,4.7,4.586206896551724,0.7833333333333334,0.7406144939610506,0.7347168484547129,0.5330158730158729,0.45391788766788765,0.46354813768606873
Juan Lorenzo Gonzalez,1400.0,1400.0,1400.0,1400.0,2000.0,0.0,50.5,186.27336318231923,0,0,0.0,0.0,0.0,0.0,0.0,0.0,0.0,0.0,0.0,0.0,0.0,0.0,0.0,0.0,0.0,0.0,0.0,0.0,0.0,0.0
Nick Lindahl,1415.8492687567245,1420.9311746679764,1400.0,1415.8492687567245,244.0,188.0,36.9,183.0,0,8,0.0,0.125,0.125,0.125,15.849268756724541,15.849268756724541,15.849268756724541,15.849268756724541,3.8,3.875,3.875,2.6,2.25,2.25,0.6597538030491142,0.6377682048277743,0.6377682048277743,0.5264102564102565,0.43039529914529917,0.43039529914529917
Gabriel Diallo,1593.77567966655,1626.2431463047624,1400.0,1393.412496552533,86.0,643.0,24.1,203.0,0,25,0.8,0.44,0.44,0.44,201.56176203348537,193.7756796665501,193.7756796665501,193.7756796665501,7.0,8.6,8.24,1.0,2.6,2.8,0.7626507335335858,0.7154803388222677,0.6855455039497691,0.8868421052631579,0.5558771929824562,0.5140350877192982
Fadi Youssef,1391.4228707318277,1400.0,1391.4228707318277,1391.4228707318277,2000.0,0.0,47.8,185.67156964873536,0,1,0.0,0.0,0.0,0.0,-8.577129268172257,-8.577129268172257,-8.577129268172257,-8.577129268172257,-1.0,-1.0,-1.0,-1.0,-1.0,-1.0,0.0,0.0,0.0,0.0,0.0,0.0
Kenny De Schepper,1590.52275042722,1481.1041035314793,1347.7372090421284,1550.828945238118,186.0,298.0,38.3,203.0,1,87,0.4,0.32,0.32,0.3103448275862069,14.960223116444467,32.88084670041735,32.34535961929055,190.52275042722,4.4,5.1,7.1,2.4,2.55,3.5,0.7509191185462372,0.680364612595013,0.7037102636794423,0.5399999999999999,0.5909333721833722,0.5896092796092796
Wishaya Trongcharoenchaikul,1484.3840115157739,1463.1487519108352,1432.609862601005,1376.363197737179,780.0,29.0,29.8,193.0,0,22,0.4,0.5454545454545454,0.5454545454545454,0.5454545454545454,135.6424287028699,84.38401151577386,84.38401151577386,84.38401151577386,4.8,7.75,6.954545454545454,1.8,4.3,3.8181818181818183,0.5343906810035842,0.6507800497909753,0.5916182270827047,0.49606837606837606,0.5431404706404706,0.49376406421860963
Fernando Romboli,1400.0,1400.0,1400.0,1400.0,244.0,198.0,36.0,180.0,0,0,0.0,0.0,0.0,0.0,0.0,0.0,0.0,0.0,0.0,0.0,0.0,0.0,0.0,0.0,0.0,0.0,0.0,0.0,0.0,0.0
Jose Rubin Statham,1436.4855780884386,1426.750318935841,1440.278539676013,1377.2045414773113,837.0,23.0,38.3,180.0,0,49,0.4,0.24,0.46938775510204084,0.46938775510204084,-136.5208195950745,-136.04099877475437,36.485578088438615,36.485578088438615,5.2,2.75,1.0,2.4,1.6,0.3877551020408163,0.7083371360847516,0.43641846136030804,0.23500311910750077,0.46571428571428564,0.2955681818181818,0.1752886002886003
Matic Kriznik,1423.2777724390241,1400.0,1400.0,1423.2777724390241,1274.0,5.0,19.4,185.67156964873536,1,1,1.0,1.0,1.0,1.0,23.277772439024147,23.277772439024147,23.277772439024147,23.277772439024147,-1.0,-1.0,-1.0,-1.0,-1.0,-1.0,0.0,0.0,0.0,0.0,0.0,0.0
Sebastian Korda,1956.0351438144376,1772.1471797259794,1498.897250087801,1518.1649737846424,16.0,2545.0,25.1,196.0,0,204,0.6,0.72,0.62,0.62,90.4727594494093,94.53842172468308,83.43387092776084,65.86447133675779,4.0,6.55,7.84,1.6,1.35,1.62,0.5708136298636941,0.7242995053520074,0.7293531630618912,0.5183838383838385,0.5792388167388167,0.555041847041847
Cedric Pioline,1880.462171441264,2087.8157110072857,2162.302549798968,2089.250398440845,120.0,340.0,56.3,188.0,0,416,0.2,0.4,0.4,0.49,-53.11233934436518,-95.57985061592831,-131.95053072746737,-274.8868287571852,4.8,5.0,6.66,3.8,4.15,4.56,0.5918201911589008,0.6675759474179317,0.6896964882523453,0.5111111111111111,0.49301587301587296,0.5255980452296242
Francisco Fogues,1726.655218039947,1726.655218039947,1726.655218039947,1726.655218039947,333.0,102.0,47.7,190.0,1,52,0.5,0.5,0.5,0.5,20.576335906867826,20.576335906867826,20.576335906867826,20.576335906867826,2.0,2.0,2.0,3.0,3.0,3.0,0.5850951374207187,0.5850951374207187,0.5850951374207187,0.4567307692307692,0.4567307692307692,0.4567307692307692
Adolfo Daniel Vallejo,1428.6762067403445,1428.6762067403445,1428.6762067403445,1428.6762067403445,2000.0,0.0,21.3,183.0,0,3,0.6666666666666666,0.6666666666666666,0.6666666666666666,0.6666666666666666,28.67620674034447,28.67620674034447,28.67620674034447,28.67620674034447,-1.0,-1.0,-1.0,-1.0,-1.0,-1.0,0.0,0.0,0.0,0.0,0.0,0.0
Joao Sousa,1523.3237120528227,1555.2413380485698,1417.5743622445661,1365.92311910419,272.0,209.0,36.0,185.0,0,483,0.4,0.32,0.38,0.35,-35.46287961929397,-65.18180477087958,59.79532338632225,-218.05410213891514,1.4,1.05,2.82,1.0,1.3,1.98,0.47944237661979605,0.4614042933614625,0.5966538504372608,0.4351587301587303,0.3590782828282828,0.47601726704667885
Elbert Sie,1368.5559796548307,1368.5559796548307,1368.5559796548307,1368.5559796548307,1421.0,3.0,37.3,185.67156964873536,0,11,0.2,0.36363636363636365,0.36363636363636365,0.36363636363636365,-31.444020345169292,-31.444020345169292,-31.444020345169292,-31.444020345169292,-1.0,-1.0,-1.0,-1.0,-1.0,-1.0,0.0,0.0,0.0,0.0,0.0,0.0
Jacob Adaktusson,1665.0433926774226,1665.0433926774226,1665.0433926774226,1665.0433926774226,265.0,133.0,44.3,193.0,0,10,0.0,0.0,0.0,0.0,0.0,0.0,0.0,0.0,0.0,0.0,0.0,0.0,0.0,0.0,0.0,0.0,0.0,0.0,0.0,0.0
Carlos Avellan,1519.7639841271061,1559.5937196561936,1561.8355041649259,1519.7639841271061,321.0,205.0,42.9,186.27336318231923,0,26,0.6,0.5,0.5,0.5,-94.98057820632994,-94.98057820632994,-94.98057820632994,-94.98057820632994,-1.0,-1.0,-1.0,-1.0,-1.0,-1.0,0.0,0.0,0.0,0.0,0.0,0.0
Kevin Krawietz,1386.7218486368633,1400.0,1388.8651830350295,1400.0,2000.0,0.0,33.0,188.0,0,5,0.2,0.2,0.2,0.2,-13.278151363136658,-13.278151363136658,-13.278151363136658,-13.278151363136658,3.8,3.8,3.8,3.0,3.0,3.0,0.7127304216316425,0.7127304216316425,0.7127304216316425,0.36833333333333335,0.36833333333333335,0.36833333333333335
Peerakiat Siriluethaiwattana,1397.0260435657651,1397.0260435657651,1397.0260435657651,1397.0260435657651,1194.0,5.0,36.1,185.67156964873536,1,6,0.4,0.3333333333333333,0.3333333333333333,0.3333333333333333,-2.9739564342348785,-2.9739564342348785,-2.9739564342348785,-2.9739564342348785,-1.0,-0.8333333333333334,-0.8333333333333334,-1.0,-0.6666666666666666,-0.6666666666666666,0.0,0.08823529411764706,0.08823529411764706,0.0,0.07407407407407407,0.07407407407407407
Balazs Veress,1618.5942707571369,1618.5942707571369,1618.5942707571369,1618.5942707571369,1321.0,2.0,44.7,186.27336318231923,0,10,0.0,0.0,0.0,0.0,0.0,0.0,0.0,0.0,0.0,0.0,0.0,0.0,0.0,0.0,0.0,0.0,0.0,0.0,0.0,0.0
Ugo Humbert,1794.1557894569403,1889.3029828059105,1277.5177071529874,1580.4192455868258,18.0,2385.0,27.3,188.0,1,265,0.4,0.52,0.56,0.6,-68.96077624642976,-142.56062013500696,-89.8669027292442,156.0797020780101,9.4,7.8,6.74,2.4,2.55,1.9,0.759606783253842,0.7500572361174808,0.7375846248687901,0.8305555555555555,0.6537003274503275,0.6543491785991786
Agustin Calleri,1656.8078832128822,1778.3688768777622,1936.9174261793507,1734.3415870815036,148.0,495.0,48.7,183.0,0,442,0.2,0.32,0.4,0.45,-149.40566443280727,-158.006855504422,-237.61493684125776,-344.704463301985,2.8,6.95,7.06,4.0,4.1,3.56,0.6332421964000912,0.7288211391671331,0.7020809132813901,0.4743434343434343,0.5498385642135643,0.5398343878343879
Petr Nesterov,1423.3002723042628,1400.0,1400.0,1423.3002723042628,413.0,112.0,22.5,185.67156964873536,0,1,1.0,1.0,1.0,1.0,23.300272304262762,23.300272304262762,23.300272304262762,23.300272304262762,3.0,3.0,3.0,5.0,5.0,5.0,0.717948717948718,0.717948717948718,0.717948717948718,0.6666666666666666,0.6666666666666666,0.6666666666666666
Daniel Gimeno Traver,1559.0241523584752,1340.4989449470174,1746.781058880319,1287.8723798770422,230.0,249.0,39.7,185.0,0,269,0.4,0.36,0.42,0.37,-54.44491056989705,-160.10140517497643,-68.39749957285608,-203.4725305840111,2.0,3.2,3.4,3.4,3.85,3.24,0.624814101739511,0.6635478537674074,0.6885157396026591,0.5083333333333334,0.5089646464646466,0.48114074814074814
Maxim Shin,1400.0,1400.0,1400.0,1400.0,1469.0,3.0,21.6,191.0,0,0,0.0,0.0,0.0,0.0,0.0,0.0,0.0,0.0,0.0,0.0,0.0,0.0,0.0,0.0,0.0,0.0,0.0,0.0,0.0,0.0
Leonardo Kirche,1400.0,1400.0,1400.0,1400.0,682.0,21.0,40.7,188.0,0,0,0.0,0.0,0.0,0.0,0.0,0.0,0.0,0.0,0.0,0.0,0.0,0.0,0.0,0.0,0.0,0.0,0.0,0.0,0.0,0.0
Magnus Norman,1763.7995248481689,2008.4983858241987,1974.3042347105993,2147.172622283296,75.0,483.0,49.3,188.0,0,499,0.2,0.32,0.38,0.42,-131.82959849897065,-115.86117504467506,-145.89673165433442,-429.10166427631157,4.6,3.95,5.56,5.2,3.1,2.16,0.7273978117892925,0.6709800758644303,0.6723276040037307,0.33999999999999997,0.49077838827838827,0.49510073260073256
Diego Galeano,1500.4313445650218,1373.7948957427895,1504.9322873509866,1500.4313445650218,2000.0,0.0,32.9,185.67156964873536,0,12,0.8,0.6666666666666666,0.6666666666666666,0.6666666666666666,100.43134456502185,100.43134456502185,100.43134456502185,100.43134456502185,-1.0,-1.0,-1.0,-1.0,-1.0,-1.0,0.0,0.0,0.0,0.0,0.0,0.0
Vimuktha De Alwis,1389.9738372115453,1389.9738372115453,1389.9738372115453,1389.9738372115453,2000.0,0.0,30.8,186.27336318231923,0,1,0.0,0.0,0.0,0.0,-10.026162788454712,-10.026162788454712,-10.026162788454712,-10.026162788454712,-1.0,-1.0,-1.0,-1.0,-1.0,-1.0,0.0,0.0,0.0,0.0,0.0,0.0
Albert Costa,1739.801574476337,1918.8681647484048,2089.2494770191524,2123.418248469008,249.0,143.0,49.8,180.0,0,583,0.2,0.4,0.42,0.46,-126.03229052078291,-129.0689576571599,-233.41159223276213,-357.24747033261974,0.8,1.65,3.1,2.6,2.45,2.02,0.570071473242205,0.615447850963184,0.6365293935012661,0.31772727272727275,0.5073890692640692,0.5204238993720418
Boy Westerhof,1400.0,1400.0,1400.0,1400.0,236.0,195.0,39.7,185.67156964873536,0,0,0.0,0.0,0.0,0.0,0.0,0.0,0.0,0.0,0.0,0.0,0.0,0.0,0.0,0.0,0.0,0.0,0.0,0.0,0.0,0.0
Marcus Willis,1400.0,1400.0,1400.0,1434.9437600058282,772.0,26.0,34.7,191.0,1,0,0.0,0.0,0.0,0.0,0.0,0.0,0.0,0.0,0.0,0.0,0.0,0.0,0.0,0.0,0.0,0.0,0.0,0.0,0.0,0.0
Adam Chadaj,1632.3036179852388,1632.3036179852388,1632.3036179852388,1632.3036179852388,230.0,168.0,41.2,178.0,1,13,1.0,1.0,1.0,1.0,66.28602572454383,66.28602572454383,66.28602572454383,66.28602572454383,-0.3333333333333333,-0.3333333333333333,-0.3333333333333333,1.0,1.0,1.0,0.23270440251572325,0.23270440251572325,0.23270440251572325,0.2222222222222222,0.2222222222222222,0.2222222222222222
William Lock,1398.1466314245888,1398.1466314245888,1424.1904081759674,1398.1466314245888,2000.0,0.0,40.4,186.27336318231923,0,2,0.5,0.5,0.5,0.5,-1.8533685754111957,-1.8533685754111957,-1.8533685754111957,-1.8533685754111957,-1.0,-1.0,-1.0,-1.0,-1.0,-1.0,0.0,0.0,0.0,0.0,0.0,0.0
Artem Derepasko,1757.298643502671,1757.298643502671,1757.298643502671,1757.298643502671,272.0,118.0,45.4,185.67156964873536,0,50,0.0,0.0,0.0,0.0,0.0,0.0,0.0,0.0,0.0,0.0,0.0,0.0,0.0,0.0,0.0,0.0,0.0,0.0,0.0,0.0
Jan Kroslak,1805.1016039307053,1869.1563737984322,1888.4827949891226,1805.1016039307053,269.0,123.0,50.3,188.0,0,70,0.2,0.3,0.3,0.3,-69.53845372861974,-91.04722865774306,-91.04722865774306,-91.04722865774306,4.4,4.8,4.8,3.2,4.25,4.25,0.5895759414877062,0.6449439498649333,0.6449439498649333,0.373015873015873,0.4376952798663325,0.4376952798663325
Diego Moyano,1750.6315043834277,1750.6315043834277,1750.6315043834277,1750.6315043834277,247.0,147.0,49.9,175.0,0,51,0.0,0.0,0.0,0.0,-19.95936636887609,-19.95936636887609,-19.95936636887609,-19.95936636887609,7.0,7.0,7.0,7.0,7.0,7.0,0.7659574468085106,0.7659574468085106,0.7659574468085106,0.42857142857142855,0.42857142857142855,0.42857142857142855
Martin Stiegwardt,1400.0,1400.0,1400.0,1400.0,2000.0,0.0,41.3,186.27336318231923,0,0,0.0,0.0,0.0,0.0,0.0,0.0,0.0,0.0,0.0,0.0,0.0,0.0,0.0,0.0,0.0,0.0,0.0,0.0,0.0,0.0
David Skoch,1692.5600664093922,1728.8371180354306,1702.670201178973,1692.5600664093922,2000.0,0.0,48.5,183.0,0,52,0.0,0.0,0.0,0.0,-36.27705162603843,-36.27705162603843,-36.27705162603843,-36.27705162603843,1.5,1.5,1.5,2.0,2.0,2.0,0.2857142857142857,0.2857142857142857,0.2857142857142857,0.5,0.5,0.5
Rihards Emulins,1400.0,1400.0,1400.0,1400.0,2000.0,0.0,37.8,185.67156964873536,0,0,0.0,0.0,0.0,0.0,0.0,0.0,0.0,0.0,0.0,0.0,0.0,0.0,0.0,0.0,0.0,0.0,0.0,0.0,0.0,0.0
Victor Romero,1619.045877256332,1619.045877256332,1619.045877256332,1619.045877256332,495.0,51.0,46.4,186.27336318231923,0,10,0.0,0.0,0.0,0.0,0.0,0.0,0.0,0.0,0.0,0.0,0.0,0.0,0.0,0.0,0.0,0.0,0.0,0.0,0.0,0.0
Ando Rasolomalala,1377.0528851790148,1377.0528851790148,1400.0,1377.0528851790148,2000.0,0.0,34.7,185.67156964873536,0,1,0.0,0.0,0.0,0.0,-22.947114820985234,-22.947114820985234,-22.947114820985234,-22.947114820985234,-1.0,-1.0,-1.0,-1.0,-1.0,-1.0,0.0,0.0,0.0,0.0,0.0,0.0
Victor Estrella,1550.0973060681579,1374.3658454297033,1673.7981633075024,1324.8086880733288,198.0,291.0,44.9,173.0,0,158,0.0,0.32,0.34,0.43,-191.10748094186943,-204.5877037288069,-276.51819352528014,-167.0772243787212,2.6,3.3,3.2,3.2,2.65,2.58,0.6291747259832366,0.6216988284293534,0.6139093160781428,0.4635714285714285,0.5203733766233766,0.5191658341658342
Cem Ilkel,1281.7504962580165,1479.919324508171,1281.8740333418991,1362.1931971904783,474.0,87.0,30.0,185.0,0,39,0.4,0.24,0.23076923076923078,0.23076923076923078,25.076815722729634,-71.4414901113746,-118.24950374198352,-118.24950374198352,3.8,3.55,3.358974358974359,1.4,1.5,1.8717948717948718,0.5255450242793043,0.5388670206459293,0.5192669921662404,0.3883838383838384,0.3506989007724302,0.3460344737198957
Abdelhak Hameurlaine,1378.137302872467,1378.137302872467,1378.137302872467,1378.137302872467,2000.0,0.0,53.2,185.67156964873536,0,5,0.2,0.2,0.2,0.2,-21.86269712753301,-21.86269712753301,-21.86269712753301,-21.86269712753301,-1.0,-1.0,-1.0,-1.0,-1.0,-1.0,0.0,0.0,0.0,0.0,0.0,0.0
Li Tu,1318.7712960495628,1340.4210591575513,1318.7712960495628,1401.8719861865825,191.0,304.0,29.3,183.0,0,9,0.0,0.1111111111111111,0.1111111111111111,0.1111111111111111,-81.2287039504372,-81.2287039504372,-81.2287039504372,-81.2287039504372,2.6,6.222222222222222,6.222222222222222,2.8,2.5555555555555554,2.5555555555555554,0.6901890206282786,0.7307229481756524,0.7307229481756524,0.6040935672514619,0.4837556855100714,0.4837556855100714
Christopher Kas,1606.6969974119916,1615.7698834338848,1615.7698834338848,1606.6969974119916,2000.0,0.0,44.6,188.0,0,11,0.0,0.0,0.0,0.0,-9.072886021893282,-9.072886021893282,-9.072886021893282,-9.072886021893282,-1.0,-1.0,-1.0,-1.0,-1.0,-1.0,0.0,0.0,0.0,0.0,0.0,0.0
Karan Rastogi,1367.9157309202299,1411.0837671895595,1400.0,1367.9157309202299,1511.0,2.0,38.3,178.0,0,9,0.0,0.1111111111111111,0.1111111111111111,0.1111111111111111,-32.08426907977014,-32.08426907977014,-32.08426907977014,-32.08426907977014,-0.8,-0.4444444444444444,-0.4444444444444444,-0.6,0.7777777777777778,0.7777777777777778,0.09714285714285714,0.3053116195973339,0.3053116195973339,0.08571428571428572,0.2733686067019401,0.2733686067019401
Mohammad Ghareeb,1614.1664639408896,1528.6026911913668,1509.7703052957168,1614.1664639408896,2000.0,0.0,44.5,186.27336318231923,0,42,0.6,0.6,0.6428571428571429,0.6428571428571429,-28.56870799157241,67.62898867826743,214.16646394088957,214.16646394088957,1.0,0.15,0.5714285714285714,0.6,-0.05,0.09523809523809523,0.13220338983050847,0.10820236260914226,0.13761099209763328,0.1375,0.0967681623931624,0.10441341066341067
Jan Lennard Struff,1844.6280589332316,1525.4403027492933,1753.4522863235902,1507.0552837875268,43.0,1240.0,35.5,193.0,0,466,0.6,0.6,0.6,0.57,-6.431045953599096,53.495197201632436,77.03105120396003,199.21395182277274,9.2,10.4,9.2,3.8,6.15,4.14,0.7754537859801017,0.7514173714862412,0.7482151300941371,0.6821428571428574,0.6216179653679653,0.5770223387723388
Blaz Rola,1479.5568507195085,1428.880327288906,1476.1078425536232,1409.866341247059,457.0,94.0,34.9,193.0,1,37,0.2,0.32,0.3783783783783784,0.3783783783783784,-4.835974442394672,50.11831250271575,79.55685071950847,79.55685071950847,3.4,4.0,3.810810810810811,0.0,2.4,2.5945945945945947,0.3315789473684211,0.5848588967369391,0.5590235231431596,0.2523809523809524,0.5234652847152848,0.48655334684746454
Lukasz Kubot,1711.8617342466066,1423.157960826002,1569.2452908761784,1507.6407601392361,614.0,48.0,43.4,191.0,0,228,0.4,0.32,0.32,0.4,-38.80897731869709,-35.652567736889296,-110.47780310511484,-185.0389268782103,11.2,7.45,6.14,5.2,5.3,4.34,0.6143025210084033,0.660020919782305,0.6032975410068897,0.5295238095238095,0.5570833333333333,0.4797075424575425
Shintaro Mochizuki,1317.5114801483235,1354.991508935739,1400.0,1381.2920311126086,146.0,408.0,22.3,175.0,0,21,0.0,0.14285714285714285,0.14285714285714285,0.14285714285714285,-51.7783115961995,-82.48851985167653,-82.48851985167653,-82.48851985167653,3.6,2.3,2.238095238095238,5.2,3.05,3.0476190476190474,0.6889538773386323,0.5647692692499356,0.5544386415216779,0.5773182957393483,0.44473000683527,0.43942540333517777
Hsien Yin Peng,1388.4096806541595,1388.4096806541595,1388.4096806541595,1388.4096806541595,2000.0,0.0,35.1,180.0,0,1,0.0,0.0,0.0,0.0,-11.590319345840498,-11.590319345840498,-11.590319345840498,-11.590319345840498,-1.0,-1.0,-1.0,-1.0,-1.0,-1.0,0.0,0.0,0.0,0.0,0.0,0.0
Andrea Stoppini,1671.7804615734,1691.428979883904,1614.9258372080672,1671.7804615734,209.0,381.0,44.9,190.0,0,20,0.2,0.3,0.3,0.3,43.519225683760624,43.519225683760624,43.519225683760624,43.519225683760624,3.8,3.7,3.7,3.6,3.1,3.1,0.6088258611737214,0.6553984259122311,0.6553984259122311,0.6073479152426521,0.6838507252980938,0.6838507252980938
Dawood Sayed Hashim,1400.0,1400.0,1400.0,1400.0,1969.0,1.0,28.6,185.67156964873536,1,0,0.0,0.0,0.0,0.0,0.0,0.0,0.0,0.0,0.0,0.0,0.0,0.0,0.0,0.0,0.0,0.0,0.0,0.0,0.0,0.0
Thomas Oger,1518.026938095823,1531.50182214106,1566.017592260695,1518.026938095823,2000.0,0.0,44.8,186.27336318231923,0,16,0.6,0.5,0.5,0.5,-47.99065416487201,-47.99065416487201,-47.99065416487201,-47.99065416487201,-1.0,-1.0,-1.0,-1.0,-1.0,-1.0,0.0,0.0,0.0,0.0,0.0,0.0
Mark Woodforde,1844.3570314621134,1855.1284043284754,1844.3570314621134,1865.8169943079488,191.0,191.0,59.7,188.0,1,59,0.4,0.3333333333333333,0.3333333333333333,0.3333333333333333,-21.459962845835435,-21.459962845835435,-21.459962845835435,-21.459962845835435,3.4,2.6666666666666665,2.6666666666666665,2.4,2.7777777777777777,2.7777777777777777,0.675066563199767,0.6739884310068776,0.6739884310068776,0.5767732267732268,0.5435828060828061,0.5435828060828061
Brydan Klein,1443.3535869697967,1446.2307088404707,1443.3535869697967,1408.388764703653,235.0,214.0,35.5,183.0,0,13,0.2,0.23076923076923078,0.23076923076923078,0.23076923076923078,43.35358696979665,43.35358696979665,43.35358696979665,43.35358696979665,7.8,5.538461538461538,5.538461538461538,5.0,4.076923076923077,4.076923076923077,0.7378337471459808,0.5958710902514891,0.5958710902514891,0.5076190476190476,0.41019813519813514,0.41019813519813514
Aljoscha Thron,1398.690625310189,1398.690625310189,1400.0,1398.690625310189,901.0,11.0,38.2,185.67156964873536,0,1,0.0,0.0,0.0,0.0,-1.3093746898109657,-1.3093746898109657,-1.3093746898109657,-1.3093746898109657,5.0,5.0,5.0,9.0,9.0,9.0,0.7027027027027027,0.7027027027027027,0.7027027027027027,0.5454545454545454,0.5454545454545454,0.5454545454545454
Lluis Miralles,1400.0,1400.0,1400.0,1400.0,2000.0,0.0,24.3,185.67156964873536,0,0,0.0,0.0,0.0,0.0,0.0,0.0,0.0,0.0,0.0,0.0,0.0,0.0,0.0,0.0,0.0,0.0,0.0,0.0,0.0,0.0
Anil Yuksel,1392.54493032619,1400.0,1400.0,1392.54493032619,502.0,70.0,34.8,185.67156964873536,1,1,0.0,0.0,0.0,0.0,-7.4550696738099305,-7.4550696738099305,-7.4550696738099305,-7.4550696738099305,1.0,1.0,1.0,1.0,1.0,1.0,0.625,0.625,0.625,0.6666666666666666,0.6666666666666666,0.6666666666666666
Jean Nabi,1400.0,1400.0,1400.0,1400.0,2000.0,0.0,51.4,185.67156964873536,0,0,0.0,0.0,0.0,0.0,0.0,0.0,0.0,0.0,0.0,0.0,0.0,0.0,0.0,0.0,0.0,0.0,0.0,0.0,0.0,0.0
Guillaume Raoux,1840.248847857991,1858.983829853078,1858.983829853078,1840.248847857991,283.0,114.0,55.2,180.0,0,51,0.0,0.0,0.0,0.0,-18.734981995087082,-18.734981995087082,-18.734981995087082,-18.734981995087082,6.0,6.0,6.0,3.0,3.0,3.0,0.7735849056603774,0.7735849056603774,0.7735849056603774,1.0,1.0,1.0
Sunil Kumar,1576.3542450703453,1576.3542450703453,1576.3542450703453,1576.3542450703453,1199.0,3.0,41.7,185.67156964873536,0,10,0.0,0.0,0.0,0.0,0.0,0.0,0.0,0.0,0.0,0.0,0.0,0.0,0.0,0.0,0.0,0.0,0.0,0.0,0.0,0.0
Ergi Kirkin,1382.2275100120862,1395.5633240027987,1382.2275100120862,1400.0,311.0,166.0,26.6,180.0,0,2,0.0,0.0,0.0,0.0,-17.772489987913787,-17.772489987913787,-17.772489987913787,-17.772489987913787,3.5,3.5,3.5,3.5,3.5,3.5,0.5442151805453206,0.5442151805453206,0.5442151805453206,0.35,0.35,0.35
Haithem Abid,1297.2909870424496,1343.7652886071915,1366.8023231077457,1297.2909870424496,804.0,17.0,39.7,185.67156964873536,1,8,0.0,0.125,0.125,0.125,-102.70901295755039,-102.70901295755039,-102.70901295755039,-102.70901295755039,-1.0,-1.0,-1.0,-1.0,-1.0,-1.0,0.0,0.0,0.0,0.0,0.0,0.0
Johan Ortegren,1721.3632017591021,1721.3632017591021,1721.3632017591021,1721.3632017591021,395.0,61.0,47.6,185.67156964873536,0,11,1.0,1.0,1.0,1.0,32.350615194700595,32.350615194700595,32.350615194700595,32.350615194700595,9.0,9.0,9.0,3.0,3.0,3.0,0.8367346938775511,0.8367346938775511,0.8367346938775511,0.75,0.75,0.75
Scott Humphries,1652.9405482559189,1656.465075512563,1671.8732549730364,1652.9405482559189,615.0,23.0,49.2,185.0,0,13,0.0,0.0,0.0,0.0,-18.932706717117526,-18.932706717117526,-18.932706717117526,-18.932706717117526,5.333333333333333,5.333333333333333,5.333333333333333,2.6666666666666665,2.6666666666666665,2.6666666666666665,0.6925674657017941,0.6925674657017941,0.6925674657017941,0.5261904761904762,0.5261904761904762,0.5261904761904762
Minh Quan Do,1393.6051394159535,1400.0,1393.6051394159535,1393.6051394159535,2000.0,0.0,41.2,186.27336318231923,0,1,0.0,0.0,0.0,0.0,-6.394860584046455,-6.394860584046455,-6.394860584046455,-6.394860584046455,0.0,0.0,0.0,3.0,3.0,3.0,0.6666666666666666,0.6666666666666666,0.6666666666666666,0.16666666666666666,0.16666666666666666,0.16666666666666666
Marat Deviatiarov,1400.0,1400.0,1400.0,1400.0,649.0,41.0,31.4,186.27336318231923,0,0,0.0,0.0,0.0,0.0,0.0,0.0,0.0,0.0,0.0,0.0,0.0,0.0,0.0,0.0,0.0,0.0,0.0,0.0,0.0,0.0
Giulio Zeppieri,1431.9709462186129,1396.7824760655428,1472.4968489080215,1431.9709462186129,148.0,420.0,23.4,183.0,1,18,0.2,0.2777777777777778,0.2777777777777778,0.2777777777777778,31.97094621861288,31.97094621861288,31.97094621861288,31.97094621861288,11.0,6.611111111111111,6.611111111111111,3.4,2.7222222222222223,2.7222222222222223,0.728628472665662,0.7144190543386462,0.7144190543386462,0.5202020202020201,0.5624668541335208,0.5624668541335208
Guillermo Rivera Aranguiz,1400.0,1400.0,1400.0,1400.0,352.0,122.0,36.0,185.67156964873536,0,0,0.0,0.0,0.0,0.0,0.0,0.0,0.0,0.0,0.0,0.0,0.0,0.0,0.0,0.0,0.0,0.0,0.0,0.0,0.0,0.0
Ahmad Rabeea Muhammad,1317.4892354983185,1308.6389760357235,1381.3939375134592,1317.4892354983185,2000.0,0.0,38.2,185.67156964873536,0,13,0.0,0.3076923076923077,0.3076923076923077,0.3076923076923077,-82.51076450168148,-82.51076450168148,-82.51076450168148,-82.51076450168148,-1.0,-1.0,-1.0,-1.0,-1.0,-1.0,0.0,0.0,0.0,0.0,0.0,0.0
Edas Butvilas,1355.6139783015826,1375.975029458789,1400.0,1400.0,368.0,134.0,21.1,191.0,0,3,0.0,0.0,0.0,0.0,-44.38602169841738,-44.38602169841738,-44.38602169841738,-44.38602169841738,2.0,2.0,2.0,0.6666666666666666,0.6666666666666666,0.6666666666666666,0.24786324786324787,0.24786324786324787,0.24786324786324787,0.25,0.25,0.25
Janis Skroderis,1375.0,1375.0,1400.0,1375.0,1479.0,1.0,41.9,185.67156964873536,0,1,0.0,0.0,0.0,0.0,-25.0,-25.0,-25.0,-25.0,-1.0,-1.0,-1.0,-1.0,-1.0,-1.0,0.0,0.0,0.0,0.0,0.0,0.0
Wesley Whitehouse,1750.3362912695172,1743.4721348113724,1750.3362912695172,1734.9213887754488,373.0,87.0,46.3,190.0,1,59,0.4,0.4444444444444444,0.4444444444444444,0.4444444444444444,37.00049815940588,37.00049815940588,37.00049815940588,37.00049815940588,9.8,8.444444444444445,8.444444444444445,6.4,5.0,5.0,0.7425343450875366,0.7521094285278682,0.7521094285278682,0.5476190476190476,0.6107142857142857,0.6107142857142857
Paradorn Srichaphan,1719.992951094819,2038.2419212955697,1547.657171159205,1891.0067301083493,83.0,485.0,45.7,185.0,0,567,0.2,0.48,0.42,0.51,-82.6115742251884,-116.45797885597744,-216.1388110136072,-95.56226915216098,3.6,5.8,6.32,3.8,3.45,3.54,0.630125558995528,0.6986074239266973,0.6881846859054092,0.43444765760555226,0.5018262001156738,0.4837353640511535
Mohamed Mamoun,1412.2700614402522,1421.7635997115567,1432.2723328219556,1412.2700614402522,911.0,19.0,43.7,186.27336318231923,0,11,0.2,0.36363636363636365,0.36363636363636365,0.36363636363636365,12.27006144025222,12.27006144025222,12.27006144025222,12.27006144025222,-1.0,-1.0,-1.0,-1.0,-1.0,-1.0,0.0,0.0,0.0,0.0,0.0,0.0
Vadim Kutsenko,1726.211235855009,1725.4445621823966,1800.6460502408386,1726.211235855009,366.0,85.0,48.0,180.0,0,79,0.2,0.4,0.41379310344827586,0.41379310344827586,-105.61610171259667,-92.93488087961623,-92.93488087961623,-92.93488087961623,0.2,1.0,0.5517241379310345,2.0,1.75,1.1724137931034482,0.2480952380952381,0.29024563073546206,0.22455964440965423,0.22424242424242422,0.2530905205905206,0.18603943948771534
Timo Nieminen,1460.3599057030876,1579.0439266790236,1553.9992151963427,1460.3599057030876,314.0,139.0,43.3,185.0,0,21,0.0,0.18181818181818182,0.18181818181818182,0.18181818181818182,-183.5306307640601,-183.5306307640601,-183.5306307640601,-183.5306307640601,-1.0,-1.0,-1.0,-1.0,-1.0,-1.0,0.0,0.0,0.0,0.0,0.0,0.0
Leonardo Olguin,1726.7524600488323,1726.7524600488323,1726.7524600488323,1726.7524600488323,235.0,150.0,49.2,185.67156964873536,0,50,0.0,0.0,0.0,0.0,0.0,0.0,0.0,0.0,0.0,0.0,0.0,0.0,0.0,0.0,0.0,0.0,0.0,0.0,0.0,0.0
Rares Cuzdriorean,1325.394940052979,1335.3843631940308,1400.0,1325.394940052979,2000.0,0.0,38.6,185.67156964873536,0,4,0.0,0.0,0.0,0.0,-74.60505994702089,-74.60505994702089,-74.60505994702089,-74.60505994702089,-1.0,-1.0,-1.0,-1.0,-1.0,-1.0,0.0,0.0,0.0,0.0,0.0,0.0
Daniel Evans,1541.7725353602161,1604.50214509464,1299.124812886614,1449.0105616857927,180.0,326.0,35.3,175.0,0,333,0.2,0.24,0.34,0.42,-113.07285592904873,-219.9221174220313,-162.81190746523475,-233.77796478837445,2.8,3.95,4.16,3.4,4.0,3.86,0.7161276990553306,0.705224039813506,0.7261369035315366,0.49000000000000005,0.5818337761272543,0.5714744427212458
Jordi Samper Montana,1375.3038049029378,1375.3038049029378,1375.3038049029378,1375.3038049029378,410.0,98.0,35.0,185.67156964873536,0,1,0.0,0.0,0.0,0.0,-24.696195097062173,-24.696195097062173,-24.696195097062173,-24.696195097062173,2.0,2.0,2.0,0.0,0.0,0.0,0.5612244897959183,0.5612244897959183,0.5612244897959183,0.5882352941176471,0.5882352941176471,0.5882352941176471
Oh Hee Kwon,1682.4716436755593,1682.4716436755593,1682.4716436755593,1682.4716436755593,700.0,18.0,47.2,186.27336318231923,0,10,0.0,0.0,0.0,0.0,0.0,0.0,0.0,0.0,0.0,0.0,0.0,0.0,0.0,0.0,0.0,0.0,0.0,0.0,0.0,0.0
Wai Yu Kai,1375.560258375028,1375.560258375028,1375.560258375028,1375.560258375028,2000.0,0.0,23.9,185.67156964873536,0,1,0.0,0.0,0.0,0.0,-24.43974162497193,-24.43974162497193,-24.43974162497193,-24.43974162497193,-1.0,-1.0,-1.0,-1.0,-1.0,-1.0,0.0,0.0,0.0,0.0,0.0,0.0
Maxime Hamou,1382.1927554697477,1382.1927554697477,1382.1927554697477,1382.1927554697477,287.0,181.0,29.9,185.0,0,2,0.0,0.0,0.0,0.0,-17.80724453025232,-17.80724453025232,-17.80724453025232,-17.80724453025232,2.0,2.0,2.0,1.5,1.5,1.5,0.5994318181818181,0.5994318181818181,0.5994318181818181,0.564327485380117,0.564327485380117,0.564327485380117
Darko Bojanovic,1400.0,1400.0,1400.0,1400.0,958.0,14.0,28.5,185.67156964873536,0,0,0.0,0.0,0.0,0.0,0.0,0.0,0.0,0.0,0.0,0.0,0.0,0.0,0.0,0.0,0.0,0.0,0.0,0.0,0.0,0.0
Genius Chidzikwe,1316.4227274409811,1381.658868070128,1371.4696836500673,1316.4227274409811,745.0,20.0,45.9,186.27336318231923,0,15,0.0,0.13333333333333333,0.13333333333333333,0.13333333333333333,-83.57727255901887,-83.57727255901887,-83.57727255901887,-83.57727255901887,-1.0,-1.0,-1.0,-1.0,-1.0,-1.0,0.0,0.0,0.0,0.0,0.0,0.0
Sylvestre Monnou,1400.0,1400.0,1400.0,1400.0,2000.0,0.0,22.2,186.27336318231923,0,0,0.0,0.0,0.0,0.0,0.0,0.0,0.0,0.0,0.0,0.0,0.0,0.0,0.0,0.0,0.0,0.0,0.0,0.0,0.0,0.0
Eddy Gonzalez Gonzalez,1404.3161551406756,1404.3161551406756,1404.3161551406756,1404.3161551406756,2000.0,0.0,43.5,185.67156964873536,0,2,0.5,0.5,0.5,0.5,4.316155140675619,4.316155140675619,4.316155140675619,4.316155140675619,-1.0,-1.0,-1.0,-1.0,-1.0,-1.0,0.0,0.0,0.0,0.0,0.0,0.0
Dieter Kindlmann,1540.3451425241838,1550.5800064034963,1556.640462528786,1540.3451425241838,162.0,297.0,42.9,183.0,0,21,0.0,0.09090909090909091,0.09090909090909091,0.09090909090909091,-25.672449736511226,-25.672449736511226,-25.672449736511226,-25.672449736511226,1.0,1.4545454545454546,1.4545454545454546,5.0,4.2727272727272725,4.2727272727272725,0.6312487979645328,0.614186230621894,0.614186230621894,0.5598086124401913,0.5435637993054261,0.5435637993054261
Richard Bloomfield,1495.5237802093814,1397.614699851741,1495.5237802093814,1501.9125697006325,332.0,127.0,42.1,185.0,0,15,0.6,0.26666666666666666,0.26666666666666666,0.26666666666666666,95.52378020938136,95.52378020938136,95.52378020938136,95.52378020938136,10.6,10.4,10.4,3.6,4.266666666666667,4.266666666666667,0.8031669327272789,0.7657572765729902,0.7657572765729902,0.5555555555555556,0.6052895252895253,0.6052895252895253
Petar Jelenic,1400.0,1400.0,1400.0,1400.0,544.0,49.0,37.6,186.27336318231923,0,0,0.0,0.0,0.0,0.0,0.0,0.0,0.0,0.0,0.0,0.0,0.0,0.0,0.0,0.0,0.0,0.0,0.0,0.0,0.0,0.0
Adrian Forberg Skogeng,1400.0,1400.0,1400.0,1400.0,2000.0,0.0,34.9,185.67156964873536,0,0,0.0,0.0,0.0,0.0,0.0,0.0,0.0,0.0,0.0,0.0,0.0,0.0,0.0,0.0,0.0,0.0,0.0,0.0,0.0,0.0
Marco Chiudinelli,1533.686455268475,1589.5227278247482,1621.9081190085358,1689.7226572400518,366.0,117.0,44.1,185.0,0,199,0.4,0.24,0.28,0.31,-54.52917504443849,-168.25543681253293,-197.43891338003345,-317.80617973772814,3.8,3.65,2.92,2.2,2.6,2.24,0.6879227631949955,0.7037499317177027,0.6085376932650324,0.5733333333333334,0.5033485958485958,0.49214896214896214
Devin Britton,1389.1767126680206,1389.1767126680206,1389.1767126680206,1389.1767126680206,1461.0,2.0,33.8,193.0,0,2,0.0,0.0,0.0,0.0,-10.823287331979373,-10.823287331979373,-10.823287331979373,-10.823287331979373,4.5,4.5,4.5,6.5,6.5,6.5,0.6231034482758621,0.6231034482758621,0.6231034482758621,0.4861111111111111,0.4861111111111111,0.4861111111111111
Denis Yevseyev,1419.2492337531942,1391.4849223882234,1400.0,1419.2492337531942,207.0,282.0,32.3,188.0,0,3,0.3333333333333333,0.3333333333333333,0.3333333333333333,0.3333333333333333,19.249233753194176,19.249233753194176,19.249233753194176,19.249233753194176,2.6666666666666665,2.6666666666666665,2.6666666666666665,2.3333333333333335,2.3333333333333335,2.3333333333333335,0.7022927689594356,0.7022927689594356,0.7022927689594356,0.5863247863247864,0.5863247863247864,0.5863247863247864
Victor Crivoi,1502.2403094293145,1386.3274485487502,1514.2335613913988,1408.2488611507479,206.0,230.0,43.1,185.0,0,52,0.2,0.24,0.3,0.3076923076923077,-77.04604209451463,-36.372974649804064,68.1166614139986,102.2403094293145,0.6,1.95,2.5,0.4,0.8,1.2,0.26494949494949493,0.45571776513039175,0.47070357506383487,0.2787878787878788,0.3601533189033189,0.3967568542568543
Vincent Millot,1447.045986637859,1529.0531206243893,1389.4042336407313,1400.0,291.0,174.0,39.4,173.0,1,28,0.2,0.28,0.25,0.25,9.936015487654004,47.04598663785896,47.04598663785896,47.04598663785896,5.0,4.7,4.071428571428571,5.0,3.55,3.357142857142857,0.6533979907538798,0.6799941552326187,0.6545270192514302,0.6315384615384615,0.614925189189895,0.58337340733128
Zhizhen Zhang,1709.912502125743,1477.024396955175,1647.4928712035555,1409.7742336765323,47.0,1145.0,29.0,193.0,0,113,0.0,0.44,0.48,0.49,-62.69419554192973,24.14153464070364,-49.646728852384285,224.7336833831389,6.8,7.05,7.74,1.4,1.35,2.04,0.7523812336774034,0.7380198397933279,0.7313394560136528,0.40499999999999997,0.37875000000000003,0.49058730158730157
Michael Quintero,1530.7467733865465,1385.8461419490804,1528.9697132445094,1530.7467733865465,247.0,153.0,45.1,186.27336318231923,0,11,0.6,0.6363636363636364,0.6363636363636364,0.6363636363636364,130.74677338654647,130.74677338654647,130.74677338654647,130.74677338654647,-0.6,-0.8181818181818182,-0.8181818181818182,-0.6,-0.8181818181818182,-0.8181818181818182,0.12,0.05454545454545454,0.05454545454545454,0.1,0.045454545454545456,0.045454545454545456
Luca Vanni,1438.716711287478,1393.9959963886752,1525.5996345303445,1448.9214853815129,163.0,325.0,39.6,198.0,0,22,0.0,0.22727272727272727,0.22727272727272727,0.22727272727272727,-34.58218036271137,-10.204774094034974,-10.204774094034974,-10.204774094034974,5.0,9.2,9.318181818181818,2.4,2.7,2.772727272727273,0.6189705031810295,0.7296631571441787,0.7264672345995551,0.471031746031746,0.5165674603174603,0.5166847041847041
Nicklas Timfjord,1706.3733191952724,1706.3733191952724,1706.3733191952724,1706.3733191952724,421.0,57.0,48.3,180.0,0,50,0.0,0.0,0.0,0.0,0.0,0.0,0.0,0.0,0.0,0.0,0.0,0.0,0.0,0.0,0.0,0.0,0.0,0.0,0.0,0.0
Eldad Campbell,1338.4424305900343,1374.606156129167,1386.9172249242076,1338.4424305900343,2000.0,0.0,36.4,185.67156964873536,0,3,0.0,0.0,0.0,0.0,-61.55756940996571,-61.55756940996571,-61.55756940996571,-61.55756940996571,-1.0,-1.0,-1.0,-1.0,-1.0,-1.0,0.0,0.0,0.0,0.0,0.0,0.0
Alberto Brause,1567.3769526168599,1583.7310270409807,1583.7310270409807,1567.3769526168599,1135.0,3.0,49.6,186.27336318231923,0,11,0.0,0.0,0.0,0.0,-16.35407442412088,-16.35407442412088,-16.35407442412088,-16.35407442412088,-1.0,-1.0,-1.0,-1.0,-1.0,-1.0,0.0,0.0,0.0,0.0,0.0,0.0
Andrei Daescu,1400.0,1400.0,1400.0,1400.0,680.0,28.0,36.5,185.67156964873536,0,0,0.0,0.0,0.0,0.0,0.0,0.0,0.0,0.0,0.0,0.0,0.0,0.0,0.0,0.0,0.0,0.0,0.0,0.0,0.0,0.0
Mikhail Elgin,1585.204694396432,1613.587361803086,1585.204694396432,1585.204694396432,949.0,12.0,43.9,183.0,0,21,0.4,0.2727272727272727,0.2727272727272727,0.2727272727272727,3.97928966488098,3.97928966488098,3.97928966488098,3.97928966488098,4.0,4.2727272727272725,4.2727272727272725,1.0,2.4545454545454546,2.4545454545454546,0.519090909090909,0.6062176172834479,0.6062176172834479,0.49340659340659343,0.41778221778221775,0.41778221778221775
Martyn Pawelski,1400.0,1400.0,1400.0,1400.0,661.0,46.0,20.8,196.0,0,0,0.0,0.0,0.0,0.0,0.0,0.0,0.0,0.0,0.0,0.0,0.0,0.0,0.0,0.0,0.0,0.0,0.0,0.0,0.0,0.0
Pedja Krstin,1461.8292286684996,1383.2666408059326,1447.1695554410778,1461.8292286684996,285.0,198.0,30.7,183.0,0,6,0.6,0.5,0.5,0.5,61.82922866849958,61.82922866849958,61.82922866849958,61.82922866849958,4.0,3.8333333333333335,3.8333333333333335,3.4,3.1666666666666665,3.1666666666666665,0.7329353687248424,0.7119699501278448,0.7119699501278448,0.4261904761904762,0.38849206349206344,0.38849206349206344
Alexis Galarneau,1422.435332394997,1432.7628808959823,1400.0,1422.435332394997,200.0,307.0,26.5,180.0,0,4,0.25,0.25,0.25,0.25,22.435332394996976,22.435332394996976,22.435332394996976,22.435332394996976,4.0,4.0,4.0,3.5,3.5,3.5,0.6737753732977986,0.6737753732977986,0.6737753732977986,0.4380952380952381,0.4380952380952381,0.4380952380952381
Matthew Breen,1702.3105472006696,1702.3105472006696,1702.3105472006696,1702.3105472006696,260.0,131.0,48.5,185.67156964873536,0,50,0.0,0.0,0.0,0.0,0.0,0.0,0.0,0.0,0.0,0.0,0.0,0.0,0.0,0.0,0.0,0.0,0.0,0.0,0.0,0.0
Eric Nunez,1576.3542450703453,1576.3542450703453,1576.3542450703453,1576.3542450703453,531.0,42.0,42.8,185.67156964873536,0,10,0.0,0.0,0.0,0.0,0.0,0.0,0.0,0.0,0.0,0.0,0.0,0.0,0.0,0.0,0.0,0.0,0.0,0.0,0.0,0.0
John Isner,1710.3258053413056,1472.7917388920287,1556.1758583344495,1497.7079097475455,157.0,400.0,40.3,208.0,0,807,0.2,0.4,0.5,0.54,-128.77750525850547,-161.69382670638015,-162.13635063227798,-148.50280163063076,17.4,19.65,20.66,2.6,3.0,3.08,0.7442572799904157,0.7971720594520604,0.7763451811360398,0.7857142857142858,0.6876785714285714,0.6328968253968253
Pedro Cachin,1462.0850944915194,1342.9278969507309,1551.6287841393034,1384.8774008848222,110.0,568.0,30.2,185.0,0,71,0.2,0.28,0.34,0.352112676056338,-215.56451984630144,-119.2678762252724,-16.78107381669429,62.085094491519385,3.4,3.95,4.62,2.0,2.65,2.32,0.5543075218075219,0.6228620279960209,0.6689798648427708,0.4809523809523809,0.449757326007326,0.5012962592962593
Taro Daniel,1512.623042253029,1515.4513645214686,1515.7190445123629,1289.7274588545192,89.0,636.0,32.7,191.0,0,236,0.4,0.2,0.3,0.35,-86.75581497159124,-101.16761712973789,-192.27589411421832,-74.95118897486736,4.4,3.9,3.92,1.4,1.95,2.32,0.6950463016036786,0.6342799032317075,0.6604048796695438,0.4444444444444445,0.44972222222222225,0.5147016317016317
Tomislav Jotovski,1367.1028680865968,1400.0,1373.1152071807473,1367.1028680865968,1412.0,2.0,34.6,185.67156964873536,0,2,0.0,0.0,0.0,0.0,-32.8971319134032,-32.8971319134032,-32.8971319134032,-32.8971319134032,-1.0,-1.0,-1.0,-1.0,-1.0,-1.0,0.0,0.0,0.0,0.0,0.0,0.0
Learner Tien,1537.338724810367,1492.9971355852147,1537.338724810367,1537.338724810367,122.0,493.0,20.0,180.0,1,10,0.4,0.5,0.5,0.5,137.338724810367,137.338724810367,137.338724810367,137.338724810367,3.4,3.4,3.4,1.8,2.3,2.3,0.644076962445867,0.6373645212169816,0.6373645212169816,0.7040935672514619,0.6672690058479531,0.6672690058479531
Jan Boruszewski,1708.1540532194242,1708.1540532194242,1708.1540532194242,1708.1540532194242,376.0,69.0,47.7,185.67156964873536,0,50,0.0,0.0,0.0,0.0,0.0,0.0,0.0,0.0,0.0,0.0,0.0,0.0,0.0,0.0,0.0,0.0,0.0,0.0,0.0,0.0
Luis David Martinez,1377.664307772624,1409.4710948366742,1389.6392733801142,1377.664307772624,2000.0,0.0,35.8,178.0,0,16,0.4,0.4375,0.4375,0.4375,-22.335692227376057,-22.335692227376057,-22.335692227376057,-22.335692227376057,-0.2,0.375,0.375,1.2,0.6875,0.6875,0.2649159663865547,0.2133506468532514,0.2133506468532514,0.275,0.190625,0.190625
Justin Gimelstob,1643.9849888587948,1742.2823311043326,1804.6010492229734,1972.4430688004315,549.0,40.0,48.7,196.0,0,301,0.2,0.28,0.32,0.35,-124.87142378263616,-107.7031587141878,-114.4208665439819,-180.58057616222573,4.2,5.4,6.96,3.2,4.25,3.4,0.6584967762122934,0.6907691123764468,0.7098039677377054,0.4223809523809524,0.5395680708180708,0.5721105035315561
Juan Pablo Barboza,1400.0,1400.0,1400.0,1400.0,2000.0,0.0,45.9,185.67156964873536,0,0,0.0,0.0,0.0,0.0,0.0,0.0,0.0,0.0,0.0,0.0,0.0,0.0,0.0,0.0,0.0,0.0,0.0,0.0,0.0,0.0
Yuta Shimizu,1423.2042036527448,1400.0,1423.2042036527448,1400.0,451.0,85.0,26.3,163.0,1,1,1.0,1.0,1.0,1.0,23.20420365274481,23.20420365274481,23.20420365274481,23.20420365274481,2.0,2.0,2.0,3.0,3.0,3.0,0.875,0.875,0.875,0.0,0.0,0.0
Sebastien Grosjean,1658.9821242685039,1783.3780782103725,2002.262672710328,2045.165234388079,559.0,46.0,46.7,175.0,0,784,0.2,0.2,0.4,0.45,-190.68769880049604,-218.48088560358428,-231.7838953235041,-379.65026036003496,6.2,4.4,5.34,2.6,2.25,1.78,0.6997743741765481,0.6721973631210809,0.7180781042417046,0.6778671328671328,0.5732617273077799,0.5139049795234006
Eduardo Struvay,1362.6469996087724,1376.254918427619,1400.0,1362.6469996087724,470.0,80.0,34.2,185.67156964873536,0,2,0.0,0.0,0.0,0.0,-37.353000391227624,-37.353000391227624,-37.353000391227624,-37.353000391227624,3.0,3.0,3.0,3.0,3.0,3.0,0.6735294117647059,0.6735294117647059,0.6735294117647059,0.3333333333333333,0.3333333333333333,0.3333333333333333
Lofo Ramiaramanana,1349.7906571970668,1400.0,1400.0,1349.7906571970668,1602.0,2.0,35.7,175.0,1,2,0.0,0.0,0.0,0.0,-50.20934280293318,-50.20934280293318,-50.20934280293318,-50.20934280293318,-1.0,-1.0,-1.0,-1.0,-1.0,-1.0,0.0,0.0,0.0,0.0,0.0,0.0
Alexander Peya,1595.8722189352059,1748.277190670051,1649.0174246724869,1589.4895752999653,708.0,24.0,44.7,183.0,0,122,0.2,0.32,0.28,0.3055555555555556,-54.98733113838762,-125.2308643282754,-100.45078225770362,-121.24945829722833,3.6,2.85,3.44,2.6,2.55,2.84,0.5385401789749615,0.5784458045060721,0.5959328853479807,0.42666666666666664,0.48248015873015876,0.47462380430027484
Luis Carlos Alvarez Valdes,1400.0,1400.0,1400.0,1400.0,2000.0,0.0,29.28978785329969,186.27336318231923,0,0,0.0,0.0,0.0,0.0,0.0,0.0,0.0,0.0,0.0,0.0,0.0,0.0,0.0,0.0,0.0,0.0,0.0,0.0,0.0,0.0
Warit Sornbutnark,1415.106940361177,1390.3202762627245,1415.106940361177,1415.106940361177,1101.0,8.0,32.5,180.0,0,4,0.5,0.5,0.5,0.5,15.106940361177067,15.106940361177067,15.106940361177067,15.106940361177067,-1.0,-1.0,-1.0,-1.0,-1.0,-1.0,0.0,0.0,0.0,0.0,0.0,0.0
Ryan Shane,1400.0,1400.0,1400.0,1400.0,1410.0,3.0,31.3,193.0,0,0,0.0,0.0,0.0,0.0,0.0,0.0,0.0,0.0,0.0,0.0,0.0,0.0,0.0,0.0,0.0,0.0,0.0,0.0,0.0,0.0
Sergei Yaroshenko,1599.723555305792,1562.2168532033918,1579.9048498112813,1599.723555305792,500.0,49.0,48.4,185.67156964873536,0,16,0.6,0.6666666666666666,0.6666666666666666,0.6666666666666666,33.70596304509695,33.70596304509695,33.70596304509695,33.70596304509695,-1.0,-1.0,-1.0,-1.0,-1.0,-1.0,0.0,0.0,0.0,0.0,0.0,0.0
Maxime Authom,1403.602452534189,1403.602452534189,1403.602452534189,1403.602452534189,156.0,351.0,37.7,185.67156964873536,0,1,0.0,0.0,0.0,0.0,-11.407178854746007,-11.407178854746007,-11.407178854746007,-11.407178854746007,9.0,9.0,9.0,7.0,7.0,7.0,0.7283950617283951,0.7283950617283951,0.7283950617283951,0.6153846153846154,0.6153846153846154,0.6153846153846154
Jorge Villanueva,1400.0,1400.0,1400.0,1400.0,1523.0,1.0,37.9,185.67156964873536,0,0,0.0,0.0,0.0,0.0,0.0,0.0,0.0,0.0,0.0,0.0,0.0,0.0,0.0,0.0,0.0,0.0,0.0,0.0,0.0,0.0
Hillel Rousseau,1322.4344612179932,1400.0,1373.962398789146,1322.4344612179932,2000.0,0.0,29.7,180.0,0,3,0.0,0.0,0.0,0.0,-77.5655387820068,-77.5655387820068,-77.5655387820068,-77.5655387820068,-1.0,-1.0,-1.0,-1.0,-1.0,-1.0,0.0,0.0,0.0,0.0,0.0,0.0
Leo Borg,1396.7579173682843,1375.7264609337687,1421.8744463885614,1396.7579173682843,590.0,57.0,22.4,183.0,0,10,0.2,0.2,0.2,0.2,-3.2420826317156752,-3.2420826317156752,-3.2420826317156752,-3.2420826317156752,1.8,2.8,2.8,3.4,2.9,2.9,0.5825585577133565,0.6112961856780182,0.6112961856780182,0.46944444444444444,0.5069444444444444,0.5069444444444444
Philippos Tsangaridis,1326.2556296781008,1375.346187198452,1400.0,1326.2556296781008,2000.0,0.0,33.0,185.67156964873536,0,4,0.0,0.0,0.0,0.0,-73.74437032189917,-73.74437032189917,-73.74437032189917,-73.74437032189917,-1.0,-1.0,-1.0,-1.0,-1.0,-1.0,0.0,0.0,0.0,0.0,0.0,0.0
Vishal Punna,1400.0,1400.0,1400.0,1400.0,821.0,12.0,41.0,185.67156964873536,0,0,0.0,0.0,0.0,0.0,0.0,0.0,0.0,0.0,0.0,0.0,0.0,0.0,0.0,0.0,0.0,0.0,0.0,0.0,0.0,0.0
Jack Cheng,1400.0,1400.0,1400.0,1400.0,1600.0,2.0,16.6,185.67156964873536,0,0,0.0,0.0,0.0,0.0,0.0,0.0,0.0,0.0,0.0,0.0,0.0,0.0,0.0,0.0,0.0,0.0,0.0,0.0,0.0,0.0
Arthur Fery,1397.2348791766033,1397.2348791766033,1397.2348791766033,1397.2348791766033,247.0,243.0,22.9,175.0,0,1,0.0,0.0,0.0,0.0,-2.765120823396728,-2.765120823396728,-2.765120823396728,-2.765120823396728,2.0,2.0,2.0,0.0,0.0,0.0,0.5967741935483871,0.5967741935483871,0.5967741935483871,0.5,0.5,0.5
Takahiro Terachi,1750.2982432522397,1750.2982432522397,1750.2982432522397,1750.2982432522397,411.0,76.0,46.2,185.67156964873536,0,61,0.4,0.36363636363636365,0.36363636363636365,0.36363636363636365,-26.7218197483719,-26.7218197483719,-26.7218197483719,-26.7218197483719,1.2,1.9090909090909092,1.9090909090909092,1.4,2.5454545454545454,2.5454545454545454,0.5111405835543767,0.5795091948844484,0.5795091948844484,0.5033333333333333,0.5405039405039406,0.5405039405039406
Kwasi Ahenkora,1423.798786377125,1400.0,1400.0,1423.798786377125,2000.0,0.0,43.2,185.67156964873536,0,1,1.0,1.0,1.0,1.0,23.798786377124998,23.798786377124998,23.798786377124998,23.798786377124998,-1.0,-1.0,-1.0,-1.0,-1.0,-1.0,0.0,0.0,0.0,0.0,0.0,0.0
Jack Draper,2003.3572140409105,1757.1835054991438,1389.357542408812,1654.3074274172977,15.0,2800.0,23.8,193.0,1,129,1.0,0.72,0.64,0.62,107.62049783587827,212.26743828634653,102.56876956746987,173.3124254190932,9.0,8.4,8.64,3.2,3.1,3.24,0.8054663792051417,0.7969417946078667,0.7957067099519584,0.45499999999999996,0.5500324675324675,0.5017056277056277
Juan Ignacio Chela,1573.6438361315963,1756.0747824614286,2031.2154489029983,1670.2842100321698,83.0,620.0,45.8,190.0,0,651,0.0,0.36,0.48,0.52,-127.41157974674684,-215.84720253490877,-197.83730645722835,-126.52418555835379,1.6,1.7,1.6,3.2,2.35,2.18,0.6338573637158029,0.5935508834548647,0.6210480555841527,0.4518686868686867,0.4670824011729585,0.5416356300218529
Kamil Capkovic,1400.0,1400.0,1400.0,1400.0,370.0,83.0,38.7,198.0,0,0,0.0,0.0,0.0,0.0,0.0,0.0,0.0,0.0,0.0,0.0,0.0,0.0,0.0,0.0,0.0,0.0,0.0,0.0,0.0,0.0
Gorka Fraile,1639.7592372792456,1691.6184403199295,1647.1527354170544,1639.7592372792456,930.0,9.0,47.2,180.0,0,58,0.0,0.125,0.125,0.125,-51.85920304068395,-51.85920304068395,-51.85920304068395,-51.85920304068395,0.0,0.25,0.25,-0.2,0.5,0.5,0.346368265880461,0.4451363386318638,0.4451363386318638,0.17936507936507937,0.2839781746031746,0.2839781746031746
Jeff Coetzee,1768.0730064262646,1768.0730064262646,1768.0730064262646,1796.0941076648082,608.0,27.0,48.1,173.0,0,52,0.0,0.0,0.0,0.0,-28.02110123854368,-28.02110123854368,-28.02110123854368,-28.02110123854368,-1.0,-1.0,-1.0,-1.0,-1.0,-1.0,0.0,0.0,0.0,0.0,0.0,0.0
Scott Griekspoor,1400.0,1400.0,1400.0,1400.0,224.0,254.0,34.6,185.67156964873536,0,0,0.0,0.0,0.0,0.0,0.0,0.0,0.0,0.0,0.0,0.0,0.0,0.0,0.0,0.0,0.0,0.0,0.0,0.0,0.0,0.0
Boris Pashanski,1701.0194649915634,1521.699003077518,1614.9577160485112,1393.641322121518,174.0,307.0,42.2,180.0,0,80,0.4,0.36,0.3,0.375,-96.72141355377858,59.549881687919424,2.9347650634326783,301.0194649915634,3.4,2.65,2.18,4.2,3.25,3.44,0.6348050949291035,0.6286243602395565,0.5977253276715624,0.6036363636363636,0.45666666666666667,0.46105830280830284
Jack Brasington,1478.8875536426813,1437.481749916245,1447.2879144388444,1400.0,175.0,204.0,48.6,188.0,0,9,0.0,0.2222222222222222,0.2222222222222222,0.2222222222222222,78.88755364268127,78.88755364268127,78.88755364268127,78.88755364268127,2.2,5.222222222222222,5.222222222222222,9.0,10.11111111111111,10.11111111111111,0.6267164689420787,0.6763563257920093,0.6763563257920093,0.48748051948051946,0.5637022889964066,0.5637022889964066
Sunu Wahyu Trijati,1314.788522775023,1340.7493283799079,1400.0,1314.788522775023,2000.0,0.0,37.8,186.27336318231923,0,10,0.4,0.2,0.2,0.2,-85.21147722497699,-85.21147722497699,-85.21147722497699,-85.21147722497699,-1.0,-1.0,-1.0,-1.0,-1.0,-1.0,0.0,0.0,0.0,0.0,0.0,0.0
Nick Hardt,1402.539574601746,1357.5786286244756,1416.9235617790903,1402.539574601746,191.0,313.0,24.8,185.0,0,7,0.4,0.42857142857142855,0.42857142857142855,0.42857142857142855,2.539574601745926,2.539574601745926,2.539574601745926,2.539574601745926,1.2,1.7142857142857142,1.7142857142857142,2.0,2.2857142857142856,2.2857142857142856,0.3596594193232849,0.4397567280880606,0.4397567280880606,0.2657142857142857,0.33265306122448973,0.33265306122448973
Diego Camacho,1396.6580047233278,1400.0,1400.0,1396.6580047233278,2000.0,0.0,41.7,185.67156964873536,0,1,0.0,0.0,0.0,0.0,-3.341995276672151,-3.341995276672151,-3.341995276672151,-3.341995276672151,-1.0,-1.0,-1.0,-1.0,-1.0,-1.0,0.0,0.0,0.0,0.0,0.0,0.0
Sebastian Moreno,1377.0427769249025,1377.0427769249025,1377.0427769249025,1377.0427769249025,2000.0,0.0,33.4,185.67156964873536,0,1,0.0,0.0,0.0,0.0,-22.957223075097545,-22.957223075097545,-22.957223075097545,-22.957223075097545,-1.0,-1.0,-1.0,-1.0,-1.0,-1.0,0.0,0.0,0.0,0.0,0.0,0.0
Dennis Lajola,1400.0,1400.0,1400.0,1400.0,719.0,22.0,36.0,185.67156964873536,0,0,0.0,0.0,0.0,0.0,0.0,0.0,0.0,0.0,0.0,0.0,0.0,0.0,0.0,0.0,0.0,0.0,0.0,0.0,0.0,0.0
Armin Sandbichler,1400.0,1400.0,1400.0,1400.0,570.0,40.0,40.5,180.0,1,0,0.0,0.0,0.0,0.0,0.0,0.0,0.0,0.0,0.0,0.0,0.0,0.0,0.0,0.0,0.0,0.0,0.0,0.0,0.0,0.0
Gilles Simon,1641.0001327801167,1611.3397970653589,1447.307479705484,1488.7509339961985,188.0,295.0,40.8,183.0,0,902,0.6,0.36,0.36,0.42,64.23809189365534,-114.97963373234165,-121.8914417626986,-196.93200964134667,2.4,2.55,2.82,2.2,2.4,3.44,0.6918420233989315,0.6355915194687408,0.6584553644210389,0.6545238095238096,0.47983227299016773,0.4999844964976543
Mohamed Wafa,1566.017592260695,1566.017592260695,1566.017592260695,1566.017592260695,1138.0,4.0,47.4,186.27336318231923,0,10,0.0,0.0,0.0,0.0,0.0,0.0,0.0,0.0,0.0,0.0,0.0,0.0,0.0,0.0,0.0,0.0,0.0,0.0,0.0,0.0
George Khrikadze,1345.127596436122,1400.0,1394.5326452989782,1345.127596436122,2000.0,0.0,36.5,185.67156964873536,0,3,0.0,0.0,0.0,0.0,-54.872403563877924,-54.872403563877924,-54.872403563877924,-54.872403563877924,-1.0,-1.0,-1.0,-1.0,-1.0,-1.0,0.0,0.0,0.0,0.0,0.0,0.0
Brian Shi,1400.0,1400.0,1400.0,1400.0,2000.0,0.0,24.9,185.67156964873536,0,0,0.0,0.0,0.0,0.0,0.0,0.0,0.0,0.0,0.0,0.0,0.0,0.0,0.0,0.0,0.0,0.0,0.0,0.0,0.0,0.0
Theo Papamalamis,1400.0,1400.0,1400.0,1400.0,721.0,37.0,19.8,183.0,0,0,0.0,0.0,0.0,0.0,0.0,0.0,0.0,0.0,0.0,0.0,0.0,0.0,0.0,0.0,0.0,0.0,0.0,0.0,0.0,0.0
Hubert Hurkacz,1976.1120657766296,1729.3985066760877,1505.962477679138,1568.660542675744,14.0,2810.0,28.7,196.0,0,349,0.4,0.68,0.68,0.68,-60.75256762479535,27.503646777737004,-21.930186255556237,27.374016462421196,12.8,13.95,12.94,3.2,2.1,1.72,0.7204989978574885,0.7736110068751698,0.7784179045959776,0.5761904761904761,0.6983082706766918,0.6107271266744951
Frantisek Cermak,1735.8561579918205,1655.4002864049237,1782.5963502728491,1772.4916043765807,2000.0,0.0,48.2,193.0,0,74,0.2,0.375,0.375,0.375,-23.856902175519735,-1.670068824205373,-1.670068824205373,-1.670068824205373,2.2,3.25,3.375,5.6,3.6,3.2916666666666665,0.6396198891657295,0.6718380374262598,0.6657634137483247,0.475,0.5323809523809524,0.5107804232804233
Jing Zhu Yang,1572.9225841206053,1572.9225841206053,1572.9225841206053,1572.9225841206053,1076.0,3.0,49.0,186.27336318231923,0,10,0.0,0.0,0.0,0.0,0.0,0.0,0.0,0.0,0.0,0.0,0.0,0.0,0.0,0.0,0.0,0.0,0.0,0.0,0.0,0.0
Artem Sitak,1465.3313157295863,1450.7377382842885,1400.0,1400.0,2000.0,0.0,38.9,185.0,0,10,0.6,0.6,0.6,0.6,65.33131572958632,65.33131572958632,65.33131572958632,65.33131572958632,-1.0,-0.7,-0.7,-1.0,-0.7,-0.7,0.0,0.05,0.05,0.0,0.06363636363636363,0.06363636363636363
Zsolt Tatar,1400.0,1400.0,1400.0,1400.0,716.0,16.0,43.6,185.67156964873536,0,0,0.0,0.0,0.0,0.0,0.0,0.0,0.0,0.0,0.0,0.0,0.0,0.0,0.0,0.0,0.0,0.0,0.0,0.0,0.0,0.0
Guillaume Rufin,1671.3530187609144,1544.3859108597153,1499.8106107742585,1446.3963049372694,91.0,589.0,35.2,188.0,0,42,0.4,0.32,0.35714285714285715,0.35714285714285715,109.7021258631994,180.145117431485,271.35301876091444,271.35301876091444,8.4,5.75,7.095238095238095,5.0,4.25,4.761904761904762,0.7200157650614968,0.6578448253902527,0.6743792642137179,0.593939393939394,0.5747348484848485,0.5906024588744816
Yohny Romero,1535.8325625521413,1558.4041128264905,1621.5977480663519,1535.8325625521413,710.0,22.0,46.2,186.27336318231923,0,24,0.6,0.42857142857142855,0.42857142857142855,0.42857142857142855,-141.11450802932973,-141.11450802932973,-141.11450802932973,-141.11450802932973,-1.0,-1.0,-1.0,-1.0,-1.0,-1.0,0.0,0.0,0.0,0.0,0.0,0.0
Yuttana Charoenphon,1400.0,1400.0,1400.0,1400.0,960.0,11.0,25.0,178.0,0,0,0.0,0.0,0.0,0.0,0.0,0.0,0.0,0.0,0.0,0.0,0.0,0.0,0.0,0.0,0.0,0.0,0.0,0.0,0.0,0.0
Tobias Clemens,1689.4357999759293,1696.6610151692767,1689.4357999759293,1689.4357999759293,207.0,194.0,46.1,185.0,0,13,0.6666666666666666,0.6666666666666666,0.6666666666666666,0.6666666666666666,60.19983377012659,60.19983377012659,60.19983377012659,60.19983377012659,8.333333333333334,8.333333333333334,8.333333333333334,5.666666666666667,5.666666666666667,5.666666666666667,0.6891919191919191,0.6891919191919191,0.6891919191919191,0.5277777777777778,0.5277777777777778,0.5277777777777778
Felipe Parada,1396.5223249051676,1396.5223249051676,1396.5223249051676,1396.5223249051676,385.0,77.0,43.7,175.0,0,1,0.0,0.0,0.0,0.0,-3.4776750948324207,-3.4776750948324207,-3.4776750948324207,-3.4776750948324207,2.0,2.0,2.0,2.0,2.0,2.0,0.6140350877192983,0.6140350877192983,0.6140350877192983,0.6153846153846154,0.6153846153846154,0.6153846153846154
Rasid Winklaar,1299.1564551539786,1333.7512731910529,1400.0,1299.1564551539786,1299.0,3.0,37.1,186.27336318231923,1,5,0.0,0.0,0.0,0.0,-100.84354484602136,-100.84354484602136,-100.84354484602136,-100.84354484602136,-1.0,-1.0,-1.0,-1.0,-1.0,-1.0,0.0,0.0,0.0,0.0,0.0,0.0
Johnny Arcilla,1416.5894112355377,1401.077465730414,1419.8181716433028,1416.5894112355377,2000.0,0.0,45.1,185.67156964873536,0,28,0.6,0.44,0.4642857142857143,0.4642857142857143,-10.31621247428211,16.589411235537682,16.589411235537682,16.589411235537682,-1.0,-1.0,-1.0,-1.0,-1.0,-1.0,0.0,0.0,0.0,0.0,0.0,0.0
Yari Bernardo,1392.504590709073,1392.504590709073,1392.504590709073,1392.504590709073,2000.0,0.0,51.3,185.67156964873536,0,1,0.0,0.0,0.0,0.0,-7.495409290927,-7.495409290927,-7.495409290927,-7.495409290927,-1.0,-1.0,-1.0,-1.0,-1.0,-1.0,0.0,0.0,0.0,0.0,0.0,0.0
David Nalbandian,2021.2467109917566,1808.3165214192707,1737.1999510218752,1736.701127409323,124.0,430.0,43.2,180.0,0,588,0.4,0.52,0.56,0.59,-72.2933432213963,-154.82994763493707,-148.42345200838508,-324.9512524504389,1.4,4.85,3.32,5.2,4.2,3.28,0.6433882973253433,0.7079104297114979,0.6629539053005832,0.4737912087912089,0.4860236985236985,0.5086396381396381
Jan Hajek,1551.0530220670967,1335.88946646224,1789.5833962397485,1488.867705945896,111.0,505.0,41.5,180.0,0,112,0.2,0.36,0.28,0.34,-49.49916829498011,-93.95736711813856,-128.40324895883782,50.05218915458727,3.2,2.6,2.74,2.2,1.45,1.56,0.5897924297924299,0.5808803048999318,0.5807073462116896,0.5166666666666666,0.5822710622710623,0.5016249861249861
Antoine Breikeh,1400.0,1400.0,1400.0,1400.0,2000.0,0.0,36.5,185.67156964873536,0,0,0.0,0.0,0.0,0.0,0.0,0.0,0.0,0.0,0.0,0.0,0.0,0.0,0.0,0.0,0.0,0.0,0.0,0.0,0.0,0.0
George Kallis,1400.0,1400.0,1400.0,1400.0,2000.0,0.0,37.8,185.67156964873536,0,0,0.0,0.0,0.0,0.0,0.0,0.0,0.0,0.0,0.0,0.0,0.0,0.0,0.0,0.0,0.0,0.0,0.0,0.0,0.0,0.0
Soufiane El Mesbahi,1400.0,1400.0,1400.0,1400.0,1533.0,2.0,24.1,185.67156964873536,0,0,0.0,0.0,0.0,0.0,0.0,0.0,0.0,0.0,0.0,0.0,0.0,0.0,0.0,0.0,0.0,0.0,0.0,0.0,0.0,0.0
Faisal Aidil,1400.0,1400.0,1400.0,1400.0,1335.0,2.0,36.5,186.27336318231923,0,0,0.0,0.0,0.0,0.0,0.0,0.0,0.0,0.0,0.0,0.0,0.0,0.0,0.0,0.0,0.0,0.0,0.0,0.0,0.0,0.0
Mahmoud Nader Al Baloushi,1400.0,1400.0,1400.0,1400.0,2000.0,0.0,44.7,185.67156964873536,0,0,0.0,0.0,0.0,0.0,0.0,0.0,0.0,0.0,0.0,0.0,0.0,0.0,0.0,0.0,0.0,0.0,0.0,0.0,0.0,0.0
Peter Torebko,1392.6549629981125,1392.6549629981125,1392.6549629981125,1392.6549629981125,384.0,45.0,37.4,185.0,0,1,0.0,0.0,0.0,0.0,-7.345037001887476,-7.345037001887476,-7.345037001887476,-7.345037001887476,12.0,12.0,12.0,4.0,4.0,4.0,0.6785714285714286,0.6785714285714286,0.6785714285714286,0.4444444444444444,0.4444444444444444,0.4444444444444444
Ivaylo Traykov,1685.4143468896416,1685.4143468896416,1749.622805011829,1685.4143468896416,476.0,58.0,46.5,188.0,0,64,0.4,0.5,0.5,0.5,-63.04065961438664,-63.04065961438664,-63.04065961438664,-63.04065961438664,-1.0,-0.42857142857142855,-0.42857142857142855,-1.0,-0.5,-0.5,0.0,0.09852729706946993,0.09852729706946993,0.0,0.08214285714285714,0.08214285714285714
Yuichi Ito,1400.0,1400.0,1400.0,1400.0,622.0,35.0,39.1,185.67156964873536,0,0,0.0,0.0,0.0,0.0,0.0,0.0,0.0,0.0,0.0,0.0,0.0,0.0,0.0,0.0,0.0,0.0,0.0,0.0,0.0,0.0
Marinko Matosevic,1674.7485416673028,1678.2904904482361,1409.102656214959,1461.8856483755874,169.0,297.0,39.9,194.0,0,158,0.0,0.24,0.38,0.42,-213.6234726214941,-191.9087061361049,-160.11538105787736,-19.397826014489738,3.4,3.6,4.68,2.8,3.35,3.06,0.6303008736140504,0.6351095293752349,0.6810990371384135,0.35060150375939847,0.4714113045537194,0.5475566963136622
Jaume Munar,1501.1613540661888,1269.2292578432664,1692.3744096825621,1345.0131508875365,65.0,844.0,28.4,183.0,0,223,0.2,0.28,0.38,0.41,-60.20775190384347,-78.7729258971026,-49.71318105282762,-67.38432831501495,4.6,4.05,3.32,4.0,4.35,3.38,0.6722391899288451,0.6648061748744903,0.6659448679399543,0.5657575757575757,0.5325092717739777,0.525814564520447
Jose Acasuso,1754.9734507702992,1685.0071227290027,2013.1157971847367,1658.9647326531128,256.0,184.0,42.3,190.0,0,425,0.6,0.44,0.48,0.5,11.528156635304185,-136.28236909932048,-64.08529332783519,-162.3960037100312,5.4,6.85,4.92,1.4,2.8,2.32,0.707821084135386,0.7437016957993438,0.7117806516629573,0.5264646464646464,0.5667262965792378,0.5607987437399202
Andreas Seppi,1588.6958517902644,1501.6894971392628,1355.787157363607,1542.4005976873552,141.0,466.0,41.2,190.0,0,809,0.4,0.36,0.42,0.43,-99.46742458664312,-189.36801236401266,-112.39440860236368,-212.5758795766958,4.4,6.25,5.62,2.6,2.55,2.66,0.674546365914787,0.6808222166045321,0.6823464511658794,0.4718614718614719,0.5657828282828283,0.5295900112958936
James Mcgee,1400.9005582096877,1338.4438297032445,1375.0,1400.9005582096877,272.0,193.0,38.2,183.0,0,18,0.2,0.5,0.5,0.5,0.9005582096876878,0.9005582096876878,0.9005582096876878,0.9005582096876878,0.4,-0.6111111111111112,-0.6111111111111112,1.8,-0.2222222222222222,-0.2222222222222222,0.24785214785214782,0.06884781884781883,0.06884781884781883,0.2375,0.06597222222222222,0.06597222222222222
Edris Fetisleam,1400.0,1400.0,1400.0,1400.0,1167.0,6.0,25.6,186.27336318231923,0,0,0.0,0.0,0.0,0.0,0.0,0.0,0.0,0.0,0.0,0.0,0.0,0.0,0.0,0.0,0.0,0.0,0.0,0.0,0.0,0.0
Gabriel Donev,1400.0,1400.0,1400.0,1400.0,796.0,18.0,29.1,180.0,0,0,0.0,0.0,0.0,0.0,0.0,0.0,0.0,0.0,0.0,0.0,0.0,0.0,0.0,0.0,0.0,0.0,0.0,0.0,0.0,0.0
Fred Simonsson,1400.0,1400.0,1400.0,1400.0,674.0,37.0,30.6,188.0,0,0,0.0,0.0,0.0,0.0,0.0,0.0,0.0,0.0,0.0,0.0,0.0,0.0,0.0,0.0,0.0,0.0,0.0,0.0,0.0,0.0
Sebo Kiss,1494.0838960420829,1489.5192909609216,1383.186575041165,1494.0838960420829,2000.0,0.0,41.9,185.67156964873536,0,17,0.4,0.5294117647058824,0.5294117647058824,0.5294117647058824,94.08389604208287,94.08389604208287,94.08389604208287,94.08389604208287,-1.0,-1.0,-1.0,-1.0,-1.0,-1.0,0.0,0.0,0.0,0.0,0.0,0.0
Evan King,1407.8992066418593,1407.8992066418593,1407.8992066418593,1407.8992066418593,200.0,276.0,32.9,185.0,1,4,0.25,0.25,0.25,0.25,7.899206641859337,7.899206641859337,7.899206641859337,7.899206641859337,1.75,1.75,1.75,2.75,2.75,2.75,0.6091574536826695,0.6091574536826695,0.6091574536826695,0.4799242424242424,0.4799242424242424,0.4799242424242424
Oliver Gross,1821.8022719393446,1842.0626204936616,1837.608364901345,1842.0626204936616,357.0,77.0,52.0,185.0,0,61,0.2,0.2727272727272727,0.2727272727272727,0.2727272727272727,-20.260348554317034,-20.260348554317034,-20.260348554317034,-20.260348554317034,4.4,3.272727272727273,3.272727272727273,3.0,2.6363636363636362,2.6363636363636362,0.6131221719457014,0.650619225057888,0.650619225057888,0.4255555555555556,0.3766829130465494,0.3766829130465494
Julio Peralta,1400.0,1400.0,1400.0,1400.0,540.0,34.0,43.4,188.0,0,0,0.0,0.0,0.0,0.0,0.0,0.0,0.0,0.0,0.0,0.0,0.0,0.0,0.0,0.0,0.0,0.0,0.0,0.0,0.0,0.0
Jimy Szymanski,1782.0160917866974,1765.2030068620995,1829.8780508252244,1782.0160917866974,540.0,41.0,49.3,175.0,0,67,0.4,0.47058823529411764,0.47058823529411764,0.47058823529411764,-48.849231799820245,-48.849231799820245,-48.849231799820245,-48.849231799820245,-1.0,-0.9411764705882353,-0.9411764705882353,-1.0,-0.8823529411764706,-0.8823529411764706,0.0,0.028616852146263912,0.028616852146263912,0.0,0.0261437908496732,0.0261437908496732
Peter Bothwell,1400.0,1400.0,1400.0,1400.0,840.0,19.0,29.3,186.27336318231923,0,0,0.0,0.0,0.0,0.0,0.0,0.0,0.0,0.0,0.0,0.0,0.0,0.0,0.0,0.0,0.0,0.0,0.0,0.0,0.0,0.0
Alexandros Skorilas,1425.0,1425.0,1425.0,1425.0,766.0,30.0,25.4,185.0,0,1,1.0,1.0,1.0,1.0,25.0,25.0,25.0,25.0,3.0,3.0,3.0,5.0,5.0,5.0,0.625,0.625,0.625,0.7777777777777778,0.7777777777777778,0.7777777777777778
Jeson Patrombon,1360.3968830138708,1318.0506205738143,1440.9196681154147,1360.3968830138708,1421.0,2.0,31.9,185.67156964873536,0,14,0.2,0.42857142857142855,0.42857142857142855,0.42857142857142855,-39.60311698612918,-39.60311698612918,-39.60311698612918,-39.60311698612918,2.2,0.6428571428571429,0.6428571428571429,2.2,1.3571428571428572,1.3571428571428572,0.5338376599246165,0.34080813596341547,0.34080813596341547,0.5575757575757576,0.3360389610389611,0.3360389610389611
Raymond Sarmiento,1400.0,1400.0,1400.0,1400.0,705.0,26.0,33.0,178.0,0,0,0.0,0.0,0.0,0.0,0.0,0.0,0.0,0.0,0.0,0.0,0.0,0.0,0.0,0.0,0.0,0.0,0.0,0.0,0.0,0.0
Ricardo Gonzalez Diaz,1368.641676181302,1368.641676181302,1368.641676181302,1368.641676181302,2000.0,0.0,39.8,185.67156964873536,0,3,0.3333333333333333,0.3333333333333333,0.3333333333333333,0.3333333333333333,-31.358323818697954,-31.358323818697954,-31.358323818697954,-31.358323818697954,-1.0,-1.0,-1.0,-1.0,-1.0,-1.0,0.0,0.0,0.0,0.0,0.0,0.0
Yanki Erel,1394.160158187432,1400.0,1371.6221690254424,1394.160158187432,536.0,70.0,24.9,178.0,1,2,0.5,0.5,0.5,0.5,-5.839841812568011,-5.839841812568011,-5.839841812568011,-5.839841812568011,0.5,0.5,0.5,3.0,3.0,3.0,0.39361702127659576,0.39361702127659576,0.39361702127659576,0.16666666666666666,0.16666666666666666,0.16666666666666666
Henry Adjei Darko,1435.7398797643168,1438.5189089345533,1400.0,1435.7398797643168,426.0,65.0,42.3,186.27336318231923,0,5,0.4,0.4,0.4,0.4,35.73987976431681,35.73987976431681,35.73987976431681,35.73987976431681,-1.0,-1.0,-1.0,-1.0,-1.0,-1.0,0.0,0.0,0.0,0.0,0.0,0.0
Kevin Ullyett,1829.3671783892817,1849.659338151635,1829.3671783892817,1829.3671783892817,2000.0,0.0,52.6,178.0,0,64,0.4,0.35714285714285715,0.35714285714285715,0.35714285714285715,11.614533168385833,11.614533168385833,11.614533168385833,11.614533168385833,-0.4,2.2857142857142856,2.2857142857142856,1.2,2.5,2.5,0.13846153846153847,0.34432814884195434,0.34432814884195434,0.075,0.24702380952380953,0.24702380952380953
Xavier Malisse,1664.309339692988,1645.345489197233,1686.0938008876255,2016.3132363331274,113.0,495.0,45.1,185.0,0,580,0.2,0.36,0.44,0.45,-84.71545418457913,-98.49656810119723,-90.99434740658285,-173.70354984824462,7.0,6.2,6.96,3.4,2.4,2.44,0.703296347046347,0.6861904584176656,0.7157800135421313,0.3530519480519481,0.4864917027417028,0.4752218337218338
Guillermo Hormazabal,1330.7910088808449,1400.0,1371.855670243015,1330.7910088808449,289.0,158.0,40.5,185.67156964873536,0,5,0.0,0.0,0.0,0.0,-69.20899111915514,-69.20899111915514,-69.20899111915514,-69.20899111915514,1.2,1.2,1.2,1.2,1.2,1.2,0.398458110516934,0.398458110516934,0.398458110516934,0.22285714285714286,0.22285714285714286,0.22285714285714286
Thomas Drouet,1400.0,1400.0,1400.0,1400.0,2000.0,0.0,41.7,185.67156964873536,0,0,0.0,0.0,0.0,0.0,0.0,0.0,0.0,0.0,0.0,0.0,0.0,0.0,0.0,0.0,0.0,0.0,0.0,0.0,0.0,0.0
Marco Aurelio Nunez,1400.0,1400.0,1400.0,1400.0,2000.0,0.0,32.4,185.67156964873536,1,0,0.0,0.0,0.0,0.0,0.0,0.0,0.0,0.0,0.0,0.0,0.0,0.0,0.0,0.0,0.0,0.0,0.0,0.0,0.0,0.0
Colin Fleming,1387.223275271337,1400.0,1387.223275271337,1389.5566182280854,721.0,21.0,41.0,188.0,0,2,0.0,0.0,0.0,0.0,-12.776724728663112,-12.776724728663112,-12.776724728663112,-12.776724728663112,5.5,5.5,5.5,2.5,2.5,2.5,0.7373461012311902,0.7373461012311902,0.7373461012311902,0.5227272727272727,0.5227272727272727,0.5227272727272727
Roman Recarte,1413.3122596206374,1362.597173150587,1425.598042994868,1413.3122596206374,600.0,37.0,38.0,185.67156964873536,0,6,0.4,0.5,0.5,0.5,13.312259620637406,13.312259620637406,13.312259620637406,13.312259620637406,-1.0,-1.0,-1.0,-1.0,-1.0,-1.0,0.0,0.0,0.0,0.0,0.0,0.0
Jose Hernandez,1440.0525018318274,1418.8842490903523,1390.8533085192405,1440.0525018318274,289.0,142.0,34.9,183.0,0,25,0.6,0.44,0.44,0.44,5.12573415492966,40.052501831827385,40.052501831827385,40.052501831827385,2.2,0.25,0.0,1.2,0.15,-0.08,0.4033386424895859,0.1948606346483705,0.1558885077186964,0.25999999999999995,0.145,0.11599999999999999
Alexey Kedryuk,1579.8349629362745,1611.2007940191916,1569.070068369014,1579.8349629362745,387.0,132.0,44.9,193.0,0,39,0.4,0.64,0.6551724137931034,0.6551724137931034,4.47663307205471,6.912378815669172,6.912378815669172,6.912378815669172,-1.0,-1.0,-1.0,-1.0,-1.0,-1.0,0.0,0.0,0.0,0.0,0.0,0.0
Philipp Kohlschreiber,1654.1116594362966,1568.016601110543,1631.8167584224982,1618.3169132260418,132.0,486.0,41.5,178.0,0,891,0.2,0.32,0.36,0.45,-46.93626170496168,-150.56533242749038,-233.90005092851948,-284.21899082093114,4.2,5.05,4.92,2.6,1.8,1.7,0.6792719683417359,0.6636065509364926,0.668563460803074,0.640277777777778,0.6014797008547008,0.5314138595322806
Alberto Emmanuel Alvarado Larin,1241.5188723973788,1257.0481299645264,1400.0,1241.5188723973788,2000.0,0.0,30.2,185.67156964873536,0,9,0.0,0.0,0.0,0.0,-158.4811276026212,-158.4811276026212,-158.4811276026212,-158.4811276026212,0.0,-0.2222222222222222,-0.2222222222222222,2.0,1.5555555555555556,1.5555555555555556,0.29881135813339205,0.22570780261142012,0.22570780261142012,0.2966666666666667,0.22464387464387464,0.22464387464387464
Filip Misolic,1555.0090073776387,1426.8609932537322,1548.3343301206658,1555.0090073776387,228.0,258.0,23.9,180.0,0,17,0.4,0.5294117647058824,0.5294117647058824,0.5294117647058824,148.53516569436488,148.53516569436488,148.53516569436488,148.53516569436488,4.0,3.3529411764705883,3.3529411764705883,1.8,2.176470588235294,2.176470588235294,0.6974864730602436,0.639972573182926,0.639972573182926,0.4442857142857143,0.5086219336219336,0.5086219336219336
Kiranpal Pannu,1364.785055038106,1364.785055038106,1364.785055038106,1364.785055038106,454.0,94.0,28.6,185.0,0,6,0.2,0.16666666666666666,0.16666666666666666,0.16666666666666666,-35.214944961893934,-35.214944961893934,-35.214944961893934,-35.214944961893934,3.2,2.5,2.5,3.2,2.5,2.5,0.5722410756621283,0.4768675630517736,0.4768675630517736,0.49333333333333335,0.41111111111111115,0.41111111111111115
Sam Riffice,1400.0,1400.0,1400.0,1400.0,542.0,63.0,26.4,188.0,0,0,0.0,0.0,0.0,0.0,0.0,0.0,0.0,0.0,0.0,0.0,0.0,0.0,0.0,0.0,0.0,0.0,0.0,0.0,0.0,0.0
Chase Buchanan,1399.241323180576,1399.241323180576,1399.241323180576,1399.241323180576,172.0,302.0,34.1,193.0,0,1,0.0,0.0,0.0,0.0,-0.7586768194239539,-0.7586768194239539,-0.7586768194239539,-0.7586768194239539,2.0,2.0,2.0,1.0,1.0,1.0,0.52,0.52,0.52,0.5,0.5,0.5
Marko Topo,1356.7610064865066,1356.7610064865066,1356.7610064865066,1356.7610064865066,320.0,165.0,21.5,185.0,0,4,0.0,0.0,0.0,0.0,-43.23899351349337,-43.23899351349337,-43.23899351349337,-43.23899351349337,2.25,2.25,2.25,4.0,4.0,4.0,0.6669385717845282,0.6669385717845282,0.6669385717845282,0.5230082417582418,0.5230082417582418,0.5230082417582418
Francesco Piccari,1554.74921703724,1554.74921703724,1554.74921703724,1554.74921703724,406.0,137.0,45.6,185.67156964873536,0,11,0.0,0.0,0.0,0.0,-35.82824368727279,-35.82824368727279,-35.82824368727279,-35.82824368727279,1.0,1.0,1.0,0.0,0.0,0.0,0.4782608695652174,0.4782608695652174,0.4782608695652174,0.3333333333333333,0.3333333333333333,0.3333333333333333
Mohsen Hossein Zade,1333.6670107142156,1368.6934906841054,1375.9154450292665,1333.6670107142156,2000.0,0.0,34.4,185.67156964873536,0,3,0.0,0.0,0.0,0.0,-66.33298928578438,-66.33298928578438,-66.33298928578438,-66.33298928578438,-1.0,-1.0,-1.0,-1.0,-1.0,-1.0,0.0,0.0,0.0,0.0,0.0,0.0
Paul Jubb,1444.649310692732,1444.649310692732,1444.649310692732,1444.649310692732,201.0,301.0,25.6,180.0,0,8,0.6,0.375,0.375,0.375,44.64931069273189,44.64931069273189,44.64931069273189,44.64931069273189,3.6,3.125,3.125,4.8,4.5,4.5,0.8018119986201734,0.7469271327805392,0.7469271327805392,0.45,0.3816964285714286,0.3816964285714286
Radomir Vasek,1776.5140882110309,1776.5140882110309,1776.5140882110309,1776.5140882110309,470.0,44.0,52.8,188.0,0,50,0.0,0.0,0.0,0.0,0.0,0.0,0.0,0.0,0.0,0.0,0.0,0.0,0.0,0.0,0.0,0.0,0.0,0.0,0.0,0.0
Marc Gicquel,1619.9970757003573,1622.6774392666325,1603.7517108784102,1561.3797027145588,127.0,440.0,47.8,188.0,0,212,0.0,0.16,0.34,0.4,-287.37656039259195,-234.62202742185968,-249.36336303616167,-270.70690516524814,3.2,4.4,5.82,3.8,3.05,2.8,0.6190205187766165,0.674334431872362,0.7175337538469804,0.5809523809523809,0.5113247863247864,0.5467837979014449
Michael Leong,1409.5749438577068,1435.7904248756054,1409.5749438577068,1409.5749438577068,1782.0,1.0,38.8,185.67156964873536,0,21,0.6,0.5238095238095238,0.5238095238095238,0.5238095238095238,-51.4184999120514,9.574943857706785,9.574943857706785,9.574943857706785,-1.0,-1.0,-1.0,-1.0,-1.0,-1.0,0.0,0.0,0.0,0.0,0.0,0.0
Jonathan Marray,1531.0362322315837,1400.0,1531.0362322315837,1535.9130005124862,263.0,142.0,44.2,183.0,0,11,0.2,0.36363636363636365,0.36363636363636365,0.36363636363636365,131.03623223158365,131.03623223158365,131.03623223158365,131.03623223158365,5.4,6.2727272727272725,6.2727272727272725,7.8,6.363636363636363,6.363636363636363,0.6806671405000954,0.7258127728375597,0.7258127728375597,0.4208354646206308,0.4553581116240963,0.4553581116240963
Chak Lam Coleman Wong,1400.0,1400.0,1400.0,1400.0,2000.0,0.0,20.5,185.67156964873536,0,0,0.0,0.0,0.0,0.0,0.0,0.0,0.0,0.0,0.0,0.0,0.0,0.0,0.0,0.0,0.0,0.0,0.0,0.0,0.0,0.0
Mikhail Youzhny,1463.0020210686937,1672.199406672044,1445.3813744176261,1792.8207178349166,110.0,486.0,43.2,183.0,0,970,0.2,0.28,0.3,0.37,-83.36610785521566,-133.6839287687087,-204.01413078695919,-156.3167067908953,3.8,2.95,3.78,4.6,4.45,3.9,0.6633050685682265,0.6732822281543405,0.6720567578947184,0.3538888888888888,0.5609028634763928,0.5718051458345577
Nicolaas Scholtz,1465.3292388787897,1423.2364753479214,1400.0,1465.3292388787897,325.0,144.0,33.9,185.67156964873536,0,11,0.6,0.45454545454545453,0.45454545454545453,0.45454545454545453,65.32923887878974,65.32923887878974,65.32923887878974,65.32923887878974,14.8,7.090909090909091,7.090909090909091,3.6,1.2727272727272727,1.2727272727272727,0.7443944398327151,0.41207118272494425,0.41207118272494425,0.5663492063492064,0.31197691197691196,0.31197691197691196
Bob Bryan,1801.8936612418302,1773.979169527192,1800.6768633162346,1877.9706673482667,2000.0,0.0,47.1,193.0,1,96,0.4,0.32,0.34782608695652173,0.34782608695652173,-3.7899728297488764,-62.60797617871367,-25.1949241522816,-25.1949241522816,-0.2,6.45,6.782608695652174,-0.4,1.2,2.108695652173913,0.13191489361702127,0.574541028004301,0.6321522994491394,0.05714285714285716,0.30239177489177493,0.43006854256854254
Kevin Kung,1400.0,1400.0,1400.0,1400.0,2000.0,0.0,35.5,186.27336318231923,1,0,0.0,0.0,0.0,0.0,0.0,0.0,0.0,0.0,0.0,0.0,0.0,0.0,0.0,0.0,0.0,0.0,0.0,0.0,0.0,0.0
Walid Ahouda,1400.0,1400.0,1400.0,1400.0,1077.0,9.0,21.9,185.67156964873536,0,0,0.0,0.0,0.0,0.0,0.0,0.0,0.0,0.0,0.0,0.0,0.0,0.0,0.0,0.0,0.0,0.0,0.0,0.0,0.0,0.0
Razlan Rawi,1363.50301350096,1363.50301350096,1363.50301350096,1363.50301350096,2000.0,0.0,37.0,185.67156964873536,0,2,0.0,0.0,0.0,0.0,-36.49698649904008,-36.49698649904008,-36.49698649904008,-36.49698649904008,-1.0,-1.0,-1.0,-1.0,-1.0,-1.0,0.0,0.0,0.0,0.0,0.0,0.0
Attila Savolt,1768.9764323721338,1723.3793798957092,2013.0206793541383,1834.8736533542792,592.0,29.0,49.6,183.0,0,130,0.2,0.32,0.36,0.3875,-94.40578764778593,-20.70158360434243,-43.07874109201157,-78.19618991116181,2.4,4.6,5.06,5.2,4.45,3.82,0.574063973063973,0.6623974276105866,0.6875808192690647,0.5083333333333333,0.43326839826839825,0.5055616050616051
Jurabek Karimov,1413.989787109172,1400.0,1372.4472969185313,1413.989787109172,873.0,14.0,27.2,186.27336318231923,0,2,0.5,0.5,0.5,0.5,13.989787109172084,13.989787109172084,13.989787109172084,13.989787109172084,8.0,8.0,8.0,9.0,9.0,9.0,0.6116071428571428,0.6116071428571428,0.6116071428571428,0.44957983193277307,0.44957983193277307,0.44957983193277307
Michael Llodra,1735.933915615706,1789.6857327207454,1670.4840579975366,1863.055989137897,192.0,256.0,45.2,190.0,1,458,0.4,0.36,0.42,0.44,-146.12182293183673,-142.0073537433509,-133.56311211140974,-184.75956987209815,6.8,5.85,7.08,2.2,2.5,2.54,0.7257237065467477,0.6883050442235324,0.6982932092362077,0.618131868131868,0.4956905594405595,0.45256193806193806
Harold Mayot,1468.8257886556826,1492.6869266655879,1389.652824008082,1425.483210038795,107.0,567.0,23.7,180.0,0,19,0.2,0.3684210526315789,0.3684210526315789,0.3684210526315789,68.82578865568257,68.82578865568257,68.82578865568257,68.82578865568257,5.2,5.684210526315789,5.684210526315789,3.0,2.3157894736842106,2.3157894736842106,0.6935040939452704,0.6837010136591092,0.6837010136591092,0.5933333333333334,0.6090286991989778,0.6090286991989778
Sebastian Prieto,1782.8044536670172,1782.8044536670172,1794.2813705218637,1782.8044536670172,2000.0,0.0,49.8,180.0,0,56,0.0,0.16666666666666666,0.16666666666666666,0.16666666666666666,-49.60276181522386,-49.60276181522386,-49.60276181522386,-49.60276181522386,3.2,3.3333333333333335,3.3333333333333335,2.8,3.5,3.5,0.6625452355413318,0.6731527756495225,0.6731527756495225,0.5123015873015873,0.5269179894179894,0.5269179894179894
Melle Van Gemerden,1727.7235816467469,1751.630032877576,1781.2545983966133,1756.2964995185896,106.0,404.0,46.1,183.0,0,62,0.2,0.3333333333333333,0.3333333333333333,0.3333333333333333,-23.197523931288742,-23.197523931288742,-23.197523931288742,-23.197523931288742,3.8,3.8333333333333335,3.8333333333333335,2.8,2.0,2.0,0.4054834054834055,0.5462788450636323,0.5462788450636323,0.30952380952380953,0.29464285714285715,0.29464285714285715
Martin Garcia,1372.925504387658,1372.925504387658,1397.764661039193,1400.0,2000.0,0.0,48.1,190.0,0,2,0.0,0.0,0.0,0.0,-27.074495612341934,-27.074495612341934,-27.074495612341934,-27.074495612341934,1.0,1.0,1.0,3.5,3.5,3.5,0.2916666666666667,0.2916666666666667,0.2916666666666667,0.34375,0.34375,0.34375
Paul Kilderry,1717.5539364701235,1728.68704228651,1717.5539364701235,1740.9400905390753,263.0,122.0,52.2,175.0,0,52,0.0,0.0,0.0,0.0,-23.386154068951782,-23.386154068951782,-23.386154068951782,-23.386154068951782,5.5,5.5,5.5,6.5,6.5,6.5,0.6602564102564102,0.6602564102564102,0.6602564102564102,0.2222222222222222,0.2222222222222222,0.2222222222222222
Jurgen Melzer,1713.5186688588403,1748.7190438870048,1652.1710362079941,1739.7706033140944,426.0,88.0,44.4,183.0,1,736,0.4,0.52,0.42,0.45,56.01850531089326,15.986591277404159,-91.08385099455222,-87.45494985613664,4.0,3.85,3.52,1.4,3.45,2.92,0.6400497797966415,0.6649269569615734,0.6263871218580238,0.512777777777778,0.5895535020535021,0.5424105616605617
Dekel Valtzer,1400.0,1400.0,1400.0,1400.0,441.0,62.0,40.7,185.67156964873536,0,0,0.0,0.0,0.0,0.0,0.0,0.0,0.0,0.0,0.0,0.0,0.0,0.0,0.0,0.0,0.0,0.0,0.0,0.0,0.0,0.0
Fabrice Martin,1388.3506807348074,1400.0,1388.3506807348074,1400.0,2000.0,0.0,38.7,198.0,0,1,0.0,0.0,0.0,0.0,-11.649319265192617,-11.649319265192617,-11.649319265192617,-11.649319265192617,0.0,0.0,0.0,1.0,1.0,1.0,0.6875,0.6875,0.6875,0.0,0.0,0.0
Jean Christophe Faurel,1618.5525921803883,1675.2959650672167,1591.9157547573698,1631.3732361881775,148.0,288.0,44.4,175.0,0,18,0.2,0.25,0.25,0.25,-12.82064400778927,-12.82064400778927,-12.82064400778927,-12.82064400778927,2.8,3.75,3.75,3.6,3.5,3.5,0.613479945979946,0.5951656024215956,0.5951656024215956,0.47905525846702324,0.42163175876411174,0.42163175876411174
Scoville Jenkins,1517.5672966158866,1469.4893227374355,1434.7266821838243,1400.0,202.0,383.0,38.5,188.0,0,19,0.2,0.2631578947368421,0.2631578947368421,0.2631578947368421,117.56729661588656,117.56729661588656,117.56729661588656,117.56729661588656,8.8,6.684210526315789,6.684210526315789,5.2,5.2105263157894735,5.2105263157894735,0.6938527779907091,0.6663100689090774,0.6663100689090774,0.4415458937198068,0.5523401319369822,0.5523401319369822
Stephane Bohli,1544.5221970678692,1592.3161384153516,1554.321661786535,1600.2608376137887,401.0,91.0,41.8,185.0,0,36,0.0,0.24,0.23076923076923078,0.23076923076923078,-94.6264637683912,-55.73864054591945,-55.73864054591945,-55.73864054591945,4.2,5.75,4.384615384615385,3.0,2.45,1.8461538461538463,0.7093933550640867,0.643133656072368,0.5482088239987835,0.4958730158730159,0.5352605890841186,0.43096968391086043
David Wheaton,1687.075133547503,1646.9447812338615,1687.075133547503,1717.5287115915264,343.0,82.0,56.2,193.0,0,13,0.3333333333333333,0.3333333333333333,0.3333333333333333,0.3333333333333333,12.689667893334445,12.689667893334445,12.689667893334445,12.689667893334445,5.333333333333333,5.333333333333333,5.333333333333333,5.333333333333333,5.333333333333333,5.333333333333333,0.7628826530612245,0.7628826530612245,0.7628826530612245,0.5992063492063492,0.5992063492063492,0.5992063492063492
Amr Elsayed Abdou Ahmed Mohamed,1399.9654736280245,1375.0,1432.8724246360002,1399.9654736280245,643.0,48.0,26.5,185.0,0,5,0.4,0.4,0.4,0.4,-0.03452637197551667,-0.03452637197551667,-0.03452637197551667,-0.03452637197551667,0.4,0.4,0.4,0.0,0.0,0.0,0.30557275541795664,0.30557275541795664,0.30557275541795664,0.2,0.2,0.2
Wilfredo Gonzalez,1402.1784142239944,1426.448484127871,1400.0,1402.1784142239944,1089.0,7.0,32.1,188.0,0,8,0.6,0.5,0.5,0.5,2.178414223994423,2.178414223994423,2.178414223994423,2.178414223994423,3.8,2.75,2.75,3.0,2.375,2.375,0.4314268758577205,0.4412798156112775,0.4412798156112775,0.34285714285714286,0.38095238095238093,0.38095238095238093
Sebastien Lareau,1819.1030711104988,1909.5562266229715,1840.9718136272938,1892.050332591834,164.0,230.0,52.2,183.0,0,81,0.2,0.44,0.3548387096774194,0.3548387096774194,-3.919935979926322,-78.3168773609259,-78.3168773609259,-78.3168773609259,3.2,3.85,4.451612903225806,4.6,2.3,2.806451612903226,0.6419055944055944,0.5703780371507621,0.5493809731594967,0.6199999999999999,0.4810714285714286,0.4579109062980031
Manuel Sanchez,1456.20751868441,1401.0704245277807,1404.5614388832687,1456.20751868441,821.0,17.0,34.1,183.0,0,11,0.8,0.5454545454545454,0.5454545454545454,0.5454545454545454,56.20751868440993,56.20751868440993,56.20751868440993,56.20751868440993,1.8,1.8181818181818181,1.8181818181818181,2.2,2.3636363636363638,2.3636363636363638,0.42519664842681254,0.3830010406190297,0.3830010406190297,0.4076190476190476,0.35800865800865805,0.35800865800865805
Mariano Sanchez,1566.017592260695,1607.1962298350259,1566.017592260695,1566.017592260695,978.0,5.0,47.0,186.27336318231923,0,10,0.0,0.0,0.0,0.0,0.0,0.0,0.0,0.0,0.0,0.0,0.0,0.0,0.0,0.0,0.0,0.0,0.0,0.0,0.0,0.0
Andrea Pellegrino,1419.6139319376955,1419.6139319376955,1419.6139319376955,1419.6139319376955,153.0,389.0,28.3,185.0,0,2,0.5,0.5,0.5,0.5,19.613931937695497,19.613931937695497,19.613931937695497,19.613931937695497,0.5,0.5,0.5,2.0,2.0,2.0,0.5565302144249512,0.5565302144249512,0.5565302144249512,0.35,0.35,0.35
Henri Squire,1390.8028069622897,1400.0,1433.5958874009523,1369.6773370709234,187.0,314.0,24.9,196.0,0,5,0.2,0.2,0.2,0.2,-9.197193037710349,-9.197193037710349,-9.197193037710349,-9.197193037710349,6.0,6.0,6.0,3.4,3.4,3.4,0.7799228931987553,0.7799228931987553,0.7799228931987553,0.4758041958041958,0.4758041958041958,0.4758041958041958
Joji Miyao,1396.6021957606342,1396.6021957606342,1396.6021957606342,1396.6021957606342,1071.0,5.0,44.2,185.67156964873536,0,1,0.0,0.0,0.0,0.0,-3.397804239365769,-3.397804239365769,-3.397804239365769,-3.397804239365769,-1.0,-1.0,-1.0,-1.0,-1.0,-1.0,0.0,0.0,0.0,0.0,0.0,0.0
Nikolay Davydenko,1713.4607465171584,1845.3889243130868,1655.9696067451705,1349.5677862374116,92.0,610.0,43.9,178.0,0,831,0.2,0.4,0.42,0.47,-95.25850214299135,-104.42372870505051,-175.5348524011124,-177.9957400673859,3.0,4.3,2.9,2.6,2.4,2.5,0.6593327864369701,0.6179152188038725,0.631869528762661,0.5722222222222222,0.5227579365079366,0.5349123376623376
Michael Agwi,1389.1792712993017,1400.0,1425.0492330724533,1389.1792712993017,487.0,83.0,22.0,193.0,0,3,0.3333333333333333,0.3333333333333333,0.3333333333333333,0.3333333333333333,-10.820728700698282,-10.820728700698282,-10.820728700698282,-10.820728700698282,7.666666666666667,7.666666666666667,7.666666666666667,2.0,2.0,2.0,0.7052027486219133,0.7052027486219133,0.7052027486219133,0.4166666666666667,0.4166666666666667,0.4166666666666667
Edward Corrie,1400.0,1400.0,1400.0,1400.0,330.0,130.0,37.3,183.0,0,0,0.0,0.0,0.0,0.0,0.0,0.0,0.0,0.0,0.0,0.0,0.0,0.0,0.0,0.0,0.0,0.0,0.0,0.0,0.0,0.0
Genaro Alberto Olivieri,1400.0,1400.0,1463.4789999931215,1400.0,231.0,257.0,26.8,175.0,0,0,0.0,0.0,0.0,0.0,0.0,0.0,0.0,0.0,0.0,0.0,0.0,0.0,0.0,0.0,0.0,0.0,0.0,0.0,0.0,0.0
Todor Enev,1524.896987145498,1556.4121801357448,1552.4823209264673,1524.896987145498,780.0,16.0,43.0,185.67156964873536,0,32,0.2,0.45454545454545453,0.45454545454545453,0.45454545454545453,-54.73745965362673,-65.68047357901469,-65.68047357901469,-65.68047357901469,-1.0,-1.0,-1.0,-1.0,-1.0,-1.0,0.0,0.0,0.0,0.0,0.0,0.0
Kyle Edmund,1689.58280590015,1611.6133372087952,1500.3134668497885,1412.826253999602,473.0,85.0,30.3,188.0,0,246,0.0,0.4,0.42,0.48,-186.98455698888029,-120.7791547520867,-186.13110266065155,-270.0265671038985,4.8,5.6,6.18,4.0,3.7,2.52,0.6320146520146521,0.7076690390227509,0.7327837655155927,0.3814285714285714,0.553611111111111,0.5442710345210345
Alberto Martin,1524.8263692048008,1718.650548360393,1994.1197823398556,1813.583470657278,136.0,375.0,46.7,175.0,0,553,0.4,0.32,0.34,0.36,-33.11405455819886,-114.15328628518319,-136.83760509026774,-299.769582302926,0.8,1.6,1.86,2.2,2.65,2.68,0.6274496257766143,0.6406372332350718,0.6517458311962203,0.4428571428571429,0.5360940065681445,0.496698896888552
David Agung Susanto,1318.4822112750087,1279.4812311172705,1400.0,1400.0,2050.0,1.0,34.1,185.67156964873536,0,19,0.4,0.2631578947368421,0.2631578947368421,0.2631578947368421,-81.5177887249913,-81.5177887249913,-81.5177887249913,-81.5177887249913,0.8,-0.10526315789473684,-0.10526315789473684,1.8,0.3684210526315789,0.3684210526315789,0.25103578154425615,0.12993903675889237,0.12993903675889237,0.29333333333333333,0.1402834008097166,0.1402834008097166
Jui Chen Hung,1403.0811120362973,1376.0649019922903,1403.0811120362973,1403.0811120362973,601.0,52.0,34.9,185.67156964873536,0,6,0.6,0.5,0.5,0.5,3.081112036297327,3.081112036297327,3.081112036297327,3.081112036297327,-1.0,-1.0,-1.0,-1.0,-1.0,-1.0,0.0,0.0,0.0,0.0,0.0,0.0
Liang Chi Huang,1496.0146718150584,1476.2783457987798,1400.0,1496.0146718150584,529.0,66.0,33.3,186.27336318231923,0,6,0.8,0.8333333333333334,0.8333333333333334,0.8333333333333334,96.01467181505836,96.01467181505836,96.01467181505836,96.01467181505836,0.4,0.16666666666666666,0.16666666666666666,-0.6,-0.6666666666666666,-0.6666666666666666,0.32976190476190476,0.27480158730158727,0.27480158730158727,0.3,0.25,0.25
Kevin Sorensen,1473.9565924299084,1422.1358219204892,1473.9565924299084,1400.0,858.0,14.0,44.1,183.0,0,6,0.6,0.5,0.5,0.5,73.95659242990837,73.95659242990837,73.95659242990837,73.95659242990837,-1.0,-1.0,-1.0,-1.0,-1.0,-1.0,0.0,0.0,0.0,0.0,0.0,0.0
Michael Brown B395,1479.3299124847752,1475.6330194703241,1459.7625640905892,1479.3299124847752,2000.0,0.0,53.9,175.0,0,9,0.4,0.6666666666666666,0.6666666666666666,0.6666666666666666,79.32991248477515,79.32991248477515,79.32991248477515,79.32991248477515,-1.0,-1.0,-1.0,-1.0,-1.0,-1.0,0.0,0.0,0.0,0.0,0.0,0.0
Lionel Roux,1856.8989929249058,1856.8989929249058,1856.8989929249058,1856.8989929249058,331.0,88.0,52.3,185.0,0,62,0.2,0.4166666666666667,0.4166666666666667,0.4166666666666667,40.5250732107545,40.5250732107545,40.5250732107545,40.5250732107545,3.8,3.5833333333333335,3.5833333333333335,4.4,3.1666666666666665,3.1666666666666665,0.7181277379981268,0.7156693671784459,0.7156693671784459,0.5199999999999999,0.4439153439153439,0.4439153439153439
Dominic Thiem,1594.9906968160003,1578.2512586261776,1603.0457799022515,1245.6085551824272,318.0,162.0,32.1,185.0,0,565,0.0,0.4,0.42,0.44,-141.23471548591078,-167.67213242127264,-273.51795730037634,-629.3326489839064,4.0,5.7,5.4,2.8,3.25,3.12,0.6569524047255898,0.7105693077159356,0.7163242113307325,0.38242424242424244,0.569559052059052,0.5718352497176027
Michael Hill,1806.9579333200618,1787.0269128830464,1806.9579333200618,1787.0269128830464,226.0,149.0,50.9,188.0,0,52,0.5,0.5,0.5,0.5,19.931020437015377,19.931020437015377,19.931020437015377,19.931020437015377,11.5,11.5,11.5,5.0,5.0,5.0,0.8044090056285178,0.8044090056285178,0.8044090056285178,0.6875,0.6875,0.6875
Takuto Niki,1400.0,1400.0,1400.0,1400.0,340.0,132.0,37.9,183.0,0,0,0.0,0.0,0.0,0.0,0.0,0.0,0.0,0.0,0.0,0.0,0.0,0.0,0.0,0.0,0.0,0.0,0.0,0.0,0.0,0.0
Alexandr Dolgopolov,1910.7063000243957,1661.0752916987763,1631.9404371475684,1437.0219726415453,54.0,966.0,36.5,180.0,0,422,0.4,0.6,0.54,0.49,-19.952570595628004,23.665918441467966,47.128641822359896,-31.101481213373745,9.6,7.95,6.8,5.0,3.3,2.92,0.7095036516943793,0.7394256020313813,0.7404593461990108,0.5566666666666668,0.5376312576312576,0.5618852258852258
Nikos Rovas,1707.8013613032529,1707.8013613032529,1700.9704777155673,1707.8013613032529,2000.0,0.0,47.5,185.67156964873536,0,17,0.6,0.5714285714285714,0.5714285714285714,0.5714285714285714,23.849152325039995,23.849152325039995,23.849152325039995,23.849152325039995,-1.0,-1.0,-1.0,-1.0,-1.0,-1.0,0.0,0.0,0.0,0.0,0.0,0.0
Felipe Rios,1400.0,1400.0,1400.0,1400.0,1285.0,2.0,32.9,185.67156964873536,0,0,0.0,0.0,0.0,0.0,0.0,0.0,0.0,0.0,0.0,0.0,0.0,0.0,0.0,0.0,0.0,0.0,0.0,0.0,0.0,0.0
Axel Pretzsch,1843.2284603363767,1877.6904063643944,1884.0764669549742,1866.2199017282942,134.0,313.0,49.0,185.0,0,70,0.4,0.3,0.3,0.3,-60.09702145480401,-40.84800661859754,-40.84800661859754,-40.84800661859754,2.2,4.55,4.55,3.8,4.25,4.25,0.6060145888594164,0.6752451863614832,0.6752451863614832,0.531025641025641,0.49922286047286046,0.49922286047286046
Vasilly Kazhera,1590.5774607245128,1590.5774607245128,1590.5774607245128,1590.5774607245128,1087.0,3.0,43.4,185.67156964873536,0,10,0.0,0.0,0.0,0.0,0.0,0.0,0.0,0.0,0.0,0.0,0.0,0.0,0.0,0.0,0.0,0.0,0.0,0.0,0.0,0.0
Gabor Borsos,1364.8468742131947,1412.1828416082853,1377.5310206572512,1364.8468742131947,552.0,7.0,33.5,193.0,0,4,0.25,0.25,0.25,0.25,-35.153125786805276,-35.153125786805276,-35.153125786805276,-35.153125786805276,-0.25,-0.25,-0.25,-0.75,-0.75,-0.75,0.17338709677419356,0.17338709677419356,0.17338709677419356,0.125,0.125,0.125
James Sekulov,1813.6807481674184,1849.6117556601455,1852.4912523714252,1852.4912523714252,244.0,140.0,49.1,180.0,0,61,0.2,0.2727272727272727,0.2727272727272727,0.2727272727272727,-38.81050420400675,-38.81050420400675,-38.81050420400675,-38.81050420400675,1.8,2.6363636363636362,2.6363636363636362,3.8,3.5454545454545454,3.5454545454545454,0.6834572945038062,0.6544070352209718,0.6544070352209718,0.5476190476190476,0.5264430014430015,0.5264430014430015
Juan Pablo Varillas,1520.8637539717488,1320.6339194369677,1604.8159800375888,1400.0,179.0,331.0,29.9,185.0,0,83,0.4,0.32,0.42,0.43373493975903615,-87.51330632565578,-42.52056002850827,-38.19998363750392,120.86375397174879,3.6,3.7,3.98,1.8,1.45,1.34,0.6574223567001942,0.6067389198519983,0.6221673835017637,0.6416666666666667,0.4590700965700966,0.49004012654012646
Rodrigo Senattore,1369.3436261460683,1369.3436261460683,1369.3436261460683,1369.3436261460683,1026.0,11.0,31.6,186.27336318231923,0,2,0.0,0.0,0.0,0.0,-30.656373853931655,-30.656373853931655,-30.656373853931655,-30.656373853931655,-1.0,-1.0,-1.0,-1.0,-1.0,-1.0,0.0,0.0,0.0,0.0,0.0,0.0
Joshua Eagle,1400.0,1400.0,1400.0,1400.0,2000.0,0.0,51.8,183.0,0,0,0.0,0.0,0.0,0.0,0.0,0.0,0.0,0.0,0.0,0.0,0.0,0.0,0.0,0.0,0.0,0.0,0.0,0.0,0.0,0.0
Yu Jr Wang,1400.7896916951017,1549.3536781426676,1572.9225841206053,1527.7986595220673,548.0,45.0,44.1,186.27336318231923,1,31,0.0,0.23809523809523808,0.23809523809523808,0.23809523809523808,-154.0560251273871,-172.13289242550354,-172.13289242550354,-172.13289242550354,1.0,-0.25,-0.2857142857142857,1.4,0.05,0.0,0.25650793650793646,0.1624761904761905,0.15473922902494333,0.23500000000000001,0.15041666666666667,0.14325396825396824
Ignaci Roca,1355.2697440947206,1355.2697440947206,1355.2697440947206,1355.2697440947206,2000.0,0.0,38.7,185.67156964873536,0,2,0.0,0.0,0.0,0.0,-44.730255905279364,-44.730255905279364,-44.730255905279364,-44.730255905279364,-1.0,-1.0,-1.0,-1.0,-1.0,-1.0,0.0,0.0,0.0,0.0,0.0,0.0
David Josepa,1358.445559673246,1400.0,1395.1879726363584,1358.445559673246,2000.0,0.0,38.8,185.67156964873536,0,3,0.0,0.0,0.0,0.0,-41.55444032675405,-41.55444032675405,-41.55444032675405,-41.55444032675405,-1.0,-1.0,-1.0,-1.0,-1.0,-1.0,0.0,0.0,0.0,0.0,0.0,0.0
Aisam Ul Haq Qureshi,1514.379752504074,1583.8431589039867,1657.5328041307635,1765.8272339801615,2000.0,0.0,44.8,183.0,0,119,0.6,0.56,0.54,0.5652173913043478,-105.78692240888017,-246.36707809293534,-209.31701265613015,-238.63270366847564,8.0,5.65,5.12,5.8,2.1,1.66,0.6788412206988058,0.34345229399385974,0.35206470156967695,0.21904761904761902,0.21458333333333335,0.2612936507936508
Yuki Bhambri,1534.2113449797507,1559.6850870078483,1420.2402955720554,1358.481711444393,571.0,55.0,32.5,185.0,0,60,0.4,0.36,0.46,0.4666666666666667,-87.0252934240741,-36.48225795043595,3.1730027517292,134.21134497975072,3.0,2.2,1.72,3.8,3.8,2.4,0.6894091102676838,0.6383731280208679,0.5011729498727209,0.46111111111111114,0.4740064102564102,0.35139910089910087
Alexios Halebian,1400.0,1400.0,1400.0,1400.0,644.0,39.0,31.1,185.67156964873536,1,0,0.0,0.0,0.0,0.0,0.0,0.0,0.0,0.0,0.0,0.0,0.0,0.0,0.0,0.0,0.0,0.0,0.0,0.0,0.0,0.0
Ivo Karlovic,1501.7346180708664,1586.4843971542055,1485.925931830999,1826.0254798304288,221.0,309.0,46.5,208.0,0,728,0.4,0.32,0.36,0.4,-122.04675349968807,-98.97437826557166,-205.86677399747077,-410.8413090254387,18.0,19.5,22.12,5.6,4.8,4.9,0.7871811820198917,0.7961803210938271,0.8188752372688352,0.5299999999999999,0.6454761904761905,0.606015873015873
Cesar Cruz,1325.62339445828,1372.2763064209425,1377.221805110782,1325.62339445828,2000.0,0.0,18.9,185.67156964873536,0,3,0.0,0.0,0.0,0.0,-74.37660554171998,-74.37660554171998,-74.37660554171998,-74.37660554171998,-1.0,-1.0,-1.0,-1.0,-1.0,-1.0,0.0,0.0,0.0,0.0,0.0,0.0
Tatsuma Ito,1581.5780683848498,1423.3356409091573,1456.3079345954402,1432.314099219328,146.0,362.0,36.6,180.0,0,101,0.2,0.4,0.34,0.36,-45.167801457263295,-31.198107419700364,-15.622479344222711,215.3254453300408,4.6,4.0,4.02,4.6,3.6,2.72,0.6897261466011466,0.6845700673562558,0.6360991630014515,0.5296078431372548,0.46546918767507,0.450187675070028
Vitaliy Pavlov,1400.0,1400.0,1400.0,1400.0,2000.0,0.0,40.9,185.67156964873536,0,0,0.0,0.0,0.0,0.0,0.0,0.0,0.0,0.0,0.0,0.0,0.0,0.0,0.0,0.0,0.0,0.0,0.0,0.0,0.0,0.0
Alexandar Lazarov,1433.7571911595996,1405.969292452878,1400.0,1433.7571911595996,709.0,38.0,27.9,191.0,0,11,0.4,0.36363636363636365,0.36363636363636365,0.36363636363636365,33.75719115959964,33.75719115959964,33.75719115959964,33.75719115959964,3.6,3.0,3.0,2.2,2.5454545454545454,2.5454545454545454,0.47256688409907355,0.44614557050973186,0.44614557050973186,0.4173626373626374,0.33085248085248087,0.33085248085248087
Nicolas Renavand,1438.5662483115113,1400.0,1438.5662483115113,1438.5662483115113,364.0,116.0,43.2,185.67156964873536,0,1,1.0,1.0,1.0,1.0,38.566248311511345,38.566248311511345,38.566248311511345,38.566248311511345,8.0,8.0,8.0,2.0,2.0,2.0,0.6530612244897959,0.6530612244897959,0.6530612244897959,0.7,0.7,0.7
Jiri Vanek,1586.9364759072946,1714.7536175830296,1832.6896461668066,1811.2093551493338,155.0,487.0,47.0,185.0,0,237,0.2,0.28,0.3,0.32,-61.1975805363586,-83.79854471618182,-152.53593305052777,-230.45220979024816,6.4,5.6,5.12,4.0,3.15,2.78,0.5352740475585304,0.6229021780866287,0.6457841924765172,0.36752136752136766,0.551224594119331,0.5253350187823872
Ruan Roelofse,1334.8615577487533,1344.2246676234524,1400.0,1334.8615577487533,787.0,25.0,35.8,188.0,0,9,0.2,0.2222222222222222,0.2222222222222222,0.2222222222222222,-65.13844225124672,-65.13844225124672,-65.13844225124672,-65.13844225124672,0.2,-0.3333333333333333,-0.3333333333333333,-0.4,-0.6666666666666666,-0.6666666666666666,0.11020408163265305,0.06122448979591836,0.06122448979591836,0.125,0.06944444444444445,0.06944444444444445
Horacio Zeballos,1670.4823362358425,1605.362376540918,1662.4723907469513,1326.044518904658,152.0,373.0,40.3,188.0,1,223,0.4,0.4,0.48,0.43,-7.124457695914771,-85.40282828506133,15.932238444436052,30.428682506693576,7.6,6.55,5.58,4.4,3.15,2.32,0.6881173929954418,0.7229822773142113,0.7102518264072059,0.6819780219780218,0.7133775946275945,0.6021605616605616
Juan Pablo Ficovich,1375.7482135396626,1375.7482135396626,1375.7482135396626,1375.7482135396626,230.0,277.0,28.0,191.0,0,1,0.0,0.0,0.0,0.0,-24.25178646033737,-24.25178646033737,-24.25178646033737,-24.25178646033737,2.0,2.0,2.0,2.0,2.0,2.0,0.6444444444444445,0.6444444444444445,0.6444444444444445,0.45454545454545453,0.45454545454545453,0.45454545454545453
Johan Landsberg,1681.7376228914331,1681.7376228914331,1681.7376228914331,1681.7376228914331,611.0,22.0,50.4,183.0,0,10,0.0,0.0,0.0,0.0,0.0,0.0,0.0,0.0,0.0,0.0,0.0,0.0,0.0,0.0,0.0,0.0,0.0,0.0,0.0,0.0
Jan Mertl,1439.4607497773645,1400.0,1425.4867245001708,1439.4607497773645,306.0,158.0,43.5,190.0,0,1,1.0,1.0,1.0,1.0,39.460749777364526,39.460749777364526,39.460749777364526,39.460749777364526,-1.0,-1.0,-1.0,-1.0,-1.0,-1.0,0.0,0.0,0.0,0.0,0.0,0.0
Ashkan Shokoofi,1447.206226575664,1400.0,1451.1317699897056,1447.206226575664,1049.0,6.0,43.7,185.67156964873536,0,12,0.4,0.5833333333333334,0.5833333333333334,0.5833333333333334,47.206226575664004,47.206226575664004,47.206226575664004,47.206226575664004,-1.0,-1.0,-1.0,-1.0,-1.0,-1.0,0.0,0.0,0.0,0.0,0.0,0.0
Christophe Bosio,1549.8331177136001,1549.8331177136001,1549.8331177136001,1549.8331177136001,1152.0,3.0,48.2,185.67156964873536,0,12,0.0,0.0,0.0,0.0,-23.089466407005148,-23.089466407005148,-23.089466407005148,-23.089466407005148,-1.0,-1.0,-1.0,-1.0,-1.0,-1.0,0.0,0.0,0.0,0.0,0.0,0.0
George Chantouria,1374.5370928575103,1374.5370928575103,1400.0,1374.5370928575103,2000.0,0.0,36.1,185.67156964873536,1,1,0.0,0.0,0.0,0.0,-25.462907142489712,-25.462907142489712,-25.462907142489712,-25.462907142489712,-1.0,-1.0,-1.0,-1.0,-1.0,-1.0,0.0,0.0,0.0,0.0,0.0,0.0
Tim Henman,1776.6071553156012,2028.352549494883,1972.9066208814506,2166.6807462023685,92.0,445.0,51.0,185.0,0,748,0.2,0.4,0.52,0.53,-234.21531237412432,-184.29074882882833,-179.1632866979587,-339.17696012097304,11.0,7.25,5.96,5.0,3.6,2.94,0.7557702476611984,0.6418127347893332,0.6828797624030196,0.6816666666666668,0.5574679160708572,0.5881154694978225
Michal Mertinak,1691.7368228955713,1652.4464100391544,1657.397315869197,1572.706258636128,555.0,42.0,45.6,180.0,0,35,0.4,0.4,0.4,0.4,120.47662353406668,114.40091131333043,114.40091131333043,114.40091131333043,1.4,1.35,1.2,-0.2,0.9,0.76,0.23449392712550607,0.38911559849648825,0.3665171602190551,0.2333333333333333,0.36680555555555555,0.34135653235653235
Marat Safin,1824.5520467588988,1922.8294259958805,1950.2494455992417,2087.59869186713,65.0,695.0,45.7,193.0,0,885,0.8,0.52,0.48,0.49,63.9564736773782,-4.096303447493938,-34.8300762984004,-106.3153377824674,12.8,9.8,8.78,1.2,2.7,2.54,0.7989817544883959,0.7486771401123776,0.6882167146113375,0.37666666666666676,0.5603196803196803,0.5187181538268495
Conor Gannon,1396.8717468483696,1396.8717468483696,1422.778194889218,1396.8717468483696,1294.0,5.0,23.2,185.67156964873536,0,2,0.5,0.5,0.5,0.5,-3.1282531516303607,-3.1282531516303607,-3.1282531516303607,-3.1282531516303607,0.5,0.5,0.5,1.5,1.5,1.5,0.32,0.32,0.32,0.21428571428571427,0.21428571428571427,0.21428571428571427
Rabi Bouhassoun,1402.3186472688024,1402.3186472688024,1402.3186472688024,1402.3186472688024,2000.0,0.0,46.5,185.67156964873536,0,2,0.5,0.5,0.5,0.5,2.3186472688023514,2.3186472688023514,2.3186472688023514,2.3186472688023514,-1.0,-1.0,-1.0,-1.0,-1.0,-1.0,0.0,0.0,0.0,0.0,0.0,0.0
Martin Pedersen,1481.5681639239367,1438.4687870528385,1484.819509055873,1481.5681639239367,749.0,27.0,37.7,185.67156964873536,0,23,0.6,0.5217391304347826,0.5217391304347826,0.5217391304347826,65.4901355613531,81.56816392393671,81.56816392393671,81.56816392393671,-1.0,-1.0,-1.0,-1.0,-1.0,-1.0,0.0,0.0,0.0,0.0,0.0,0.0
Joseph Victorino,1315.0474631465108,1350.8685387796047,1370.1419723746071,1315.0474631465108,2000.0,0.0,41.4,185.67156964873536,0,7,0.2,0.14285714285714285,0.14285714285714285,0.14285714285714285,-84.95253685348916,-84.95253685348916,-84.95253685348916,-84.95253685348916,-1.0,-1.0,-1.0,-1.0,-1.0,-1.0,0.0,0.0,0.0,0.0,0.0,0.0
Kirill Ivanov Smolensky,1649.5399621711579,1663.5494886576498,1649.5399621711579,1663.5494886576498,544.0,35.0,44.5,185.67156964873536,0,11,0.0,0.0,0.0,0.0,-14.00952648649195,-14.00952648649195,-14.00952648649195,-14.00952648649195,3.0,3.0,3.0,15.0,15.0,15.0,0.6944444444444444,0.6944444444444444,0.6944444444444444,0.6923076923076923,0.6923076923076923,0.6923076923076923
Albert Montanes,1520.331543294622,1499.9407873159914,1922.6538474756783,1655.7146495099335,312.0,155.0,44.4,175.0,0,593,0.4,0.48,0.48,0.46,-30.548140784478846,-64.7775912541656,-114.90721272703354,-127.6730112465093,4.4,3.2,2.62,4.0,3.0,3.32,0.6699353656505082,0.7193058540510467,0.69760331635951,0.5450149850149851,0.4062537462537462,0.5014726384726385
Olivier Mutis,1757.6987105800638,1684.6625419644577,1891.9832040651925,1796.8158802717849,125.0,345.0,47.1,175.0,0,109,0.2,0.32,0.4,0.4067796610169492,-75.1046145367036,-107.03765486453199,-63.85620247812244,-37.22688391968745,5.0,3.7,3.82,1.2,2.15,2.72,0.6674630422768721,0.651275575878201,0.6628419668914813,0.5874747474747475,0.555216588966589,0.5537645648125524
Diego Nargiso,1923.4908220685418,1786.6665692792762,1876.2219542408586,1923.4908220685418,149.0,266.0,55.6,188.0,1,61,0.6,0.7272727272727273,0.7272727272727273,0.7272727272727273,126.21762631520346,126.21762631520346,126.21762631520346,126.21762631520346,6.8,6.545454545454546,6.545454545454546,2.0,4.181818181818182,4.181818181818182,0.807663967611336,0.7831078413519709,0.7831078413519709,0.475,0.4288461538461538,0.4288461538461538
Yunseong Chung,1389.7163174630334,1400.0,1389.7163174630334,1400.0,322.0,160.0,27.3,178.0,0,1,0.0,0.0,0.0,0.0,-10.28368253696658,-10.28368253696658,-10.28368253696658,-10.28368253696658,6.0,6.0,6.0,0.0,0.0,0.0,0.6911764705882353,0.6911764705882353,0.6911764705882353,0.5,0.5,0.5
Andy Ram,1667.1825659803974,1675.9702088679778,1702.0107314044992,1708.1766649024773,2000.0,0.0,44.9,180.0,0,66,0.4,0.25,0.25,0.25,-45.84264690023247,-45.84264690023247,-45.84264690023247,-45.84264690023247,2.6,4.3125,4.3125,0.2,1.0625,1.0625,0.3127272727272728,0.41777470214970214,0.41777470214970214,0.32,0.34076808608058606,0.34076808608058606
Clement Reix,1439.6156906030587,1400.0,1439.6156906030587,1439.6156906030587,502.0,64.0,41.9,185.67156964873536,0,1,1.0,1.0,1.0,1.0,39.61569060305874,39.61569060305874,39.61569060305874,39.61569060305874,21.0,21.0,21.0,0.0,0.0,0.0,0.76,0.76,0.76,0.8888888888888888,0.8888888888888888,0.8888888888888888
James Mccabe,1350.155999657392,1364.6172982361093,1350.155999657392,1400.0,302.0,172.0,22.2,188.0,0,3,0.0,0.0,0.0,0.0,-49.84400034260807,-49.84400034260807,-49.84400034260807,-49.84400034260807,5.666666666666667,5.666666666666667,5.666666666666667,2.0,2.0,2.0,0.5998357963875205,0.5998357963875205,0.5998357963875205,0.32936507936507936,0.32936507936507936,0.32936507936507936
Marco Mirnegg,1396.1067593829882,1396.1067593829882,1400.0,1400.0,306.0,114.0,42.8,180.0,0,1,0.0,0.0,0.0,0.0,-3.89324061701177,-3.89324061701177,-3.89324061701177,-3.89324061701177,-1.0,-1.0,-1.0,-1.0,-1.0,-1.0,0.0,0.0,0.0,0.0,0.0,0.0
Laurent Recouderc,1424.6719344347152,1362.4763477605868,1463.4430689285603,1424.6719344347152,207.0,239.0,41.2,178.0,0,14,0.2,0.21428571428571427,0.21428571428571427,0.21428571428571427,24.67193443471524,24.67193443471524,24.67193443471524,24.67193443471524,3.8,3.857142857142857,3.857142857142857,1.8,2.2857142857142856,2.2857142857142856,0.6614337368354585,0.6823560947313918,0.6823560947313918,0.5414918414918415,0.5664187003472717,0.5664187003472717
Mohammed Fawzy,1400.0,1400.0,1400.0,1400.0,2000.0,0.0,41.4,185.67156964873536,0,0,0.0,0.0,0.0,0.0,0.0,0.0,0.0,0.0,0.0,0.0,0.0,0.0,0.0,0.0,0.0,0.0,0.0,0.0,0.0,0.0
Igor Andreev,1741.1720755712795,1553.3420482088422,1586.2556677056916,1502.8068953083823,416.0,87.0,41.9,185.0,0,468,0.2,0.4,0.4,0.4,-109.36303344081966,-57.3870061619441,-104.13943171788878,-201.69222866046766,8.4,5.05,4.88,2.4,2.75,2.7,0.593259109311741,0.6854310244113229,0.6809090853726985,0.1416666666666666,0.3918055555555556,0.4182432567432568
Alessandro Camarco,1400.0,1400.0,1400.0,1400.0,540.0,35.0,43.4,185.67156964873536,0,0,0.0,0.0,0.0,0.0,0.0,0.0,0.0,0.0,0.0,0.0,0.0,0.0,0.0,0.0,0.0,0.0,0.0,0.0,0.0,0.0
Luke Bourgeois,1599.1277450390257,1599.1277450390257,1599.1277450390257,1599.1277450390257,369.0,92.0,47.8,188.0,0,11,0.0,0.0,0.0,0.0,-5.1096477684561705,-5.1096477684561705,-5.1096477684561705,-5.1096477684561705,11.0,11.0,11.0,5.0,5.0,5.0,0.8333333333333334,0.8333333333333334,0.8333333333333334,0.6666666666666666,0.6666666666666666,0.6666666666666666
Dimitri Mazur,1666.0618398823617,1666.0618398823617,1666.0618398823617,1666.0618398823617,587.0,30.0,45.5,185.67156964873536,0,12,1.0,1.0,1.0,1.0,20.33363762499539,20.33363762499539,20.33363762499539,20.33363762499539,-1.0,-1.0,-1.0,-1.0,-1.0,-1.0,0.0,0.0,0.0,0.0,0.0,0.0
Jason Jung,1432.4133016809765,1395.2244919168081,1432.407215482241,1505.5435484578045,276.0,206.0,36.1,180.0,0,33,0.2,0.32,0.30303030303030304,0.30303030303030304,-29.83414959119341,0.006086198735374637,0.006086198735374637,0.006086198735374637,1.0,2.7,3.303030303030303,1.4,1.85,2.515151515151515,0.5312315225424982,0.6022451343107991,0.6176566142168133,0.5307142857142857,0.4231700244200244,0.5065804078961973
Sami Ghorbel,1400.0,1400.0,1400.0,1400.0,2000.0,0.0,33.1,185.67156964873536,0,0,0.0,0.0,0.0,0.0,0.0,0.0,0.0,0.0,0.0,0.0,0.0,0.0,0.0,0.0,0.0,0.0,0.0,0.0,0.0,0.0
George Tsivadze,1318.8344662600784,1400.0,1385.8225420335675,1318.8344662600784,933.0,12.0,32.6,191.0,1,6,0.2,0.16666666666666666,0.16666666666666666,0.16666666666666666,-81.16553373992156,-81.16553373992156,-81.16553373992156,-81.16553373992156,1.4,1.3333333333333333,1.3333333333333333,2.8,3.3333333333333335,3.3333333333333335,0.4518656898656899,0.4598880748880749,0.4598880748880749,0.4411111111111111,0.4231481481481481,0.4231481481481481
Jaime Cortes,1400.0,1400.0,1400.0,1400.0,2000.0,0.0,59.6,185.67156964873536,0,0,0.0,0.0,0.0,0.0,0.0,0.0,0.0,0.0,0.0,0.0,0.0,0.0,0.0,0.0,0.0,0.0,0.0,0.0,0.0,0.0
Kevin Jonckheer,1388.9952804963807,1388.9952804963807,1400.0,1388.9952804963807,2000.0,0.0,53.2,185.67156964873536,0,1,0.0,0.0,0.0,0.0,-11.004719503619299,-11.004719503619299,-11.004719503619299,-11.004719503619299,-1.0,-1.0,-1.0,-1.0,-1.0,-1.0,0.0,0.0,0.0,0.0,0.0,0.0
Sebastien Vidal,1402.5756985992252,1402.5756985992252,1402.5756985992252,1402.5756985992252,1961.0,1.0,35.3,185.67156964873536,0,2,0.5,0.5,0.5,0.5,2.575698599225234,2.575698599225234,2.575698599225234,2.575698599225234,-1.0,-1.0,-1.0,-1.0,-1.0,-1.0,0.0,0.0,0.0,0.0,0.0,0.0
John Morrissey,1400.0,1400.0,1400.0,1400.0,2000.0,0.0,32.4,185.67156964873536,0,0,0.0,0.0,0.0,0.0,0.0,0.0,0.0,0.0,0.0,0.0,0.0,0.0,0.0,0.0,0.0,0.0,0.0,0.0,0.0,0.0
Palaphoom Kovapitukted,1384.6629763128922,1360.1930580123287,1400.0,1384.6629763128922,2000.0,0.0,25.3,178.0,0,3,0.3333333333333333,0.3333333333333333,0.3333333333333333,0.3333333333333333,-15.33702368710783,-15.33702368710783,-15.33702368710783,-15.33702368710783,1.0,1.0,1.0,2.0,2.0,2.0,0.6123456790123457,0.6123456790123457,0.6123456790123457,0.08333333333333333,0.08333333333333333,0.08333333333333333
Mattias Siimar,1377.5105270551185,1377.5105270551185,1377.5105270551185,1377.5105270551185,1041.0,10.0,27.6,185.67156964873536,1,1,0.0,0.0,0.0,0.0,-22.489472944881527,-22.489472944881527,-22.489472944881527,-22.489472944881527,2.0,2.0,2.0,2.0,2.0,2.0,0.7352941176470589,0.7352941176470589,0.7352941176470589,0.6666666666666666,0.6666666666666666,0.6666666666666666
Alejandro Gomez Gb42,1400.0,1400.0,1400.0,1400.0,698.0,34.0,33.9,188.0,0,0,0.0,0.0,0.0,0.0,0.0,0.0,0.0,0.0,0.0,0.0,0.0,0.0,0.0,0.0,0.0,0.0,0.0,0.0,0.0,0.0
Leos Friedl,1719.9610642682562,1729.0940719103965,1728.7373535012289,1719.9610642682562,2000.0,0.0,48.0,183.0,0,56,0.2,0.3333333333333333,0.3333333333333333,0.3333333333333333,-1.72117061911581,-1.72117061911581,-1.72117061911581,-1.72117061911581,3.2,2.6666666666666665,2.6666666666666665,3.4,3.5,3.5,0.6429098996314642,0.6503415830262201,0.6503415830262201,0.35090909090909095,0.347979797979798,0.347979797979798
Vladimir Voltchkov,1825.7201771775908,1867.3869459393761,1678.7184526148892,1886.6398185535863,423.0,71.0,47.2,180.0,0,185,0.2,0.36,0.4,0.4,-28.2525531640199,-78.92930280726978,-149.25463524326506,-277.9992248055237,-1.0,0.7,2.24,-1.0,0.15,1.12,0.0,0.20098981253448533,0.3768874161925683,0.0,0.10689440993788821,0.265985036702428
Marcelo Barboza,1578.991916624682,1578.991916624682,1578.991916624682,1578.991916624682,582.0,27.0,45.0,186.27336318231923,0,11,1.0,1.0,1.0,1.0,12.97432436398708,12.97432436398708,12.97432436398708,12.97432436398708,-1.0,-1.0,-1.0,-1.0,-1.0,-1.0,0.0,0.0,0.0,0.0,0.0,0.0
Johny De Leon,1381.1333151578958,1400.0,1407.35787875634,1381.1333151578958,764.0,17.0,41.5,186.27336318231923,0,3,0.3333333333333333,0.3333333333333333,0.3333333333333333,0.3333333333333333,-18.866684842104178,-18.866684842104178,-18.866684842104178,-18.866684842104178,-1.0,-1.0,-1.0,-1.0,-1.0,-1.0,0.0,0.0,0.0,0.0,0.0,0.0
Francesco Aldi,1602.2230218143418,1602.2230218143418,1608.04495945354,1602.2230218143418,238.0,166.0,43.4,175.0,0,18,0.2,0.125,0.125,0.125,-47.450767081198364,-47.450767081198364,-47.450767081198364,-47.450767081198364,0.2,0.5,0.5,3.0,3.125,3.125,0.5820805848392056,0.6024493554234933,0.6024493554234933,0.58,0.6266369047619047,0.6266369047619047
Wahib Maknieh,1375.820307738586,1400.0,1375.820307738586,1375.820307738586,2000.0,0.0,38.5,185.67156964873536,0,1,0.0,0.0,0.0,0.0,-24.179692261413948,-24.179692261413948,-24.179692261413948,-24.179692261413948,-1.0,-1.0,-1.0,-1.0,-1.0,-1.0,0.0,0.0,0.0,0.0,0.0,0.0
Toshihide Matsui,1631.8924959969004,1608.75023302271,1631.8924959969004,1631.8924959969004,536.0,42.0,47.4,180.0,0,15,0.8,0.8,0.8,0.8,58.9699118762951,58.9699118762951,58.9699118762951,58.9699118762951,1.6,1.6,1.6,2.6,2.6,2.6,0.370051601258793,0.370051601258793,0.370051601258793,0.3977777777777778,0.3977777777777778,0.3977777777777778
Robin Vik,1702.6186292457373,1725.6350151251438,1715.9113824573033,1662.9048103027346,378.0,154.0,45.2,183.0,0,107,0.2,0.28,0.34,0.3508771929824561,-107.82744882534416,-135.87706342598358,-43.08703368787678,3.1344042527373404,5.4,4.25,3.86,3.4,3.4,3.58,0.7505461481648776,0.6672001760170542,0.6545015165150195,0.6765151515151515,0.568929711592755,0.5291958717610892
Pavol Cervenak,1585.819081124706,1400.0,1563.435909387623,1585.819081124706,204.0,246.0,38.0,191.0,0,11,0.8,0.6363636363636364,0.6363636363636364,0.6363636363636364,185.81908112470592,185.81908112470592,185.81908112470592,185.81908112470592,1.0,1.4545454545454546,1.4545454545454546,4.6,3.1818181818181817,3.1818181818181817,0.5080783633758383,0.47284624945786624,0.47284624945786624,0.513968253968254,0.4545676545676546,0.4545676545676546
Benedikt Dorsch,1587.5186129785689,1594.1857154883992,1587.5186129785689,1597.1647312603918,236.0,166.0,44.1,178.0,0,12,0.0,0.0,0.0,0.0,-9.646118281822964,-9.646118281822964,-9.646118281822964,-9.646118281822964,4.0,4.0,4.0,1.0,1.0,1.0,0.4919110212335692,0.4919110212335692,0.4919110212335692,0.34065934065934067,0.34065934065934067,0.34065934065934067
Alvaro Raposo De Oliveira,1400.0,1400.0,1400.0,1400.0,761.0,18.0,34.4,186.27336318231923,0,0,0.0,0.0,0.0,0.0,0.0,0.0,0.0,0.0,0.0,0.0,0.0,0.0,0.0,0.0,0.0,0.0,0.0,0.0,0.0,0.0
Ivan Endara,1419.5884590626497,1383.6860389166934,1449.2539269385056,1419.5884590626497,597.0,48.0,36.9,185.67156964873536,0,14,0.4,0.35714285714285715,0.35714285714285715,0.35714285714285715,19.58845906264969,19.58845906264969,19.58845906264969,19.58845906264969,2.8,0.35714285714285715,0.35714285714285715,0.6,-0.42857142857142855,-0.42857142857142855,0.47531650096559613,0.16975589320199863,0.16975589320199863,0.22222222222222224,0.07936507936507937,0.07936507936507937
Viktor Troicki,1646.5604569642496,1486.8912088379134,1538.266032717987,1435.5598552289466,230.0,294.0,39.3,193.0,0,570,0.2,0.32,0.38,0.43,-87.82857620461209,-163.14086639416632,-166.1151439982932,-301.77208844520396,7.8,7.05,7.36,1.4,2.55,2.76,0.7453754510640649,0.6763831853101654,0.6969310880305778,0.5045454545454546,0.4728827751196173,0.46732399471873154
Paul Baccanello,1674.5109746089497,1660.434674386217,1674.5109746089497,1655.3266755027198,276.0,144.0,45.5,183.0,0,19,0.2,0.2222222222222222,0.2222222222222222,0.2222222222222222,19.1842991062299,19.1842991062299,19.1842991062299,19.1842991062299,7.8,8.555555555555555,8.555555555555555,4.8,5.555555555555555,5.555555555555555,0.712872325741891,0.7323960380477182,0.7323960380477182,0.491969696969697,0.48651288798347625,0.48651288798347625
Shao Xuan Zeng,1485.7219866946502,1504.04169556371,1485.7219866946502,1485.7219866946502,393.0,96.0,44.1,185.0,0,14,0.6,0.35714285714285715,0.35714285714285715,0.35714285714285715,85.72198669465024,85.72198669465024,85.72198669465024,85.72198669465024,0.2,0.5,0.5,0.0,0.9285714285714286,0.9285714285714286,0.128,0.2513234926465751,0.2513234926465751,0.08888888888888888,0.1987179487179487,0.1987179487179487
Florian Mayer,1651.1972039900327,1333.2849349939834,1401.1913224203302,1736.3160998483445,193.0,288.0,41.8,190.0,0,507,0.2,0.28,0.28,0.38,-227.02334451121828,-152.1609489860125,-257.7264789847775,-377.17762213340256,3.4,3.35,3.94,2.2,2.25,1.88,0.7029996672998701,0.6587270413512579,0.6834673172978191,0.6580808080808082,0.6076447748158273,0.5930109013793224
Gabriel Montilla,1435.142418914413,1412.3740327965168,1435.142418914413,1435.142418914413,882.0,10.0,45.6,185.67156964873536,0,3,0.6666666666666666,0.6666666666666666,0.6666666666666666,0.6666666666666666,35.14241891441293,35.14241891441293,35.14241891441293,35.14241891441293,-1.0,-1.0,-1.0,-1.0,-1.0,-1.0,0.0,0.0,0.0,0.0,0.0,0.0
Andrew Ilie,1722.5311063381498,1817.5884162054238,2031.8260673013015,1894.3097085006798,394.0,66.0,49.2,180.0,0,256,0.0,0.2,0.3,0.38,-158.67752157443033,-230.26754541360674,-227.1729476219673,-264.27904151818143,4.0,4.2,4.42,4.8,3.15,3.02,0.6725318742340018,0.6167159648603494,0.6509408828300143,0.3792207792207792,0.45312808536492744,0.4741823308270676
Ivo Minar,1744.2004679901574,1696.0232177191729,1531.023495807621,1400.3422559126054,187.0,267.0,41.3,183.0,0,103,0.6,0.36,0.36,0.33,-33.340235831175505,26.767864357620738,76.20063707006943,182.0713130772656,4.0,5.55,5.08,1.0,1.9,1.78,0.39268121041520054,0.5916256823404208,0.6301531036686587,0.1733333333333334,0.4600428737928738,0.4768786213786214
Martins Rocens,1375.5364778957933,1375.5364778957933,1375.5364778957933,1375.5364778957933,1763.0,1.0,24.8,185.0,0,1,0.0,0.0,0.0,0.0,-24.46352210420673,-24.46352210420673,-24.46352210420673,-24.46352210420673,-1.0,-1.0,-1.0,-1.0,-1.0,-1.0,0.0,0.0,0.0,0.0,0.0,0.0
Vasuthevan Ortchuan,1400.0,1400.0,1400.0,1400.0,2000.0,0.0,51.9,185.67156964873536,0,0,0.0,0.0,0.0,0.0,0.0,0.0,0.0,0.0,0.0,0.0,0.0,0.0,0.0,0.0,0.0,0.0,0.0,0.0,0.0,0.0
Dinko Halachev,1400.0,1400.0,1400.0,1400.0,1155.0,7.0,40.4,185.67156964873536,0,0,0.0,0.0,0.0,0.0,0.0,0.0,0.0,0.0,0.0,0.0,0.0,0.0,0.0,0.0,0.0,0.0,0.0,0.0,0.0,0.0
Cayetano March,1426.1920559449545,1426.1920559449545,1426.1920559449545,1426.1920559449545,700.0,33.0,24.6,175.0,0,1,1.0,1.0,1.0,1.0,26.192055944954518,26.192055944954518,26.192055944954518,26.192055944954518,-1.0,-1.0,-1.0,-1.0,-1.0,-1.0,0.0,0.0,0.0,0.0,0.0,0.0
Ruben Bemelmans,1597.8629282884435,1504.1261019839571,1399.6052358199868,1494.3904602270243,221.0,299.0,37.6,183.0,1,89,0.2,0.28,0.36,0.3258426966292135,-109.75763005108956,-89.57920792283039,122.04638227515852,197.86292828844353,3.4,5.25,6.3,1.2,3.1,2.98,0.6560301185420583,0.6561924668630508,0.6716873114305969,0.6202597402597403,0.5622298534798535,0.540437728937729
Patrick Chucri,1413.6643486835121,1380.6232481728382,1437.1842324893398,1413.6643486835121,2000.0,0.0,43.4,186.27336318231923,0,16,0.4,0.4375,0.4375,0.4375,13.664348683512117,13.664348683512117,13.664348683512117,13.664348683512117,-1.0,-1.0,-1.0,-1.0,-1.0,-1.0,0.0,0.0,0.0,0.0,0.0,0.0
Matt Simpson,1400.0,1400.0,1400.0,1400.0,1342.0,2.0,40.6,185.67156964873536,0,0,0.0,0.0,0.0,0.0,0.0,0.0,0.0,0.0,0.0,0.0,0.0,0.0,0.0,0.0,0.0,0.0,0.0,0.0,0.0,0.0
Daniel Cox,1352.4739151710553,1352.4739151710553,1352.4739151710553,1352.4739151710553,214.0,226.0,34.7,170.0,0,4,0.0,0.0,0.0,0.0,-47.526084828944704,-47.526084828944704,-47.526084828944704,-47.526084828944704,2.75,2.75,2.75,4.5,4.5,4.5,0.5925498608534323,0.5925498608534323,0.5925498608534323,0.5357142857142857,0.5357142857142857,0.5357142857142857
Daniel Garza,1494.7031461857055,1475.1144665027957,1440.6877666323905,1494.7031461857055,483.0,73.0,39.8,186.27336318231923,0,26,0.4,0.56,0.5384615384615384,0.5384615384615384,13.723788900317686,94.70314618570546,94.70314618570546,94.70314618570546,-0.4,-0.55,-0.6538461538461539,-0.2,-0.25,-0.4230769230769231,0.23334987593052112,0.11988292352808483,0.09221763348314217,0.18,0.09875,0.07596153846153847
Mitchell Krueger,1500.1270515820206,1496.4916523411139,1432.3815330417617,1395.2269220661938,140.0,409.0,31.6,188.0,0,31,0.4,0.32,0.3225806451612903,0.3225806451612903,63.21523678918447,100.12705158202061,100.12705158202061,100.12705158202061,9.0,4.9,4.967741935483871,3.8,2.4,2.4838709677419355,0.7293244041182186,0.7036400427320697,0.6855988816833336,0.5142857142857142,0.5627575202575202,0.5419726331016653
Mauricio Doria Medina,1377.0281415497864,1401.4755081127314,1409.4642766657391,1377.0281415497864,1312.0,3.0,36.5,185.67156964873536,1,5,0.4,0.4,0.4,0.4,-22.97185845021363,-22.97185845021363,-22.97185845021363,-22.97185845021363,-1.0,-1.0,-1.0,-1.0,-1.0,-1.0,0.0,0.0,0.0,0.0,0.0,0.0
Kamil Majchrzak,1617.7986360416335,1576.8701998900096,1460.2357052509615,1418.689611768651,163.0,364.0,29.6,180.0,0,70,0.6,0.48,0.46,0.44285714285714284,15.970884614511533,148.94899094566836,120.03899770875023,217.79863604163347,6.0,4.95,4.8,2.6,1.65,1.86,0.7527666191718037,0.6441263373308702,0.6523449212557128,0.8318181818181818,0.5427179764679766,0.5582286047286048
Jerome Golmard,1862.908696274587,2059.8150298727796,1949.6825619876952,1976.4878119151351,252.0,142.0,52.0,188.0,1,442,0.6,0.44,0.5,0.52,-68.25426413765035,-175.18923912705964,-171.3145963647139,-203.90413601359046,7.6,6.7,7.12,4.4,4.65,4.06,0.7315762668703846,0.7551590088252056,0.7474425596259262,0.3865079365079366,0.4010108604845447,0.4777553820448557
Farrukh Dustov,1424.098538984969,1426.0159041353431,1470.8989551755556,1333.8644086589904,225.0,240.0,39.1,196.0,0,35,0.0,0.28,0.2857142857142857,0.2857142857142857,32.64066680994006,45.68463813291828,24.098538984969082,24.098538984969082,0.6,-0.05,-0.14285714285714285,-0.4,-0.2,-0.34285714285714286,0.20750000000000002,0.15329109977324262,0.12546866830896256,0.08333333333333333,0.10432539682539684,0.09272108843537415
Gilles Elseneer,1737.6520068050268,1652.9537399873525,1688.2204080631657,1743.0806578746178,156.0,261.0,47.0,188.0,0,51,0.2,0.32,0.4146341463414634,0.4146341463414634,-73.8200998714351,-124.19382405785132,54.1951913687908,54.1951913687908,8.8,6.2,6.195121951219512,4.8,3.8,3.6341463414634148,0.725977058776173,0.6564100290233965,0.6481837816672807,0.6528571428571428,0.4881507936507936,0.4656712122565781
Alec Beckley,1400.0,1400.0,1400.0,1400.0,641.0,48.0,24.2,183.0,0,0,0.0,0.0,0.0,0.0,0.0,0.0,0.0,0.0,0.0,0.0,0.0,0.0,0.0,0.0,0.0,0.0,0.0,0.0,0.0,0.0
Pau Gerbaud Farras,1400.0,1400.0,1400.0,1400.0,2000.0,0.0,41.4,186.27336318231923,0,0,0.0,0.0,0.0,0.0,0.0,0.0,0.0,0.0,0.0,0.0,0.0,0.0,0.0,0.0,0.0,0.0,0.0,0.0,0.0,0.0
Matteo Gigante,1464.553607271376,1464.553607271376,1436.2250735750981,1464.553607271376,139.0,456.0,23.3,180.0,1,2,0.5,0.5,0.5,0.5,12.96400794186843,12.96400794186843,12.96400794186843,12.96400794186843,2.0,2.0,2.0,4.5,4.5,4.5,0.6833333333333333,0.6833333333333333,0.6833333333333333,0.6833333333333333,0.6833333333333333,0.6833333333333333
Kirati Siributwong,1400.0,1400.0,1400.0,1400.0,978.0,9.0,37.8,185.67156964873536,0,0,0.0,0.0,0.0,0.0,0.0,0.0,0.0,0.0,0.0,0.0,0.0,0.0,0.0,0.0,0.0,0.0,0.0,0.0,0.0,0.0
Kuan Yi Lee,1432.8396181852409,1432.8396181852409,1432.8396181852409,1432.8396181852409,598.0,48.0,28.3,178.0,0,3,0.6666666666666666,0.6666666666666666,0.6666666666666666,0.6666666666666666,32.83961818524085,32.83961818524085,32.83961818524085,32.83961818524085,6.333333333333333,6.333333333333333,6.333333333333333,2.6666666666666665,2.6666666666666665,2.6666666666666665,0.6945596863629651,0.6945596863629651,0.6945596863629651,0.6544871794871795,0.6544871794871795,0.6544871794871795
Aditya Hari Sasongko,1336.0816337923943,1386.671829266461,1372.0669079431618,1336.0816337923943,1568.0,2.0,36.5,185.67156964873536,0,9,0.4,0.3333333333333333,0.3333333333333333,0.3333333333333333,-63.918366207605686,-63.918366207605686,-63.918366207605686,-63.918366207605686,1.6,0.4444444444444444,0.4444444444444444,2.4,0.8888888888888888,0.8888888888888888,0.22949179671868744,0.12749544262149304,0.12749544262149304,0.15454545454545454,0.08585858585858586,0.08585858585858586
Facundo Arguello,1325.8301919053522,1398.2989601201834,1351.5783787303412,1411.0004429215408,181.0,291.0,32.9,178.0,0,16,0.0,0.0625,0.0625,0.0625,-85.17025101618856,-85.17025101618856,-85.17025101618856,-85.17025101618856,2.2,2.25,2.25,2.8,3.625,3.625,0.604821485135074,0.6174390395088362,0.6174390395088362,0.425,0.40207188644688646,0.40207188644688646
Andrey Golubev,1620.8626124546101,1571.6655926634608,1542.966669996327,1378.4157029890946,154.0,344.0,38.1,180.0,0,183,0.2,0.24,0.32,0.29,-80.49271753378184,-144.38502999780826,-119.97765903039567,-277.78834965673263,2.2,4.55,3.14,2.8,3.15,2.74,0.6687809125740161,0.6626129516079515,0.6040278750275857,0.5223776223776223,0.4936508099743394,0.5122748983043101
Robby Ginepri,1774.9977231532564,1596.2153592258994,1379.6847516829737,1547.1959452095446,204.0,242.0,42.8,183.0,0,392,0.4,0.32,0.34,0.39,-1.4945514367275337,-27.943415549902284,-73.34646076016156,-262.0024609794293,4.0,3.15,4.54,2.0,2.65,2.2,0.6954772347535505,0.644915660562925,0.6616645707695576,0.6,0.597811004784689,0.5632632630527368
Guillermo Coria,1799.983143173906,1693.3943305569214,1899.59299419468,1557.4759684072574,564.0,41.0,43.4,175.0,0,344,0.2,0.32,0.38,0.57,-317.34957871358233,-420.6993569914023,-518.9408251952921,-506.57895811121057,1.2,0.7,1.2,10.2,10.05,9.38,0.5837506044385407,0.600398561616818,0.5983651806403737,0.3680952380952379,0.4275423333975966,0.44588620134595375
Gwinyai Tongoona,1412.04398531592,1394.8809384316307,1389.411669410119,1412.04398531592,1093.0,6.0,51.7,185.67156964873536,0,4,0.25,0.25,0.25,0.25,12.043985315920054,12.043985315920054,12.043985315920054,12.043985315920054,-1.0,-1.0,-1.0,-1.0,-1.0,-1.0,0.0,0.0,0.0,0.0,0.0,0.0
Ramin Raziyani,1434.4932870221141,1408.7816213574677,1424.532831437785,1434.4932870221141,2000.0,0.0,50.9,186.27336318231923,0,5,0.6,0.6,0.6,0.6,34.493287022114146,34.493287022114146,34.493287022114146,34.493287022114146,-1.0,-1.0,-1.0,-1.0,-1.0,-1.0,0.0,0.0,0.0,0.0,0.0,0.0
German Puentes,1837.371628600106,1871.1721023186608,1847.6700068001767,1888.772050617813,140.0,285.0,52.7,173.0,0,71,0.2,0.2857142857142857,0.2857142857142857,0.2857142857142857,-73.05573792973246,-51.40042201770689,-51.40042201770689,-51.40042201770689,3.4,1.9,1.9047619047619047,4.6,3.6,3.5714285714285716,0.6192993767461853,0.5861103495972982,0.5814291366664165,0.6562643239113828,0.5165958428826076,0.5205674694120072
Gillian Osmont,1400.0,1400.0,1400.0,1400.0,2000.0,0.0,21.7,185.67156964873536,0,0,0.0,0.0,0.0,0.0,0.0,0.0,0.0,0.0,0.0,0.0,0.0,0.0,0.0,0.0,0.0,0.0,0.0,0.0,0.0,0.0
Yong Kyu Lim,1564.0836412149997,1578.7524724955592,1363.957564488297,1400.0,626.0,43.0,34.0,185.0,0,17,0.8,0.5882352941176471,0.5882352941176471,0.5882352941176471,164.08364121499972,164.08364121499972,164.08364121499972,164.08364121499972,-1.0,-1.0,-1.0,-1.0,-1.0,-1.0,0.0,0.0,0.0,0.0,0.0,0.0
Daniel Masur,1409.8264430079557,1403.9561141666836,1384.3507092831358,1403.9561141666836,222.0,316.0,30.6,183.0,0,5,0.2,0.2,0.2,0.2,5.870328841272112,5.870328841272112,5.870328841272112,5.870328841272112,3.8,3.8,3.8,2.8,2.8,2.8,0.6532677362992133,0.6532677362992133,0.6532677362992133,0.651082251082251,0.651082251082251,0.651082251082251
Joel Schwaerzler,1388.0259950656816,1400.0,1400.0,1388.0259950656816,347.0,141.0,19.7,188.0,1,1,0.0,0.0,0.0,0.0,-11.974004934318373,-11.974004934318373,-11.974004934318373,-11.974004934318373,5.0,5.0,5.0,1.0,1.0,1.0,0.5526315789473685,0.5526315789473685,0.5526315789473685,0.3333333333333333,0.3333333333333333,0.3333333333333333
Daniels Tens,1325.9527768628564,1325.9527768628564,1325.9527768628564,1325.9527768628564,2000.0,0.0,20.0,185.67156964873536,0,3,0.0,0.0,0.0,0.0,-74.04722313714365,-74.04722313714365,-74.04722313714365,-74.04722313714365,-0.6666666666666666,-0.6666666666666666,-0.6666666666666666,1.0,1.0,1.0,0.23232323232323235,0.23232323232323235,0.23232323232323235,0.1851851851851852,0.1851851851851852,0.1851851851851852
Gabi Adrian Boitan,1420.4401706143099,1400.0,1400.0,1420.4401706143099,364.0,136.0,26.1,185.0,0,2,0.5,0.5,0.5,0.5,20.440170614309864,20.440170614309864,20.440170614309864,20.440170614309864,3.5,3.5,3.5,2.0,2.0,2.0,0.69,0.69,0.69,0.475,0.475,0.475
Tom Diederich,1400.0,1400.0,1400.0,1400.0,2000.0,0.0,32.2,185.67156964873536,1,0,0.0,0.0,0.0,0.0,0.0,0.0,0.0,0.0,0.0,0.0,0.0,0.0,0.0,0.0,0.0,0.0,0.0,0.0,0.0,0.0
Yannick Hanfmann,1715.8275080726569,1415.9396601922547,1653.5891162857993,1401.7291344289974,95.0,594.0,33.8,193.0,0,152,1.0,0.52,0.48,0.5,61.8643621223448,14.449925769544961,39.45422126059316,82.98851597923453,10.0,6.05,4.9,1.2,1.5,1.74,0.7624811076517013,0.7099097008496111,0.6603963749414163,0.5833333333333334,0.5574909812409813,0.551291181041181
Alexei Popyrin,1811.923803429712,1746.2297109186752,1487.3593775813501,1327.467767315618,24.0,1775.0,26.2,196.0,0,203,0.4,0.6,0.54,0.52,115.88278407020357,62.68770221812747,148.87225560955585,287.1174286716389,12.0,9.35,9.6,1.8,3.35,3.0,0.7346201348977184,0.740835358878118,0.7367470765229779,0.7999999999999999,0.5239033189033189,0.5747172272172272
Philip Sekulic,1423.8195673088983,1423.8195673088983,1423.8195673088983,1423.8195673088983,298.0,189.0,22.0,191.0,0,2,0.5,0.5,0.5,0.5,23.819567308898286,23.819567308898286,23.819567308898286,23.819567308898286,5.5,5.5,5.5,4.0,4.0,4.0,0.6944444444444444,0.6944444444444444,0.6944444444444444,0.6,0.6,0.6
Caio Zampieri,1478.9872114605705,1400.0,1435.7548624190047,1478.9872114605705,316.0,145.0,38.6,183.0,0,3,0.6666666666666666,0.6666666666666666,0.6666666666666666,0.6666666666666666,78.9872114605705,78.9872114605705,78.9872114605705,78.9872114605705,2.3333333333333335,2.3333333333333335,2.3333333333333335,1.0,1.0,1.0,0.45985815602836877,0.45985815602836877,0.45985815602836877,0.34920634920634924,0.34920634920634924,0.34920634920634924
Hiroki Kondo,1615.9444916240245,1615.9444916240245,1615.9444916240245,1615.9444916240245,589.0,39.0,42.9,178.0,0,13,0.3333333333333333,0.3333333333333333,0.3333333333333333,0.3333333333333333,17.369838301324762,17.369838301324762,17.369838301324762,17.369838301324762,2.0,2.0,2.0,2.0,2.0,2.0,0.6360388870907805,0.6360388870907805,0.6360388870907805,0.6164682539682539,0.6164682539682539,0.6164682539682539
Benjamin Hannestad,1407.5852699815323,1382.5852699815323,1407.5852699815323,1407.5852699815323,1094.0,8.0,28.5,185.67156964873536,0,2,0.5,0.5,0.5,0.5,7.585269981532292,7.585269981532292,7.585269981532292,7.585269981532292,1.0,1.0,1.0,3.0,3.0,3.0,0.7589285714285714,0.7589285714285714,0.7589285714285714,0.1875,0.1875,0.1875
Orest Tereshchuk,1758.0500595821557,1604.6311697188996,1663.413605271427,1758.0500595821557,427.0,67.0,43.6,185.67156964873536,0,26,1.0,0.75,0.75,0.75,146.04851108068056,146.04851108068056,146.04851108068056,146.04851108068056,-1.0,-1.0,-1.0,-1.0,-1.0,-1.0,0.0,0.0,0.0,0.0,0.0,0.0
Wayne Black,1911.0389699179045,1901.1549555089152,1862.1034599862094,1887.4587699824558,2000.0,0.0,51.8,170.0,0,107,0.6,0.44,0.44,0.43859649122807015,0.5445045603346443,-0.8357791432101749,25.585763925494803,64.73205410585524,-0.4,-0.2,1.18,-0.4,0.25,1.24,0.11621621621621621,0.22319857396581533,0.41371941780417826,0.12307692307692308,0.1236263736263736,0.35947524697524696
Grigor Dimitrov,2033.4803754254872,1771.118530351586,1535.5793716494668,1460.5841454971019,9.0,3740.0,34.4,191.0,0,754,0.6,0.68,0.7,0.72,-66.00643400288618,-95.24470955212291,-66.20784252895828,117.11477193555015,8.8,8.55,8.02,4.2,5.0,3.96,0.7365256362866031,0.7899363670037685,0.798725466252227,0.6825396825396827,0.5172222222222221,0.522734126984127
Rami Osman,1374.7947732224936,1400.0,1400.0,1374.7947732224936,2000.0,0.0,35.0,185.67156964873536,0,1,0.0,0.0,0.0,0.0,-25.20522677750637,-25.20522677750637,-25.20522677750637,-25.20522677750637,-1.0,-1.0,-1.0,-1.0,-1.0,-1.0,0.0,0.0,0.0,0.0,0.0,0.0
Luciano Darderi,1567.2766812311302,1318.541970644286,1688.4281728075928,1407.784132479535,43.0,1248.0,23.7,183.0,0,53,0.2,0.32,0.5,0.49056603773584906,-100.78601162774999,-41.8361913314252,115.00203457147404,157.58567993032466,6.0,6.65,5.56,1.8,3.1,2.42,0.7367849364841069,0.6950293192030107,0.6930921820710444,0.5516666666666666,0.5387010171201347,0.5861397475073946
Olaf Pieczkowski,1423.2042036527448,1400.0,1423.2042036527448,1423.2042036527448,910.0,13.0,21.4,183.0,0,1,1.0,1.0,1.0,1.0,23.20420365274481,23.20420365274481,23.20420365274481,23.20420365274481,-1.0,-1.0,-1.0,-1.0,-1.0,-1.0,0.0,0.0,0.0,0.0,0.0,0.0
Phuong Van Nguyen,1400.0,1400.0,1400.0,1400.0,2000.0,0.0,24.0,175.0,0,0,0.0,0.0,0.0,0.0,0.0,0.0,0.0,0.0,0.0,0.0,0.0,0.0,0.0,0.0,0.0,0.0,0.0,0.0,0.0,0.0
Michael Mmoh,1644.7211208654244,1715.3501479183246,1398.4682626042004,1366.145055459437,123.0,507.0,27.2,188.0,0,67,0.4,0.52,0.42,0.40298507462686567,93.06186797973123,152.41918373601334,154.7530712564826,244.72112086542438,4.0,7.7,6.34,3.6,4.15,3.78,0.7308308780942309,0.7269065404423778,0.6773341527854916,0.4222222222222222,0.6453670634920634,0.5759372261725203
Hugo Dellien,1420.1946420359286,1336.5001246505176,1549.008168838039,1378.3063524949089,106.0,529.0,32.2,180.0,0,96,0.2,0.28,0.32,0.3645833333333333,-52.172330241076,-45.271973504277184,-90.32836686689893,20.19464203592861,2.0,1.85,1.86,1.6,1.65,1.74,0.634508945386064,0.6592042568720171,0.635210347756025,0.5007936507936508,0.5733279220779222,0.5294975024975025
Mashiska Washington,1744.2782838679298,1744.2782838679298,1744.2782838679298,1744.2782838679298,864.0,11.0,50.5,180.0,0,54,0.25,0.25,0.25,0.25,-11.288927581378857,-11.288927581378857,-11.288927581378857,-11.288927581378857,2.5,2.5,2.5,3.0,3.0,3.0,0.4799812030075188,0.4799812030075188,0.4799812030075188,0.5082972582972582,0.5082972582972582,0.5082972582972582
Saeid Ahmadvand,1400.0,1400.0,1400.0,1400.0,2000.0,0.0,49.0,186.27336318231923,1,0,0.0,0.0,0.0,0.0,0.0,0.0,0.0,0.0,0.0,0.0,0.0,0.0,0.0,0.0,0.0,0.0,0.0,0.0,0.0,0.0
Johan Settergren,1780.3793236576723,1741.4841327217982,1797.7341245412977,1780.3793236576723,383.0,68.0,47.5,185.0,0,55,0.4,0.4,0.4,0.4,25.66927546170814,25.66927546170814,25.66927546170814,25.66927546170814,3.0,3.0,3.0,2.6,2.6,2.6,0.6521836007130124,0.6521836007130124,0.6521836007130124,0.36,0.36,0.36
Pete Sampras,2001.273972115604,2379.505332646077,2147.5296505369183,2343.645539229852,17.0,1560.0,54.0,185.0,0,644,0.4,0.44,0.6,0.63,-156.44888983058217,-202.45368830678308,-174.46853461300861,-278.0045422955254,16.0,14.4,12.88,4.8,5.0,4.62,0.7645447242442127,0.7941194106913373,0.7561002111493899,0.7964102564102564,0.6755979692821797,0.5589160663897506
Demetrios Leontis,1400.0,1400.0,1400.0,1400.0,2000.0,0.0,46.6,185.67156964873536,0,0,0.0,0.0,0.0,0.0,0.0,0.0,0.0,0.0,0.0,0.0,0.0,0.0,0.0,0.0,0.0,0.0,0.0,0.0,0.0,0.0
Nejc Podkrajsek,1400.0,1400.0,1400.0,1400.0,2000.0,0.0,39.4,185.67156964873536,0,0,0.0,0.0,0.0,0.0,0.0,0.0,0.0,0.0,0.0,0.0,0.0,0.0,0.0,0.0,0.0,0.0,0.0,0.0,0.0,0.0
Simon Rea,1418.3368627398966,1397.7916012362605,1391.3003759254877,1418.3368627398966,668.0,26.0,42.7,185.67156964873536,1,7,0.4,0.2857142857142857,0.2857142857142857,0.2857142857142857,18.33686273989656,18.33686273989656,18.33686273989656,18.33686273989656,-1.0,-0.42857142857142855,-0.42857142857142855,-1.0,1.7142857142857142,1.7142857142857142,0.0,0.16125541125541126,0.16125541125541126,0.0,0.1544011544011544,0.1544011544011544
Oliver Marach,1600.5609287584975,1685.2723300494924,1686.3711355221278,1713.6471154674896,2000.0,0.0,44.9,185.0,0,101,0.0,0.36,0.36,0.37254901960784315,-167.88706658136402,-170.0635331768524,-137.0560641941122,-113.08618670899205,1.2,2.85,4.12,1.8,2.6,2.48,0.35288461538461535,0.5250214689463213,0.6210550145658584,0.25833333333333336,0.45610275689223057,0.5117709120496171
Peter Polansky,1499.7751565123085,1486.1038834674882,1396.1893491474561,1377.786725762486,172.0,305.0,37.1,180.0,0,63,0.0,0.24,0.28,0.30158730158730157,-35.593884585841124,-56.30688351925414,9.910740973994507,99.77515651230851,3.8,4.35,3.58,3.6,3.05,2.62,0.7019329309188465,0.7193784924004583,0.5874833493416808,0.6198135198135197,0.5621557609057609,0.47892721021668394
Hao Sheng Koay,1400.0,1400.0,1400.0,1400.0,2000.0,0.0,26.5,185.67156964873536,0,0,0.0,0.0,0.0,0.0,0.0,0.0,0.0,0.0,0.0,0.0,0.0,0.0,0.0,0.0,0.0,0.0,0.0,0.0,0.0,0.0
Simon Shen,1400.0,1400.0,1400.0,1400.0,1207.0,3.0,48.5,186.27336318231923,0,0,0.0,0.0,0.0,0.0,0.0,0.0,0.0,0.0,0.0,0.0,0.0,0.0,0.0,0.0,0.0,0.0,0.0,0.0,0.0,0.0
David Vega Hernandez,1400.0,1400.0,1400.0,1400.0,440.0,90.0,30.8,188.0,0,0,0.0,0.0,0.0,0.0,0.0,0.0,0.0,0.0,0.0,0.0,0.0,0.0,0.0,0.0,0.0,0.0,0.0,0.0,0.0,0.0
Orlin Stanoytchev,1708.8729364483038,1826.8543862319993,1803.8568730559905,1882.9285445990581,161.0,238.0,53.3,185.0,0,79,0.0,0.28,0.27586206896551724,0.27586206896551724,-160.8848921014719,-174.05560815075432,-174.05560815075432,-174.05560815075432,4.4,4.4,5.620689655172414,5.0,5.35,5.724137931034483,0.5143809523809524,0.5271230904512425,0.6077031436021394,0.2276923076923077,0.3992607392607393,0.4720233789199306
Malek Jaziri,1562.9600694130854,1524.3384371727936,1526.435572050781,1343.1508101045413,444.0,95.0,41.1,185.0,0,242,0.4,0.36,0.34,0.37,-93.03423873072325,-109.49077862547551,-137.99133719111774,-255.78130780634206,3.2,2.65,2.92,1.2,2.0,2.94,0.6906936687718566,0.5495097843465819,0.6416064927692784,0.614025974025974,0.4869918276168276,0.5120553841583253
Juan Sebastian Vivanco,1400.0,1400.0,1400.0,1400.0,865.0,12.0,35.4,185.67156964873536,0,0,0.0,0.0,0.0,0.0,0.0,0.0,0.0,0.0,0.0,0.0,0.0,0.0,0.0,0.0,0.0,0.0,0.0,0.0,0.0,0.0
Kento Takeuchi,1400.0,1400.0,1400.0,1400.0,441.0,92.0,37.7,185.67156964873536,1,0,0.0,0.0,0.0,0.0,0.0,0.0,0.0,0.0,0.0,0.0,0.0,0.0,0.0,0.0,0.0,0.0,0.0,0.0,0.0,0.0
Lucas Miedler,1368.6255242635298,1383.9058978252062,1400.0,1368.6255242635298,1071.0,9.0,28.6,183.0,0,3,0.0,0.0,0.0,0.0,-31.37447573647023,-31.37447573647023,-31.37447573647023,-31.37447573647023,4.333333333333333,4.333333333333333,4.333333333333333,0.3333333333333333,0.3333333333333333,0.3333333333333333,0.6362739112739112,0.6362739112739112,0.6362739112739112,0.6231481481481481,0.6231481481481481,0.6231481481481481
Goran Ivanisevic,1850.7939035272163,1883.5989061437056,1788.051399874503,2106.14479163923,415.0,65.0,53.7,193.0,1,265,0.0,0.28,0.4,0.45,-198.4180860278591,-249.66521331249282,-277.1918716320199,-138.76034688441246,10.6,9.2,13.16,7.6,4.85,4.54,0.7591102441749028,0.6740368378632516,0.7184857971922608,0.5000000000000001,0.48162698412698407,0.5137582972582972
Sandro Ehrat,1349.1357057695411,1400.0,1373.6523771009927,1349.1357057695411,408.0,101.0,34.2,180.0,0,5,0.2,0.2,0.2,0.2,-50.86429423045888,-50.86429423045888,-50.86429423045888,-50.86429423045888,4.0,4.0,4.0,0.4,0.4,0.4,0.5517016572741316,0.5517016572741316,0.5517016572741316,0.3628571428571429,0.3628571428571429,0.3628571428571429
Hermes Gamonal,1654.7470628891863,1669.326786897697,1685.4260951512908,1654.7470628891863,263.0,135.0,48.3,180.0,0,22,0.4,0.3333333333333333,0.3333333333333333,0.3333333333333333,-14.218348674683284,-14.218348674683284,-14.218348674683284,-14.218348674683284,0.8,0.9166666666666666,0.9166666666666666,1.6,1.0833333333333333,1.0833333333333333,0.44022516094560427,0.3305115049691652,0.3305115049691652,0.36666666666666664,0.2777777777777778,0.2777777777777778
Tzvetan Mihov,1384.2081301034782,1400.0,1384.2081301034782,1384.2081301034782,2000.0,0.0,34.3,185.67156964873536,0,1,0.0,0.0,0.0,0.0,-15.791869896521803,-15.791869896521803,-15.791869896521803,-15.791869896521803,-1.0,-1.0,-1.0,-1.0,-1.0,-1.0,0.0,0.0,0.0,0.0,0.0,0.0
Andrei Cherkasov,1785.0626838611981,1817.3191364991737,1785.0626838611981,1785.0626838611981,212.0,174.0,55.3,180.0,0,54,0.25,0.25,0.25,0.25,-13.999395984242938,-13.999395984242938,-13.999395984242938,-13.999395984242938,1.5,1.5,1.5,1.5,1.5,1.5,0.532563025210084,0.532563025210084,0.532563025210084,0.19047619047619047,0.19047619047619047,0.19047619047619047
Sjeng Schalken,1904.4226867452905,1900.4429703226315,1854.2021159440403,2190.7496731887722,202.0,195.0,48.8,193.0,0,621,0.4,0.44,0.44,0.57,-15.268361064119972,-99.9219742565856,-200.9250136576468,-180.00419092556535,0.6,1.0,1.9,1.0,1.35,1.44,0.5896300084735414,0.5452172177009187,0.5614293719644552,0.6384615384615385,0.501480463980464,0.4357985347985348
Guilherme Clezar,1346.1259119724866,1381.1810683272445,1368.912589862664,1346.1259119724866,234.0,225.0,32.2,183.0,0,14,0.2,0.07142857142857142,0.07142857142857142,0.07142857142857142,-53.87408802751338,-53.87408802751338,-53.87408802751338,-53.87408802751338,8.4,4.928571428571429,4.928571428571429,3.8,2.7142857142857144,2.7142857142857144,0.6460994055307993,0.5944432156240388,0.5944432156240388,0.5295634920634921,0.4532870898942328,0.4532870898942328
Noam Okun,1632.4143533876052,1762.2228561854818,1797.370164012635,1743.114597371829,1087.0,6.0,46.7,185.0,0,140,0.2,0.4,0.42,0.3888888888888889,-104.38970997833485,-163.98290868185745,-133.5332018663555,-186.03316465144508,2.8,2.55,3.06,1.6,0.9,1.34,0.4072975835178589,0.26940890477480184,0.41155250462857124,0.44333333333333336,0.27014233954451344,0.3562116977225673
Wing Luen Wong,1578.1680444908563,1578.1680444908563,1578.1680444908563,1578.1680444908563,2000.0,0.0,43.8,186.27336318231923,0,22,0.6,0.6666666666666666,0.6666666666666666,0.6666666666666666,12.150452230161363,12.150452230161363,12.150452230161363,12.150452230161363,-1.0,-1.0,-1.0,-1.0,-1.0,-1.0,0.0,0.0,0.0,0.0,0.0,0.0
Stefano Travaglia,1510.962381359033,1493.921133514293,1466.431317676586,1388.1641047522703,233.0,272.0,33.6,185.0,0,84,0.2,0.28,0.36,0.34523809523809523,-59.61912708343198,-217.57332536344416,-26.74098090305847,110.96238135903309,5.4,6.0,5.7,1.2,2.6,3.02,0.6499168345952271,0.6892466726984082,0.6977439862623284,0.32666666666666666,0.48859674639086403,0.5030240298916769
Raphael Durek,1400.0,1400.0,1400.0,1400.0,763.0,14.0,40.9,188.0,0,0,0.0,0.0,0.0,0.0,0.0,0.0,0.0,0.0,0.0,0.0,0.0,0.0,0.0,0.0,0.0,0.0,0.0,0.0,0.0,0.0
Marwan Zewar,1400.0,1400.0,1400.0,1400.0,2000.0,0.0,45.4,185.67156964873536,0,0,0.0,0.0,0.0,0.0,0.0,0.0,0.0,0.0,0.0,0.0,0.0,0.0,0.0,0.0,0.0,0.0,0.0,0.0,0.0,0.0
Aymeric Mara,1400.0,1400.0,1400.0,1400.0,2000.0,0.0,31.4,185.67156964873536,0,0,0.0,0.0,0.0,0.0,0.0,0.0,0.0,0.0,0.0,0.0,0.0,0.0,0.0,0.0,0.0,0.0,0.0,0.0,0.0,0.0
Stanislav Vovk,1387.4992511134606,1400.0,1394.0450104376648,1387.4992511134606,465.0,74.0,34.5,185.0,0,3,0.0,0.0,0.0,0.0,-12.50074888653944,-12.50074888653944,-12.50074888653944,-12.50074888653944,0.0,0.0,0.0,0.6666666666666666,0.6666666666666666,0.6666666666666666,0.36161616161616167,0.36161616161616167,0.36161616161616167,0.30952380952380953,0.30952380952380953,0.30952380952380953
Michael Lammer,1538.5264412697545,1638.2934586953195,1536.9114136603373,1538.5264412697545,576.0,53.0,42.9,185.0,0,40,0.2,0.24,0.23333333333333334,0.23333333333333334,0.7417897564719169,-74.47898496868447,-74.47898496868447,-74.47898496868447,-0.6,1.65,1.8666666666666667,-0.6,1.25,1.8333333333333333,0.16,0.47330228441696115,0.4741335978919877,0.16,0.3509315684315684,0.36216986716986715
Levar Harper Griffith,1560.077410230319,1566.017592260695,1566.017592260695,1560.077410230319,297.0,107.0,43.9,185.67156964873536,0,11,0.0,0.0,0.0,0.0,-5.940182030376036,-5.940182030376036,-5.940182030376036,-5.940182030376036,6.0,6.0,6.0,5.0,5.0,5.0,0.5535714285714286,0.5535714285714286,0.5535714285714286,0.6153846153846154,0.6153846153846154,0.6153846153846154
Rogier Wassen,1783.1214063370458,1801.1413513224024,1777.716939451837,1773.5188219390507,542.0,35.0,49.1,190.0,0,57,0.4,0.2857142857142857,0.2857142857142857,0.2857142857142857,9.602584397995088,9.602584397995088,9.602584397995088,9.602584397995088,3.6,3.857142857142857,3.857142857142857,1.6,2.2857142857142856,2.2857142857142856,0.6325103767323447,0.6059284645832538,0.6059284645832538,0.5611111111111111,0.5130385487528345,0.5130385487528345
Fabio Fognini,1651.7902391498592,1388.6866088778854,1620.7786737909428,1459.361384640205,74.0,745.0,38.4,178.0,0,818,0.2,0.48,0.44,0.43,-49.02458802495721,5.690803361056169,-34.28866188234929,-192.7797848037801,4.6,4.95,3.72,3.0,5.15,4.84,0.6624305122653407,0.6848543375100993,0.6616035200078285,0.42393939393939395,0.5488954795204795,0.49080880608899186
Diego Hartfield,1727.4562518365485,1532.514844816903,1789.0395236868578,1564.1927457827123,137.0,323.0,44.2,185.0,0,56,0.2,0.32,0.391304347826087,0.391304347826087,-23.996100902420494,-4.744400099203176,136.87879111203574,136.87879111203574,3.6,4.5,3.5652173913043477,3.4,3.65,2.652173913043478,0.5736528794426317,0.66210950571727,0.6009405002461802,0.47333333333333333,0.5385822510822511,0.5067123761059688
Vishnu Vardhan,1360.3191748743618,1377.168912412758,1360.3191748743618,1400.0,262.0,178.0,38.1,188.0,0,4,0.0,0.0,0.0,0.0,-39.680825125638194,-39.680825125638194,-39.680825125638194,-39.680825125638194,4.0,4.0,4.0,2.0,2.0,2.0,0.5347485504014273,0.5347485504014273,0.5347485504014273,0.15714285714285714,0.15714285714285714,0.15714285714285714
Ben Qiang Zhu,1700.004168060328,1683.1065328872085,1700.004168060328,1657.5367081227334,646.0,23.0,46.5,186.27336318231923,0,32,0.4,0.6363636363636364,0.6363636363636364,0.6363636363636364,36.84080605571239,42.46745993759464,42.46745993759464,42.46745993759464,1.0,-0.4,-0.45454545454545453,0.4,-0.35,-0.4090909090909091,0.28211189913317575,0.0983057525610717,0.08936886596461063,0.296969696969697,0.09924242424242424,0.09022038567493113
Christophe Pognon,1400.0,1400.0,1400.0,1400.0,2000.0,0.0,47.9,185.67156964873536,0,0,0.0,0.0,0.0,0.0,0.0,0.0,0.0,0.0,0.0,0.0,0.0,0.0,0.0,0.0,0.0,0.0,0.0,0.0,0.0,0.0
Carl Sundberg,1430.8018827544363,1400.0,1400.0,1430.8018827544363,2000.0,0.0,37.5,186.27336318231923,0,1,1.0,1.0,1.0,1.0,30.801882754436292,30.801882754436292,30.801882754436292,30.801882754436292,-1.0,-1.0,-1.0,-1.0,-1.0,-1.0,0.0,0.0,0.0,0.0,0.0,0.0
Rolando Ruel,1364.8390809396242,1400.0,1375.4584224361301,1364.8390809396242,2000.0,0.0,47.0,185.67156964873536,0,2,0.0,0.0,0.0,0.0,-35.16091906037582,-35.16091906037582,-35.16091906037582,-35.16091906037582,-1.0,-1.0,-1.0,-1.0,-1.0,-1.0,0.0,0.0,0.0,0.0,0.0,0.0
Noah Rubin,1457.888418424836,1510.7104235061393,1407.209294715612,1384.1326065736234,306.0,176.0,29.5,175.0,0,28,0.2,0.32,0.2857142857142857,0.2857142857142857,56.93797048320039,57.88841842483589,57.88841842483589,57.88841842483589,4.2,4.5,3.75,3.0,3.1,3.0714285714285716,0.6481000481000482,0.652872963908954,0.6538775878710651,0.48666666666666664,0.5758694083694083,0.5659053248338962
Adrian Garcia,1580.2076850415278,1636.7776603195014,1688.606008104279,1698.2211925088732,213.0,193.0,46.6,175.0,0,90,0.0,0.24,0.325,0.325,-180.5418238111563,-136.28625148602418,-134.37788594484437,-134.37788594484437,4.0,2.2,1.85,3.8,2.9,2.3,0.6346852072658524,0.5672926929231562,0.5540711299671653,0.4075974025974027,0.3645802563449622,0.39242095322977677
Marco Antonio Rojas,1400.0,1400.0,1400.0,1400.0,1739.0,1.0,34.7,185.67156964873536,0,0,0.0,0.0,0.0,0.0,0.0,0.0,0.0,0.0,0.0,0.0,0.0,0.0,0.0,0.0,0.0,0.0,0.0,0.0,0.0,0.0
Ali Ismaeel,1375.1395702978114,1375.1395702978114,1375.1395702978114,1375.1395702978114,2000.0,0.0,37.2,185.67156964873536,0,1,0.0,0.0,0.0,0.0,-24.86042970218864,-24.86042970218864,-24.86042970218864,-24.86042970218864,-1.0,-1.0,-1.0,-1.0,-1.0,-1.0,0.0,0.0,0.0,0.0,0.0,0.0
Raul Brancaccio,1400.0,1400.0,1400.0,1400.0,336.0,142.0,28.0,185.0,0,0,0.0,0.0,0.0,0.0,0.0,0.0,0.0,0.0,0.0,0.0,0.0,0.0,0.0,0.0,0.0,0.0,0.0,0.0,0.0,0.0
Eric Quigley,1400.0,1400.0,1400.0,1400.0,463.0,82.0,36.0,185.0,0,0,0.0,0.0,0.0,0.0,0.0,0.0,0.0,0.0,0.0,0.0,0.0,0.0,0.0,0.0,0.0,0.0,0.0,0.0,0.0,0.0
Jose  Flores,1400.0,1400.0,1400.0,1400.0,2000.0,0.0,29.1,185.67156964873536,0,0,0.0,0.0,0.0,0.0,0.0,0.0,0.0,0.0,0.0,0.0,0.0,0.0,0.0,0.0,0.0,0.0,0.0,0.0,0.0,0.0
Chia Yen Tsai,1581.0331272448877,1556.5084482810364,1566.017592260695,1581.0331272448877,1245.0,2.0,50.5,185.67156964873536,0,13,0.6666666666666666,0.6666666666666666,0.6666666666666666,0.6666666666666666,15.015534984192755,15.015534984192755,15.015534984192755,15.015534984192755,-1.0,-1.0,-1.0,-1.0,-1.0,-1.0,0.0,0.0,0.0,0.0,0.0,0.0
Jicham Zaatini,1438.6016261013492,1594.3427435590586,1653.3623202403123,1649.9462348496656,2000.0,0.0,48.8,185.67156964873536,0,22,0.2,0.16666666666666666,0.16666666666666666,0.16666666666666666,-233.04562995193146,-233.04562995193146,-233.04562995193146,-233.04562995193146,-1.0,-1.0,-1.0,-1.0,-1.0,-1.0,0.0,0.0,0.0,0.0,0.0,0.0
Mehdi Jdi,1375.0,1400.0,1375.0,1375.0,1252.0,5.0,36.1,185.67156964873536,0,1,0.0,0.0,0.0,0.0,-25.0,-25.0,-25.0,-25.0,-1.0,-1.0,-1.0,-1.0,-1.0,-1.0,0.0,0.0,0.0,0.0,0.0,0.0
Petr Kralert,1839.978739633455,1864.997594350866,1831.8689084514197,1839.978739633455,154.0,260.0,45.4,188.0,0,53,0.3333333333333333,0.3333333333333333,0.3333333333333333,0.3333333333333333,-2.921750915457551,-2.921750915457551,-2.921750915457551,-2.921750915457551,5.0,5.0,5.0,6.666666666666667,6.666666666666667,6.666666666666667,0.6221874583943549,0.6221874583943549,0.6221874583943549,0.5448107448107448,0.5448107448107448,0.5448107448107448
Frederik Fetterlein,1671.6813808948364,1678.365832454689,1678.365832454689,1671.6813808948364,2000.0,0.0,55.1,190.0,0,12,0.5,0.5,0.5,0.5,-6.684451559852732,-6.684451559852732,-6.684451559852732,-6.684451559852732,-1.0,-1.0,-1.0,-1.0,-1.0,-1.0,0.0,0.0,0.0,0.0,0.0,0.0
Vladyslav Manafov,1420.441792562087,1422.8396179348733,1400.0,1420.441792562087,441.0,92.0,32.3,185.67156964873536,1,2,0.5,0.5,0.5,0.5,20.441792562086903,20.441792562086903,20.441792562086903,20.441792562086903,-1.0,-1.0,-1.0,-1.0,-1.0,-1.0,0.0,0.0,0.0,0.0,0.0,0.0
Wayne Odesnik,1696.3125043863188,1485.6769662993634,1684.4539021264948,1334.2323058993354,176.0,293.0,39.7,180.0,1,100,0.0,0.36,0.38,0.41,-105.35266675880007,-102.56292577553336,-105.39678486917228,298.34079501155134,6.4,3.95,4.8,2.2,2.9,3.04,0.6127079576717396,0.6290634617305797,0.6420800226514487,0.5221724941724941,0.5220698570435413,0.5607972790367528
Alessandro Giannessi,1508.263211137,1424.0097904527706,1518.4837540603355,1508.263211137,224.0,254.0,34.8,185.0,1,35,0.2,0.36,0.37142857142857144,0.37142857142857144,-16.777395642268857,40.495427796779495,86.99853805612884,86.99853805612884,5.4,4.65,3.8,4.4,4.15,4.4,0.6727448624436306,0.6690671098591976,0.658983348343135,0.6488122605363984,0.610266003013214,0.5757244847943196
Galo Blanco,1690.4320096341103,1826.6110081619704,1912.5400507087927,1899.734068145811,347.0,92.0,48.5,173.0,0,296,0.2,0.28,0.38,0.38,-110.02637944702951,-173.86666457850401,-140.52695143181109,-274.7290327601579,2.6,4.2,3.54,1.0,2.8,2.88,0.6523982601170549,0.6485203893012825,0.6746387399494463,0.45777777777777784,0.4387425727866904,0.5246105822282293
Jakub Herm Zahlava,1662.1990634504582,1662.1990634504582,1662.1990634504582,1662.1990634504582,335.0,88.0,45.1,185.67156964873536,0,11,0.0,0.0,0.0,0.0,-11.726018881669916,-11.726018881669916,-11.726018881669916,-11.726018881669916,0.0,0.0,0.0,4.0,4.0,4.0,0.5789473684210527,0.5789473684210527,0.5789473684210527,0.6,0.6,0.6
Luke Smith,1613.005426238439,1613.005426238439,1613.005426238439,1613.005426238439,485.0,44.0,48.1,188.0,0,10,0.0,0.0,0.0,0.0,0.0,0.0,0.0,0.0,0.0,0.0,0.0,0.0,0.0,0.0,0.0,0.0,0.0,0.0,0.0,0.0
Tung Lin Wu,1495.0844781088338,1495.0844781088338,1495.0844781088338,1495.0844781088338,318.0,164.0,27.3,188.0,0,13,0.4,0.46153846153846156,0.46153846153846156,0.46153846153846156,95.08447810883376,95.08447810883376,95.08447810883376,95.08447810883376,1.6,2.0,2.0,0.6,0.7692307692307693,0.7692307692307693,0.5045221027479092,0.45086914576005827,0.45086914576005827,0.5,0.40502830502830506,0.40502830502830506
Michael Lai,1459.1966291981182,1434.2279775215193,1400.0,1459.1966291981182,2000.0,0.0,38.1,185.67156964873536,0,7,0.8,0.7142857142857143,0.7142857142857143,0.7142857142857143,59.19662919811822,59.19662919811822,59.19662919811822,59.19662919811822,-1.0,-1.0,-1.0,-1.0,-1.0,-1.0,0.0,0.0,0.0,0.0,0.0,0.0
Denis Kudla,1563.5997894217448,1417.9424449975302,1337.7451220167738,1646.2256181486937,160.0,409.0,32.6,180.0,0,203,0.4,0.32,0.36,0.36,-9.044164333870867,-65.74925215917551,-93.0733999197239,-75.2757692924406,3.8,4.15,5.08,1.6,2.45,2.86,0.665629298237994,0.6310661257648873,0.6728837004719682,0.4416666666666667,0.4535920778567837,0.5131468302938891
Stefanos Tsitsipas,1942.794286624871,1560.0832549999952,1910.0667309133555,1305.0153999289123,11.0,3325.0,27.2,193.0,0,508,0.6,0.56,0.66,0.63,-61.24104819372428,-76.3199320255585,-55.7866041633672,-183.4574443691672,7.2,6.9,6.28,2.4,2.95,2.98,0.7517056396465555,0.7434764098094557,0.7356098951730455,0.7290476190476192,0.5881709956709957,0.5870779220779221
Julien Cagnina,1400.0,1400.0,1400.0,1400.0,248.0,212.0,30.6,183.0,0,0,0.0,0.0,0.0,0.0,0.0,0.0,0.0,0.0,0.0,0.0,0.0,0.0,0.0,0.0,0.0,0.0,0.0,0.0,0.0,0.0
Danai Udomchoke,1572.9393821950978,1672.7558447141512,1758.8253563140133,1681.1926668491903,320.0,142.0,43.5,173.0,0,172,0.8,0.56,0.42,0.41,8.711560981790853,-70.43516665539596,-153.202838891375,-247.80354016645697,-1.0,0.05,1.52,-1.0,0.15,1.58,0.0,0.19172967395320556,0.38348090158926396,0.0,0.16420079920079916,0.2949927556104026
Branko Djuric,1400.0,1400.0,1400.0,1400.0,781.0,30.0,20.7,188.0,0,0,0.0,0.0,0.0,0.0,0.0,0.0,0.0,0.0,0.0,0.0,0.0,0.0,0.0,0.0,0.0,0.0,0.0,0.0,0.0,0.0
Alex Clayton,1400.0,1400.0,1400.0,1400.0,1281.0,3.0,37.6,183.0,0,0,0.0,0.0,0.0,0.0,0.0,0.0,0.0,0.0,0.0,0.0,0.0,0.0,0.0,0.0,0.0,0.0,0.0,0.0,0.0,0.0
Leroy Tujeehut,1400.0,1400.0,1400.0,1400.0,2000.0,0.0,44.2,185.67156964873536,0,0,0.0,0.0,0.0,0.0,0.0,0.0,0.0,0.0,0.0,0.0,0.0,0.0,0.0,0.0,0.0,0.0,0.0,0.0,0.0,0.0
Titouan Droguet,1436.9896586198195,1447.5589763132898,1430.101166882354,1436.9896586198195,174.0,338.0,24.3,191.0,0,3,0.3333333333333333,0.3333333333333333,0.3333333333333333,0.3333333333333333,6.888491737465529,6.888491737465529,6.888491737465529,6.888491737465529,9.333333333333334,9.333333333333334,9.333333333333334,4.333333333333333,4.333333333333333,4.333333333333333,0.744923800479356,0.744923800479356,0.744923800479356,0.5606060606060606,0.5606060606060606,0.5606060606060606
Juan Martin Aranguren,1395.93482122053,1395.93482122053,1395.93482122053,1395.93482122053,257.0,178.0,41.3,185.67156964873536,0,1,0.0,0.0,0.0,0.0,-4.0651787794699885,-4.0651787794699885,-4.0651787794699885,-4.0651787794699885,0.0,0.0,0.0,1.0,1.0,1.0,0.3333333333333333,0.3333333333333333,0.3333333333333333,0.14285714285714285,0.14285714285714285,0.14285714285714285
Gilles Arnaud Bailly,1389.279549276197,1389.279549276197,1389.279549276197,1389.279549276197,869.0,21.0,20.0,180.0,0,1,0.0,0.0,0.0,0.0,-10.72045072380297,-10.72045072380297,-10.72045072380297,-10.72045072380297,2.0,2.0,2.0,6.0,6.0,6.0,0.6470588235294118,0.6470588235294118,0.6470588235294118,0.7222222222222222,0.7222222222222222,0.7222222222222222
Rodrigo Vallejo,1400.0,1400.0,1400.0,1400.0,2000.0,0.0,51.0,185.67156964873536,0,0,0.0,0.0,0.0,0.0,0.0,0.0,0.0,0.0,0.0,0.0,0.0,0.0,0.0,0.0,0.0,0.0,0.0,0.0,0.0,0.0
Peter Gojowczyk,1585.4232723263858,1592.2677609534194,1357.677564583479,1453.4597490489405,108.0,500.0,36.1,188.0,0,174,0.2,0.32,0.36,0.39,-135.0739095167944,-94.99264396858484,-149.8361152984835,-180.80937122183514,4.0,4.1,6.0,5.4,4.2,4.5,0.7265355064557193,0.6265576565453944,0.70625116273942,0.6164285714285713,0.4812689393939394,0.5548376770288536
Gonzalo Escobar,1436.4389995550507,1462.0592097097963,1387.7595980115814,1436.4389995550507,2000.0,0.0,36.6,178.0,1,9,0.4,0.4444444444444444,0.4444444444444444,0.4444444444444444,36.438999555050714,36.438999555050714,36.438999555050714,36.438999555050714,1.8,0.6666666666666666,0.6666666666666666,1.4,0.8888888888888888,0.8888888888888888,0.42519509476031214,0.3109321407672232,0.3109321407672232,0.22000000000000003,0.17777777777777778,0.17777777777777778
Tsolak Gevorgyan,1364.8453470380389,1351.468416186898,1388.4997523506163,1364.8453470380389,2000.0,0.0,49.8,185.67156964873536,0,6,0.0,0.16666666666666666,0.16666666666666666,0.16666666666666666,-35.15465296196112,-35.15465296196112,-35.15465296196112,-35.15465296196112,-1.0,-1.0,-1.0,-1.0,-1.0,-1.0,0.0,0.0,0.0,0.0,0.0,0.0
Robin Soderling,2458.4203600372716,1770.6688964788236,1742.4158263255194,1544.309295367216,5.0,4325.0,40.9,193.0,0,479,0.6,0.68,0.78,0.74,6.724910083897612,-5.563124762143161,11.631727080170549,0.09680775914284823,10.8,7.05,8.5,3.0,3.05,2.72,0.7436813158979129,0.7433949194965598,0.7498374484102114,0.47186147186147204,0.522092352092352,0.4739132077073254
Andreas Beck,1648.5233115119345,1423.6006141268597,1525.8324931038057,1514.7425195560731,338.0,138.0,39.2,190.0,1,106,0.0,0.2,0.28,0.39,-138.21003951004514,-111.40244520772148,-228.19979567901373,207.45056739264805,3.6,2.5,3.46,5.2,3.1,3.8,0.6192828453605539,0.5481350899366453,0.6299174577401244,0.45999999999999996,0.42036338661338657,0.4880876345876346
Hasan Ibrahim,1400.0,1400.0,1400.0,1400.0,1507.0,2.0,29.5,185.67156964873536,0,0,0.0,0.0,0.0,0.0,0.0,0.0,0.0,0.0,0.0,0.0,0.0,0.0,0.0,0.0,0.0,0.0,0.0,0.0,0.0,0.0
Cristian Rodriguez,1400.0,1400.0,1400.0,1400.0,388.0,106.0,34.6,180.0,0,0,0.0,0.0,0.0,0.0,0.0,0.0,0.0,0.0,0.0,0.0,0.0,0.0,0.0,0.0,0.0,0.0,0.0,0.0,0.0,0.0
Justin Bower,1651.9175647858121,1689.2708390663424,1611.8751666706742,1731.9354923758422,417.0,67.0,47.3,190.0,1,18,0.4,0.375,0.375,0.375,-37.353274280530286,-37.353274280530286,-37.353274280530286,-37.353274280530286,0.8,3.75,3.75,0.4,1.375,1.375,0.1518987341772152,0.28117052455002073,0.28117052455002073,0.1,0.23125,0.23125
Mahmoud Ezz,1375.0,1400.0,1375.0,1375.0,1384.0,5.0,37.6,185.67156964873536,0,1,0.0,0.0,0.0,0.0,-25.0,-25.0,-25.0,-25.0,-1.0,-1.0,-1.0,-1.0,-1.0,-1.0,0.0,0.0,0.0,0.0,0.0,0.0
Alexander Shevchenko,1630.435836757143,1569.7312351361538,1552.5368158294837,1421.962882709726,64.0,840.0,24.9,185.0,0,85,0.6,0.44,0.44,0.4470588235294118,-58.28241208702434,-45.94904992489637,-32.58943490785987,189.2057324799132,6.2,5.1,5.24,1.2,2.65,2.42,0.7225601183869774,0.6568543082130445,0.6556457719374252,0.5088888888888888,0.4970742451992452,0.5177683705183704
Mustafa Azkara,1606.4435770604955,1618.6365876468058,1607.0910175074432,1606.4435770604955,834.0,9.0,54.5,186.27336318231923,0,12,0.5,0.5,0.5,0.5,11.177203977207682,11.177203977207682,11.177203977207682,11.177203977207682,-1.0,-1.0,-1.0,-1.0,-1.0,-1.0,0.0,0.0,0.0,0.0,0.0,0.0
Mahammad Abid,1325.6136078417824,1366.3907347692698,1373.5898709231237,1325.6136078417824,2000.0,0.0,30.6,185.67156964873536,0,4,0.0,0.0,0.0,0.0,-74.38639215821763,-74.38639215821763,-74.38639215821763,-74.38639215821763,-0.5,-0.5,-0.5,-0.25,-0.25,-0.25,0.125,0.125,0.125,0.08333333333333333,0.08333333333333333,0.08333333333333333
Fitriadi M Rifqi,1351.7957963472552,1351.7957963472552,1351.7957963472552,1351.7957963472552,569.0,64.0,26.0,175.0,0,2,0.0,0.0,0.0,0.0,-48.20420365274481,-48.20420365274481,-48.20420365274481,-48.20420365274481,-1.0,-1.0,-1.0,-1.0,-1.0,-1.0,0.0,0.0,0.0,0.0,0.0,0.0
Roberto Cid,1283.9642436059526,1354.4133341863273,1343.4890106327869,1283.9642436059526,281.0,203.0,32.0,193.0,0,14,0.2,0.21428571428571427,0.21428571428571427,0.21428571428571427,-116.03575639404744,-116.03575639404744,-116.03575639404744,-116.03575639404744,2.0,0.7857142857142857,0.7857142857142857,2.8,1.8571428571428572,1.8571428571428572,0.5571924849344204,0.2939686772339911,0.2939686772339911,0.5745454545454545,0.27265512265512265,0.27265512265512265
Matwe Middelkoop,1418.2095082416722,1429.1933255885313,1403.3342115798241,1403.3342115798241,2000.0,0.0,41.4,191.0,0,3,0.3333333333333333,0.3333333333333333,0.3333333333333333,0.3333333333333333,14.875296661848097,14.875296661848097,14.875296661848097,14.875296661848097,6.0,6.0,6.0,3.6666666666666665,3.6666666666666665,3.6666666666666665,0.4272486772486772,0.4272486772486772,0.4272486772486772,0.37916666666666665,0.37916666666666665,0.37916666666666665
Max Mirnyi,1635.543525421931,1810.1202715674392,1728.113407975016,1991.3630472042971,373.0,84.0,48.0,196.0,0,590,0.2,0.24,0.32,0.41,-187.3609681510759,-247.44658181583145,-279.69163636270196,-355.0842340781128,2.4,6.45,7.0,0.8,3.55,3.78,0.3939869281045752,0.569219315937402,0.6508717640275485,0.29000000000000004,0.318997113997114,0.4511984681984682
Michael Bassem Sobhy,1373.703852603838,1400.0,1400.0,1373.703852603838,1090.0,9.0,20.7,185.67156964873536,0,1,0.0,0.0,0.0,0.0,-26.29614739616204,-26.29614739616204,-26.29614739616204,-26.29614739616204,-1.0,-1.0,-1.0,-1.0,-1.0,-1.0,0.0,0.0,0.0,0.0,0.0,0.0
Bruno Rodriguez,1435.9779550275327,1435.9779550275327,1425.8996875055248,1435.9779550275327,914.0,12.0,38.8,186.27336318231923,0,5,0.6,0.6,0.6,0.6,35.977955027532744,35.977955027532744,35.977955027532744,35.977955027532744,-0.6,-0.6,-0.6,-0.4,-0.4,-0.4,0.13333333333333333,0.13333333333333333,0.13333333333333333,0.12,0.12,0.12
Sacha Thoma,1400.0,1400.0,1400.0,1400.0,2000.0,0.0,46.6,185.67156964873536,0,0,0.0,0.0,0.0,0.0,0.0,0.0,0.0,0.0,0.0,0.0,0.0,0.0,0.0,0.0,0.0,0.0,0.0,0.0,0.0,0.0
Vincent Spadea,1498.1680295731521,1900.7264692423466,1854.193214953591,2054.7865948228246,361.0,106.0,50.5,183.0,0,681,0.2,0.32,0.34,0.4,-146.02927501896124,-219.29858151229428,-224.35958569201375,-216.16392662426165,4.4,3.9,3.62,5.8,4.0,2.96,0.6371414886998296,0.6773565691271038,0.6662072640543445,0.570909090909091,0.4763344988344988,0.505998721866369
Dennis Van Scheppingen,1686.2454775840285,1703.367058614884,1741.073135967075,1722.5947718462992,278.0,137.0,49.6,185.0,0,95,0.0,0.28,0.3333333333333333,0.3333333333333333,-74.11607904984771,-43.86650587172858,-21.015166343335068,-21.015166343335068,0.8,3.45,3.8222222222222224,4.6,5.0,4.155555555555556,0.7006619494135526,0.7009250239675977,0.7056635716163214,0.5390909090909091,0.5273446651387828,0.5220008676871422
Magnus Larsson,1965.5873532501416,1991.9802308231222,1907.5240441610692,1915.4016308624268,184.0,194.0,54.9,193.0,0,206,0.6,0.48,0.52,0.5535714285714286,-49.434627230655224,-67.80465419622101,-31.509935666059164,58.90443483679587,8.2,6.9,6.58,4.4,5.4,4.56,0.789731182795699,0.7143431284698495,0.7138670988627053,0.5290909090909091,0.5646486928104575,0.578391889156595
David Sanchez,1766.6970094099963,1612.0310400829505,2065.0479123188297,1768.3564249927401,138.0,302.0,47.4,183.0,0,251,0.4,0.36,0.4,0.42,-12.943229077288379,-89.4045265104171,-143.29760123380356,-152.0054561721695,2.0,2.6,2.56,0.8,1.95,1.8,0.6799147775821204,0.6317129691546153,0.6260182145757945,0.5047619047619046,0.5092950105450106,0.48686849261849263
Roman Vogeli,1400.0,1400.0,1400.0,1400.0,638.0,30.0,40.3,185.67156964873536,0,0,0.0,0.0,0.0,0.0,0.0,0.0,0.0,0.0,0.0,0.0,0.0,0.0,0.0,0.0,0.0,0.0,0.0,0.0,0.0,0.0
Lukas Klein,1524.2786267795775,1469.8573784554656,1485.677182262227,1416.624251990373,153.0,380.0,27.6,193.0,0,29,0.6,0.36,0.3793103448275862,0.3793103448275862,142.0047557590715,124.27862677957751,124.27862677957751,124.27862677957751,7.0,7.5,6.137931034482759,2.2,3.35,3.0689655172413794,0.7417357344829185,0.7471033672689171,0.6769533060814401,0.5095238095238096,0.5337957875457875,0.502938727938728
Thiago Agustin Tirante,1536.7949810312723,1423.013592975449,1524.5471755018355,1536.7949810312723,121.0,484.0,24.5,185.0,0,16,0.6,0.5,0.5,0.5,136.7949810312723,136.7949810312723,136.7949810312723,136.7949810312723,5.2,3.75,3.75,2.8,2.0,2.0,0.7317719345802838,0.6919693592288241,0.6919693592288241,0.2857142857142857,0.44754737221842483,0.44754737221842483
Edwin Kempes,1815.566409594833,1823.1726492020325,1844.0889680148384,1764.1893297231004,249.0,130.0,49.1,188.0,0,75,0.4,0.4,0.4,0.4,-55.02466697158252,0.5567782058978992,0.5567782058978992,0.5567782058978992,3.0,4.9,4.68,2.4,3.6,3.04,0.4344322344322345,0.6290123899640372,0.6514121108156798,0.35357142857142854,0.53303998632946,0.5808764335080124
Tihomir Grozdanov,1436.0452212135067,1400.0,1436.533121537813,1436.0452212135067,1661.0,2.0,38.2,186.27336318231923,0,5,0.6,0.6,0.6,0.6,36.04522121350669,36.04522121350669,36.04522121350669,36.04522121350669,-1.0,-1.0,-1.0,-1.0,-1.0,-1.0,0.0,0.0,0.0,0.0,0.0,0.0
Jarkko Nieminen,1631.477402468007,1690.1848715819244,1712.8434232783065,1541.3111744882428,623.0,43.0,43.9,185.0,1,769,0.4,0.4,0.44,0.47,-54.342396003400154,-108.72439246186536,-127.30736244307263,-229.23827562248425,2.6,2.8,3.16,2.4,1.65,1.92,0.7262181802504383,0.5898353978794353,0.6438879899490826,0.6702380952380951,0.5342972958414134,0.5337428943605415
Evgeny Kirillov,1398.4525405833788,1398.4525405833788,1398.4525405833788,1400.0,378.0,106.0,37.9,185.67156964873536,0,1,0.0,0.0,0.0,0.0,-1.5474594166212228,-1.5474594166212228,-1.5474594166212228,-1.5474594166212228,3.0,3.0,3.0,4.0,4.0,4.0,0.5151515151515151,0.5151515151515151,0.5151515151515151,0.16666666666666666,0.16666666666666666,0.16666666666666666
Tommy Haas,1511.8284673236233,1853.1207952976822,1911.029490098639,2187.107416451965,248.0,205.0,47.3,188.0,0,1029,0.0,0.24,0.38,0.51,-162.88836947299728,-346.65596846326594,-375.8533609686888,-472.1185909899573,4.4,4.6,4.24,4.2,4.1,3.38,0.6216450216450216,0.6859758150284877,0.7011753157732566,0.666825396825397,0.5797366522366522,0.5443272283272284
Temur Ismailov,1323.3255232822587,1400.0,1377.0667890775985,1400.0,406.0,109.0,30.2,186.27336318231923,0,4,0.0,0.0,0.0,0.0,-76.6744767177413,-76.6744767177413,-76.6744767177413,-76.6744767177413,1.25,1.25,1.25,0.0,0.0,0.0,0.178125,0.178125,0.178125,0.14285714285714285,0.14285714285714285,0.14285714285714285
Jim Thomas,1706.5967240970854,1716.801951073036,1706.5967240970854,1716.801951073036,740.0,14.0,51.0,193.0,0,51,0.0,0.0,0.0,0.0,-10.205226975950609,-10.205226975950609,-10.205226975950609,-10.205226975950609,4.0,4.0,4.0,2.0,2.0,2.0,0.5882352941176471,0.5882352941176471,0.5882352941176471,0.3333333333333333,0.3333333333333333,0.3333333333333333
Joao Domingues,1536.837181974958,1425.0,1525.261601780019,1536.837181974958,169.0,292.0,31.3,178.0,0,13,0.4,0.5384615384615384,0.5384615384615384,0.5384615384615384,136.83718197495796,136.83718197495796,136.83718197495796,136.83718197495796,0.6,1.0769230769230769,1.0769230769230769,0.4,0.38461538461538464,0.38461538461538464,0.49824371762489833,0.5324196552896836,0.5324196552896836,0.5471794871794872,0.5005870198177891,0.5005870198177891
Clay Thompson,1400.0,1400.0,1400.0,1400.0,2159.0,1.0,33.1,185.67156964873536,0,0,0.0,0.0,0.0,0.0,0.0,0.0,0.0,0.0,0.0,0.0,0.0,0.0,0.0,0.0,0.0,0.0,0.0,0.0,0.0,0.0
Sina Moghimi,1400.0,1400.0,1400.0,1400.0,1086.0,9.0,23.6,186.27336318231923,0,0,0.0,0.0,0.0,0.0,0.0,0.0,0.0,0.0,0.0,0.0,0.0,0.0,0.0,0.0,0.0,0.0,0.0,0.0,0.0,0.0
Robert Kendrick,1598.8328800487277,1754.0879078120981,1586.8309976262376,1628.006095731159,546.0,50.0,45.2,190.0,0,122,0.0,0.28,0.32,0.31,-96.33273899884944,-104.08694835669166,23.71209167094048,-121.5144325801898,4.8,8.25,10.14,2.6,2.9,3.24,0.6330676513029454,0.7113070372151918,0.7441449740423955,0.47948051948051945,0.48576298701298704,0.5079846819846819
Rafael Nadal,2092.468784578271,1485.9760491528402,2029.6753412355176,1448.8285229816947,154.0,380.0,39.4,185.0,1,1325,0.6,0.56,0.64,0.76,-164.90083802813115,-364.52341919368655,-381.68754779867004,-370.1223614600767,0.6,2.15,3.64,2.4,1.8,2.7,0.5867816394132184,0.675848055841149,0.689927433500096,0.586666666666667,0.48212301587301587,0.5091202131202132
Mario Monroy,1396.2983417872858,1392.5835172753702,1379.978981169011,1396.2983417872858,1121.0,4.0,42.7,186.27336318231923,0,3,0.3333333333333333,0.3333333333333333,0.3333333333333333,0.3333333333333333,-3.7016582127141646,-3.7016582127141646,-3.7016582127141646,-3.7016582127141646,-1.0,-1.0,-1.0,-1.0,-1.0,-1.0,0.0,0.0,0.0,0.0,0.0,0.0
Gonzalo Villanueva,1400.0,1400.0,1400.0,1400.0,279.0,174.0,30.5,175.0,0,0,0.0,0.0,0.0,0.0,0.0,0.0,0.0,0.0,0.0,0.0,0.0,0.0,0.0,0.0,0.0,0.0,0.0,0.0,0.0,0.0
Anton Tsymbalov,1405.7807904368967,1423.132724537499,1400.0,1405.7807904368967,2000.0,0.0,40.0,186.27336318231923,0,4,0.5,0.5,0.5,0.5,5.780790436896723,5.780790436896723,5.780790436896723,5.780790436896723,-1.0,-1.0,-1.0,-1.0,-1.0,-1.0,0.0,0.0,0.0,0.0,0.0,0.0
Thierry Guardiola,1814.8368515782167,1886.090716487834,1805.6532326712002,1814.8368515782167,184.0,209.0,54.2,188.0,0,58,0.0,0.25,0.25,0.25,-38.562337182264855,-38.562337182264855,-38.562337182264855,-38.562337182264855,2.2,3.125,3.125,2.2,2.25,2.25,0.6237787859769378,0.6477083550584202,0.6477083550584202,0.5278138528138528,0.6028003246753247,0.6028003246753247
Ariel Behar,1367.5697372413365,1406.0670515666204,1371.015676813997,1367.5697372413365,920.0,15.0,35.8,180.0,0,5,0.2,0.2,0.2,0.2,-32.4302627586635,-32.4302627586635,-32.4302627586635,-32.4302627586635,-1.0,-1.0,-1.0,-1.0,-1.0,-1.0,0.0,0.0,0.0,0.0,0.0,0.0
Purav Raja,1400.0,1400.0,1400.0,1400.0,907.0,11.0,39.7,183.0,0,0,0.0,0.0,0.0,0.0,0.0,0.0,0.0,0.0,0.0,0.0,0.0,0.0,0.0,0.0,0.0,0.0,0.0,0.0,0.0,0.0
Abd Hazli Bin Zainuddin,1361.417445896297,1338.3302747624475,1361.417445896297,1361.417445896297,2000.0,0.0,44.6,185.67156964873536,0,2,0.0,0.0,0.0,0.0,-38.58255410370293,-38.58255410370293,-38.58255410370293,-38.58255410370293,-1.0,-1.0,-1.0,-1.0,-1.0,-1.0,0.0,0.0,0.0,0.0,0.0,0.0
David Prinosil,1834.856761907541,1793.9091932041852,1866.368452932234,2051.1600756409835,368.0,80.0,52.2,185.0,0,232,0.0,0.24,0.32,0.3902439024390244,-125.43470510802854,-217.0859222009235,-154.95553381558761,-119.2800574298983,2.8,5.3,6.06,4.6,6.05,4.3,0.5077153371271018,0.66433425705579,0.6720967137892865,0.30158730158730157,0.5484447496947497,0.5450286086462557
Bruno Britez,1363.8434424502093,1400.0,1381.388340596421,1363.8434424502093,2000.0,0.0,26.6,186.27336318231923,0,2,0.0,0.0,0.0,0.0,-36.156557549790705,-36.156557549790705,-36.156557549790705,-36.156557549790705,1.5,1.5,1.5,6.0,6.0,6.0,0.6205882352941177,0.6205882352941177,0.6205882352941177,0.575098814229249,0.575098814229249,0.575098814229249
Saba Purtseladze,1412.9627277953896,1386.3311324413871,1412.9627277953896,1412.9627277953896,427.0,103.0,24.0,191.0,0,2,0.5,0.5,0.5,0.5,12.962727795389583,12.962727795389583,12.962727795389583,12.962727795389583,9.5,9.5,9.5,2.0,2.0,2.0,0.7271221532091097,0.7271221532091097,0.7271221532091097,0.6111111111111112,0.6111111111111112,0.6111111111111112
Jeevan Nedunchezhiyan,1400.0,1400.0,1400.0,1400.0,314.0,141.0,37.1,173.0,1,0,0.0,0.0,0.0,0.0,0.0,0.0,0.0,0.0,0.0,0.0,0.0,0.0,0.0,0.0,0.0,0.0,0.0,0.0,0.0,0.0
Amir Hossein Badi,1400.0,1400.0,1400.0,1400.0,2000.0,0.0,26.1,185.67156964873536,0,0,0.0,0.0,0.0,0.0,0.0,0.0,0.0,0.0,0.0,0.0,0.0,0.0,0.0,0.0,0.0,0.0,0.0,0.0,0.0,0.0
Hugo Grenier,1439.901909726383,1408.1270215555178,1428.0959600465703,1431.0612104496727,173.0,341.0,29.4,196.0,0,23,0.2,0.30434782608695654,0.30434782608695654,0.30434782608695654,50.74741359393556,39.90190972638311,39.90190972638311,39.90190972638311,6.2,7.2,7.260869565217392,5.4,4.55,4.217391304347826,0.7366915642829179,0.6803296941744232,0.6551033998788676,0.49096736596736595,0.49966491841491845,0.49272104706887315
Martin Alund,1626.5612548388428,1626.5612548388428,1629.4672132960075,1486.4031063640027,131.0,430.0,39.1,183.0,0,16,0.4,0.4375,0.4375,0.4375,140.15814847484012,140.15814847484012,140.15814847484012,140.15814847484012,3.0,3.125,3.125,2.6,2.1875,2.1875,0.6485613431525381,0.6550551350941043,0.6550551350941043,0.5888888888888888,0.6220731479777533,0.6220731479777533
Oscar Ortiz,1679.3203300905461,1679.3203300905461,1674.972620167703,1679.3203300905461,626.0,23.0,51.7,183.0,1,10,0.0,0.0,0.0,0.0,0.0,0.0,0.0,0.0,0.0,0.0,0.0,0.0,0.0,0.0,0.0,0.0,0.0,0.0,0.0,0.0
Yaoki Ishii,1743.7445549539868,1730.2954732962148,1743.7445549539868,1743.7445549539868,260.0,140.0,48.4,185.67156964873536,0,58,0.4,0.375,0.375,0.375,-42.7360747615719,-42.7360747615719,-42.7360747615719,-42.7360747615719,-0.4,-0.25,-0.25,1.2,0.875,0.875,0.24285714285714288,0.23214285714285715,0.23214285714285715,0.2,0.20454545454545453,0.20454545454545453
Oliver Golding,1370.4639028156791,1370.4639028156791,1370.4639028156791,1370.4639028156791,491.0,68.0,31.7,188.0,0,2,0.0,0.0,0.0,0.0,-29.53609718432085,-29.53609718432085,-29.53609718432085,-29.53609718432085,7.0,7.0,7.0,10.0,10.0,10.0,0.7493506493506494,0.7493506493506494,0.7493506493506494,0.6333333333333333,0.6333333333333333,0.6333333333333333
Jean Rene Lisnard,1577.7734890024574,1771.0770190328371,1752.3947540599495,1812.7441655302691,2000.0,0.0,45.5,173.0,0,185,0.4,0.48,0.4,0.37,-84.75090119354309,-126.37618981671699,-190.605178400064,-307.7785550520073,-0.8,0.65,1.22,-0.8,0.9,2.38,0.08695652173913043,0.2668797796169526,0.42881127105234534,0.05714285714285709,0.22008470695970694,0.34569932844932844
Vijayant Malik,1375.0814295994512,1375.0814295994512,1375.0814295994512,1375.0814295994512,537.0,55.0,34.9,185.67156964873536,0,1,0.0,0.0,0.0,0.0,-24.918570400548788,-24.918570400548788,-24.918570400548788,-24.918570400548788,-1.0,-1.0,-1.0,-1.0,-1.0,-1.0,0.0,0.0,0.0,0.0,0.0,0.0
Ramon Delgado,1764.4006088581602,1784.5819420881687,1846.4025334946402,1817.457042253117,143.0,362.0,48.5,185.0,0,160,0.8,0.6,0.6,0.49,-58.569016318687545,-73.88887945453052,-71.30613365904537,-170.25068769601626,1.6,1.25,2.56,-0.6,0.25,0.94,0.2540792540792541,0.2744356684981685,0.3853678540513992,0.28888888888888886,0.20097222222222225,0.27603058053058055
Frederico Ferreira Silva,1435.83943981661,1390.0122467300394,1471.9846522392975,1435.83943981661,185.0,356.0,29.8,178.0,1,12,0.4,0.4166666666666667,0.4166666666666667,0.4166666666666667,35.83943981660991,35.83943981660991,35.83943981660991,35.83943981660991,2.2,1.1666666666666667,1.1666666666666667,2.4,1.25,1.25,0.6486623462944501,0.43783231017902,0.43783231017902,0.33428571428571424,0.3,0.3
Milen Velev,1636.8822093994513,1636.8822093994513,1610.8274572717673,1636.8822093994513,414.0,66.0,53.6,185.67156964873536,0,12,0.0,0.0,0.0,0.0,-28.80670901420899,-28.80670901420899,-28.80670901420899,-28.80670901420899,-1.0,-1.0,-1.0,-1.0,-1.0,-1.0,0.0,0.0,0.0,0.0,0.0,0.0
Aslan Karatsev,1626.6100411702478,1551.7971895235305,1498.6671824659502,1380.9007524119222,139.0,425.0,32.1,185.0,0,166,0.4,0.44,0.44,0.42,-89.83882876491953,-29.354514574726863,31.023475085791233,-178.29751225824975,7.8,4.7,5.62,2.4,3.7,4.9,0.7008006761698876,0.7129171560874265,0.7292679663424778,0.5224242424242425,0.5610227272727272,0.5908910533910534
Michael Geerts,1426.0291848973702,1392.3215824081094,1400.0,1426.0291848973702,268.0,189.0,30.7,178.0,0,2,0.5,0.5,0.5,0.5,26.029184897370214,26.029184897370214,26.029184897370214,26.029184897370214,3.0,3.0,3.0,0.5,0.5,0.5,0.40789473684210525,0.40789473684210525,0.40789473684210525,0.3333333333333333,0.3333333333333333,0.3333333333333333
Steve Johnson,1652.7131580031826,1456.885716419469,1503.4714463386201,1521.0677875450306,246.0,240.0,35.1,188.0,0,404,0.4,0.44,0.46,0.45,-93.4441618748458,-51.898296298960986,-53.08959460486676,-67.39152958948739,5.2,8.7,9.1,3.6,3.45,3.48,0.7262944862155389,0.7451987924983207,0.7423092252041014,0.38158730158730164,0.5065231990231991,0.5694055519643755
Wayne Arthurs,1809.8558036702766,1890.7019042426682,1792.108479496115,1900.9106232049976,195.0,219.0,54.2,190.0,1,308,0.8,0.48,0.46,0.46,-7.292787588753981,-76.24202183193302,-60.636406151415486,-72.3362620616374,20.0,16.45,15.22,5.6,4.15,4.74,0.6855120002546473,0.6958546236262622,0.7325008888459184,0.6366666666666666,0.5137842712842714,0.4682462015109074
Marsel Ilhan,1582.5653322580251,1601.0938615783946,1395.8106999518395,1407.25580274041,571.0,51.0,37.5,191.0,0,91,0.4,0.44,0.4,0.3626373626373626,-55.49663429425755,6.862960740505514,-12.187940888081812,182.56533225802514,6.6,6.0,4.86,2.0,2.65,1.86,0.7117569588331951,0.7055675880528276,0.6077465187811705,0.6306565656565657,0.5308266488413547,0.44862736283324517
Josko Topic,1400.0,1400.0,1400.0,1400.0,605.0,41.0,41.6,185.67156964873536,0,0,0.0,0.0,0.0,0.0,0.0,0.0,0.0,0.0,0.0,0.0,0.0,0.0,0.0,0.0,0.0,0.0,0.0,0.0,0.0,0.0
Lefteris Alexiou,1419.2843042406012,1390.7874346116319,1400.0,1419.2843042406012,1332.0,2.0,43.1,185.67156964873536,0,3,0.3333333333333333,0.3333333333333333,0.3333333333333333,0.3333333333333333,19.28430424060116,19.28430424060116,19.28430424060116,19.28430424060116,-1.0,-1.0,-1.0,-1.0,-1.0,-1.0,0.0,0.0,0.0,0.0,0.0,0.0
Oscar Hernandez,1548.0346784430144,1460.5284375954616,1866.60542654275,1556.566666288014,125.0,419.0,47.1,180.0,0,199,0.2,0.16,0.3,0.36,-132.3865960787923,-192.21674667234993,-134.53512323137534,-65.80290592605547,5.0,3.0,2.96,2.2,2.35,2.3,0.5862253118503118,0.6049364581219645,0.6422067020599613,0.4888888888888888,0.5757575757575758,0.5694368082897495
Lars Uebel,1631.0421347531333,1631.0421347531333,1631.0421347531333,1631.0421347531333,288.0,123.0,44.6,180.0,0,10,0.0,0.0,0.0,0.0,0.0,0.0,0.0,0.0,0.0,0.0,0.0,0.0,0.0,0.0,0.0,0.0,0.0,0.0,0.0,0.0
Markus Eriksson,1417.8823897010784,1432.5450286492153,1362.5624513000707,1417.8823897010784,280.0,155.0,35.7,188.0,0,12,0.4,0.3333333333333333,0.3333333333333333,0.3333333333333333,17.88238970107841,17.88238970107841,17.88238970107841,17.88238970107841,4.6,1.9166666666666667,1.9166666666666667,2.0,1.4166666666666667,1.4166666666666667,0.6492352643975362,0.3776058820698853,0.3776058820698853,0.3787301587301587,0.274619708994709,0.274619708994709
Lleyton Hewitt,1568.1360284489615,1846.6161924066305,1812.181743862992,2105.396399834036,308.0,160.0,43.8,180.0,0,1097,0.6,0.48,0.48,0.51,-185.51983362359147,-230.8412635538939,-207.69579612051393,-267.0934328788924,6.8,5.35,4.96,3.0,5.0,4.42,0.5941892327530625,0.6135511007198876,0.6705842883155807,0.6108823529411763,0.5467169986016736,0.5409083001621702
Nicolas Almagro,1824.3644014821855,1472.1716743996215,1812.8368158042765,1351.6373387499668,661.0,38.0,39.9,183.0,0,678,0.4,0.4,0.5,0.48,-26.304851322222703,-35.54951386670041,-8.979123426880278,-180.73732650373972,10.2,6.55,8.72,3.2,2.4,3.52,0.7674471429844325,0.7321331049896721,0.7417719592041061,0.43285714285714294,0.4182251082251082,0.45672258297258295
Michael Vrbensky,1400.0,1400.0,1400.0,1400.0,311.0,148.0,25.0,180.0,0,0,0.0,0.0,0.0,0.0,0.0,0.0,0.0,0.0,0.0,0.0,0.0,0.0,0.0,0.0,0.0,0.0,0.0,0.0,0.0,0.0
Davin Russell,1400.0,1400.0,1400.0,1400.0,2000.0,0.0,40.9,185.67156964873536,0,0,0.0,0.0,0.0,0.0,0.0,0.0,0.0,0.0,0.0,0.0,0.0,0.0,0.0,0.0,0.0,0.0,0.0,0.0,0.0,0.0
Harry Bourchier,1400.0,1427.7068677143388,1400.0,1400.0,324.0,138.0,29.0,185.0,0,0,0.0,0.0,0.0,0.0,0.0,0.0,0.0,0.0,0.0,0.0,0.0,0.0,0.0,0.0,0.0,0.0,0.0,0.0,0.0,0.0
Wisnu Adi Nugroho,1369.7162693970688,1369.7162693970688,1369.7162693970688,1369.7162693970688,1787.0,1.0,31.4,185.67156964873536,0,5,0.2,0.2,0.2,0.2,-30.2837306029312,-30.2837306029312,-30.2837306029312,-30.2837306029312,-1.0,-1.0,-1.0,-1.0,-1.0,-1.0,0.0,0.0,0.0,0.0,0.0,0.0
Mauricio Echazu,1461.0001064476053,1349.490618771476,1471.0599436027348,1461.0001064476053,716.0,28.0,36.0,174.0,0,29,0.6,0.56,0.5172413793103449,0.5172413793103449,91.41821784709964,61.000106447605276,61.000106447605276,61.000106447605276,3.0,0.0,-0.3103448275862069,4.0,0.25,-0.13793103448275862,0.6432162605367544,0.1608040651341886,0.11089935526495764,0.4696761133603239,0.11741902834008097,0.0809786402345386
Sam Warburg,1492.805306382701,1545.7586210255993,1492.805306382701,1400.0,169.0,255.0,42.3,190.0,0,13,0.2,0.3076923076923077,0.3076923076923077,0.3076923076923077,92.80530638270102,92.80530638270102,92.80530638270102,92.80530638270102,6.8,4.846153846153846,4.846153846153846,3.6,3.076923076923077,3.076923076923077,0.7282348936732898,0.6808900216580589,0.6808900216580589,0.5879853479853481,0.5402542969850662,0.5402542969850662
Zura Tkemaladze,1376.8813402800658,1368.5869164911078,1376.8813402800658,1376.8813402800658,721.0,37.0,24.6,188.0,0,1,0.0,0.0,0.0,0.0,-23.118659719934158,-23.118659719934158,-23.118659719934158,-23.118659719934158,-1.0,-1.0,-1.0,-1.0,-1.0,-1.0,0.0,0.0,0.0,0.0,0.0,0.0
Benjamin Becker,1606.7462363192114,1504.3942006182772,1290.6383370792878,1691.8082081860482,163.0,365.0,43.7,178.0,0,374,0.0,0.32,0.34,0.41,-123.13931320072493,-119.05504908108082,-157.9215566257044,-147.64845752524684,5.2,5.1,5.4,5.0,3.2,3.28,0.6545801631813111,0.6993150073042245,0.6754812491401851,0.45516483516483514,0.384763431013431,0.4592668997668997
Alexander Tavkhelidze,1400.0,1400.0,1400.0,1400.0,2000.0,0.0,35.7,185.67156964873536,0,0,0.0,0.0,0.0,0.0,0.0,0.0,0.0,0.0,0.0,0.0,0.0,0.0,0.0,0.0,0.0,0.0,0.0,0.0,0.0,0.0
Rinky Hijikata,1642.064608144432,1628.8329087109662,1359.1581333616566,1476.9970258686647,78.0,718.0,24.6,178.0,0,63,0.6,0.4,0.44,0.4444444444444444,65.7979536142359,-4.789159919340364,93.95531176317309,242.064608144432,4.0,3.25,3.9,2.6,2.6,3.04,0.525904594232059,0.6276909327879016,0.6627044219613758,0.3125,0.5014797008547008,0.5762465034965035
Adam Neff,1400.0,1400.0,1400.0,1400.0,829.0,23.0,23.6,183.0,0,0,0.0,0.0,0.0,0.0,0.0,0.0,0.0,0.0,0.0,0.0,0.0,0.0,0.0,0.0,0.0,0.0,0.0,0.0,0.0,0.0
Bohdan Ulihrach,1763.0376881126388,1930.1062058090608,1838.7809812612868,1814.0722981424267,145.0,291.0,50.3,188.0,0,251,0.2,0.36,0.32,0.36,-54.22263031551233,-124.46797278278586,-186.12629037212514,-389.48287666337114,6.4,3.6,3.28,5.6,4.1,3.76,0.6153502362043215,0.6660660007609732,0.6594290642431219,0.5474747474747474,0.5332770579094108,0.5204628100657512
Dmitry Popko,1467.7048169554034,1428.786373216959,1470.033068153803,1467.7048169554034,338.0,150.0,28.2,191.0,0,11,0.0,0.36363636363636365,0.36363636363636365,0.36363636363636365,52.01482712972188,52.01482712972188,52.01482712972188,52.01482712972188,1.4,3.0,3.0,2.6,1.6363636363636365,1.6363636363636365,0.47763675891650514,0.52393149556583,0.52393149556583,0.34307692307692306,0.4708791208791209,0.4708791208791209
Filip Krajinovic,1653.8376863970766,1575.1366585079127,1505.1504965493966,1396.6763034646253,93.0,661.0,33.2,185.0,0,256,0.0,0.32,0.44,0.44,-182.91938784453077,-45.493044806005855,-51.96103860843891,-278.7027050924571,3.8,4.1,4.06,1.0,1.95,1.86,0.5854304328091209,0.6472391311950723,0.6723868724181744,0.5241925326135852,0.492994103849367,0.5471783732263609
Mustapha El Natour,1400.0,1400.0,1400.0,1400.0,2000.0,0.0,20.8,186.27336318231923,0,0,0.0,0.0,0.0,0.0,0.0,0.0,0.0,0.0,0.0,0.0,0.0,0.0,0.0,0.0,0.0,0.0,0.0,0.0,0.0,0.0
Dias Doskarayev,1432.160399088728,1412.11147913231,1432.160399088728,1432.160399088728,2000.0,0.0,40.8,185.67156964873536,0,4,0.5,0.5,0.5,0.5,32.1603990887279,32.1603990887279,32.1603990887279,32.1603990887279,-1.0,-1.0,-1.0,-1.0,-1.0,-1.0,0.0,0.0,0.0,0.0,0.0,0.0
Helder Lopes,1454.5697326738396,1397.3858962570016,1436.3341136608203,1454.5697326738396,465.0,49.0,47.9,185.67156964873536,0,5,0.4,0.4,0.4,0.4,54.56973267383955,54.56973267383955,54.56973267383955,54.56973267383955,0.2,0.2,0.2,0.0,0.0,0.0,0.11612903225806452,0.11612903225806452,0.11612903225806452,0.1125,0.1125,0.1125
Michihisa Onoda,1610.9304065900506,1610.9304065900506,1610.9304065900506,1610.9304065900506,452.0,50.0,47.6,185.67156964873536,0,13,0.0,0.0,0.0,0.0,-61.85078477204206,-61.85078477204206,-61.85078477204206,-61.85078477204206,1.6666666666666667,1.6666666666666667,1.6666666666666667,2.6666666666666665,2.6666666666666665,2.6666666666666665,0.5886728447704058,0.5886728447704058,0.5886728447704058,0.5238095238095238,0.5238095238095238,0.5238095238095238
Jason Sankey,1400.0,1400.0,1400.0,1400.0,2000.0,0.0,45.1,185.67156964873536,0,0,0.0,0.0,0.0,0.0,0.0,0.0,0.0,0.0,0.0,0.0,0.0,0.0,0.0,0.0,0.0,0.0,0.0,0.0,0.0,0.0
Colin Obrien,1460.7284198273949,1419.2720346365356,1400.0,1387.5579600820872,1004.0,8.0,40.9,185.67156964873536,1,4,0.75,0.75,0.75,0.75,60.72841982739487,60.72841982739487,60.72841982739487,60.72841982739487,-1.0,-1.0,-1.0,-1.0,-1.0,-1.0,0.0,0.0,0.0,0.0,0.0,0.0
Gianni Mina,1371.6515236255693,1371.6515236255693,1371.6515236255693,1371.6515236255693,269.0,184.0,33.2,185.0,0,3,0.0,0.0,0.0,0.0,-28.348476374430675,-28.348476374430675,-28.348476374430675,-28.348476374430675,2.0,2.0,2.0,2.3333333333333335,2.3333333333333335,2.3333333333333335,0.6181333837739001,0.6181333837739001,0.6181333837739001,0.5238095238095238,0.5238095238095238,0.5238095238095238
Nemanja Kontic,1400.0,1400.0,1400.0,1400.0,2000.0,0.0,43.9,185.67156964873536,0,0,0.0,0.0,0.0,0.0,0.0,0.0,0.0,0.0,0.0,0.0,0.0,0.0,0.0,0.0,0.0,0.0,0.0,0.0,0.0,0.0
Constantinos Ioannides,1400.0,1400.0,1400.0,1400.0,2000.0,0.0,29.8,185.67156964873536,0,0,0.0,0.0,0.0,0.0,0.0,0.0,0.0,0.0,0.0,0.0,0.0,0.0,0.0,0.0,0.0,0.0,0.0,0.0,0.0,0.0
Woong Sun Jun,1532.535380142875,1510.8404056204495,1416.455171321961,1400.0,246.0,157.0,39.2,190.0,0,21,0.2,0.47619047619047616,0.47619047619047616,0.47619047619047616,76.23716682812255,132.53538014287506,132.53538014287506,132.53538014287506,3.2,0.6,0.5238095238095238,2.6,0.35,0.2857142857142857,0.7452177473916605,0.2820273631151962,0.26859748868113925,0.5357142857142857,0.21964285714285717,0.20918367346938777
Philip Hjorth,1400.0,1400.0,1400.0,1400.0,880.0,20.0,26.5,185.67156964873536,0,0,0.0,0.0,0.0,0.0,0.0,0.0,0.0,0.0,0.0,0.0,0.0,0.0,0.0,0.0,0.0,0.0,0.0,0.0,0.0,0.0
Ricardo Ojeda Lara,1494.2654170427475,1481.4200444224866,1406.1499753690905,1494.2654170427475,206.0,287.0,32.2,180.0,0,5,0.6,0.6,0.6,0.6,83.2649741212067,83.2649741212067,83.2649741212067,83.2649741212067,1.4,1.4,1.4,0.6,0.6,0.6,0.6048437483720064,0.6048437483720064,0.6048437483720064,0.6225396825396825,0.6225396825396825,0.6225396825396825
Radim Zitko,1697.2784193049654,1705.1995423863573,1705.1995423863573,1697.2784193049654,487.0,52.0,46.6,185.67156964873536,0,51,0.0,0.0,0.0,0.0,-7.921123081391897,-7.921123081391897,-7.921123081391897,-7.921123081391897,1.0,1.0,1.0,9.0,9.0,9.0,0.6825396825396826,0.6825396825396826,0.6825396825396826,0.6666666666666666,0.6666666666666666,0.6666666666666666
Federico Dondo,1737.0812899209175,1737.671289421312,1747.3733438897243,1737.0812899209175,823.0,11.0,53.4,185.67156964873536,0,61,0.8,0.7272727272727273,0.7272727272727273,0.7272727272727273,-22.85842397284955,-22.85842397284955,-22.85842397284955,-22.85842397284955,-1.0,-1.0,-1.0,-1.0,-1.0,-1.0,0.0,0.0,0.0,0.0,0.0,0.0
Darwin Blanch,1390.853391886152,1400.0,1400.0,1390.853391886152,1028.0,12.0,17.5,185.0,1,1,0.0,0.0,0.0,0.0,-9.14660811384806,-9.14660811384806,-9.14660811384806,-9.14660811384806,1.0,1.0,1.0,1.0,1.0,1.0,0.49056603773584906,0.49056603773584906,0.49056603773584906,0.5454545454545454,0.5454545454545454,0.5454545454545454
Lucas Pouille,1669.0565741779,1542.7082585985913,1452.9910846681937,1464.219893999754,212.0,284.0,31.3,185.0,0,276,0.6,0.36,0.4,0.43,-27.106362135159088,-198.45915985560146,-193.95966073784643,-298.6000887595867,5.8,5.9,6.18,3.2,4.45,4.24,0.7256811539029191,0.7143542681744413,0.7162482864337385,0.5357142857142857,0.5806517240069871,0.5718410243007765
Antony Dupuis,1764.4184350864957,1821.3539177955142,1851.1729717515493,1935.9671277944874,221.0,177.0,52.3,185.0,0,342,0.8,0.44,0.42,0.43,-5.166891303359989,7.09002698072868,-40.07825064896747,-35.89099658064879,9.0,7.0,6.92,1.2,1.8,2.36,0.7659263397278944,0.725979214756664,0.727892936574194,0.4666666666666667,0.5663059163059163,0.503467143967144
Sho Shimabukuro,1419.049925001834,1425.4319721003098,1419.049925001834,1400.0,143.0,426.0,28.2,180.0,0,11,0.4,0.36363636363636365,0.36363636363636365,0.36363636363636365,19.049925001834026,19.049925001834026,19.049925001834026,19.049925001834026,1.6,2.4545454545454546,2.4545454545454546,2.0,1.4545454545454546,1.4545454545454546,0.4248691284663272,0.4427880697470018,0.4427880697470018,0.15,0.18636363636363634,0.18636363636363634
Jan Frode Andersen,1725.31984788923,1719.5901097565522,1841.5612293337417,1725.31984788923,916.0,11.0,52.8,190.0,1,83,0.8,0.56,0.5454545454545454,0.5454545454545454,-58.233711907560064,-54.778035666458436,-54.778035666458436,-54.778035666458436,-1.0,0.0,0.3333333333333333,-1.0,-0.05,-0.06060606060606061,0.0,0.1646212121212121,0.1708581080202457,0.0,0.14958333333333335,0.15595238095238095
Mikal Oliver Statham,1421.7567034043157,1400.0,1400.0,1421.7567034043157,756.0,26.0,38.3,185.67156964873536,0,1,1.0,1.0,1.0,1.0,21.756703404315658,21.756703404315658,21.756703404315658,21.756703404315658,-1.0,-1.0,-1.0,-1.0,-1.0,-1.0,0.0,0.0,0.0,0.0,0.0,0.0
Petros Chrysochos,1346.7605006370538,1352.3624064059743,1392.5251778346549,1346.7605006370538,1410.0,3.0,28.8,185.0,0,11,0.2,0.2727272727272727,0.2727272727272727,0.2727272727272727,-53.23949936294616,-53.23949936294616,-53.23949936294616,-53.23949936294616,2.8,0.7272727272727273,0.7272727272727273,3.0,0.8181818181818182,0.8181818181818182,0.6599583666260146,0.29998107573909755,0.29998107573909755,0.5044030365769496,0.2292741075349771,0.2292741075349771
Tim Smyczek,1531.5548710211217,1551.2224561761084,1372.808858903884,1428.056085966041,281.0,135.0,37.5,175.0,0,127,0.2,0.28,0.32,0.34,-32.820685824785414,-146.50352076099784,-76.19606987797101,-71.73807736450635,8.2,5.35,5.24,4.6,3.25,2.88,0.6813941186331963,0.6920137529425596,0.6854515442641943,0.6931829573934838,0.6602506961562689,0.5504356097978389
Massimo Dellacqua,1694.1798574744912,1712.2300620696042,1718.3715134813342,1741.169201857151,472.0,57.0,45.7,193.0,0,54,0.0,0.0,0.0,0.0,-30.520775215249614,-30.520775215249614,-30.520775215249614,-30.520775215249614,10.75,10.75,10.75,5.25,5.25,5.25,0.7555554122455531,0.7555554122455531,0.7555554122455531,0.49404761904761907,0.49404761904761907,0.49404761904761907
Jordi Munoz Abreu,1327.2776349581443,1386.269084245166,1354.8704105183836,1327.2776349581443,1234.0,4.0,35.1,185.67156964873536,0,7,0.2,0.14285714285714285,0.14285714285714285,0.14285714285714285,-72.72236504185571,-72.72236504185571,-72.72236504185571,-72.72236504185571,0.8,0.2857142857142857,0.2857142857142857,6.6,4.428571428571429,4.428571428571429,0.5401864035087719,0.3858474310776942,0.3858474310776942,0.5536507936507936,0.39546485260770975,0.39546485260770975
Gianluigi Quinzi,1425.3139368947873,1394.3009454080043,1440.0789569706028,1425.3139368947873,294.0,166.0,29.7,191.0,1,3,0.3333333333333333,0.3333333333333333,0.3333333333333333,0.3333333333333333,25.313936894787275,25.313936894787275,25.313936894787275,25.313936894787275,8.0,8.0,8.0,2.6666666666666665,2.6666666666666665,2.6666666666666665,0.6575922035480859,0.6575922035480859,0.6575922035480859,0.7638888888888888,0.7638888888888888,0.7638888888888888
Rachid Baba Aissa,1374.590975820489,1374.590975820489,1374.590975820489,1374.590975820489,2000.0,0.0,41.6,185.67156964873536,0,1,0.0,0.0,0.0,0.0,-25.409024179511107,-25.409024179511107,-25.409024179511107,-25.409024179511107,-1.0,-1.0,-1.0,-1.0,-1.0,-1.0,0.0,0.0,0.0,0.0,0.0,0.0
Caleb Chakravarthi,1400.0,1400.0,1400.0,1400.0,2000.0,0.0,26.0,185.67156964873536,0,0,0.0,0.0,0.0,0.0,0.0,0.0,0.0,0.0,0.0,0.0,0.0,0.0,0.0,0.0,0.0,0.0,0.0,0.0,0.0,0.0
Calvin Hemery,1396.650787416031,1371.9532524262356,1432.9733568580252,1396.650787416031,205.0,307.0,30.7,191.0,0,10,0.2,0.2,0.2,0.2,-7.305326750652512,-7.305326750652512,-7.305326750652512,-7.305326750652512,6.6,5.7,5.7,6.0,5.7,5.7,0.6486433239962652,0.6505052368773596,0.6505052368773596,0.44065268065268065,0.4376279276279276,0.4376279276279276
Juan Carlos Saez,1442.9974505652715,1442.9974505652715,1442.9974505652715,1442.9974505652715,241.0,199.0,34.1,186.27336318231923,0,2,1.0,1.0,1.0,1.0,42.99745056527149,42.99745056527149,42.99745056527149,42.99745056527149,-1.0,-1.0,-1.0,-1.0,-1.0,-1.0,0.0,0.0,0.0,0.0,0.0,0.0
Thomas Fabbiano,1540.4418529321667,1414.680012739547,1363.5041397415048,1585.6130135706858,192.0,336.0,35.7,173.0,0,89,0.0,0.32,0.36,0.30337078651685395,-11.623189470474244,-6.567614391896996,97.53209600535024,140.44185293216674,1.4,2.45,2.06,2.6,3.3,3.08,0.5915178782942015,0.673412235085614,0.650572747918616,0.6040909090909091,0.6131434537684537,0.5879543234543234
Robert Strombachs,1473.6344734234822,1473.6344734234822,1473.6344734234822,1473.6344734234822,346.0,146.0,25.3,191.0,0,5,0.8,0.8,0.8,0.8,73.63447342348218,73.63447342348218,73.63447342348218,73.63447342348218,-0.2,-0.2,-0.2,0.2,0.2,0.2,0.136,0.136,0.136,0.13333333333333333,0.13333333333333333,0.13333333333333333
Noam Behr,1807.7118051493158,1812.8964999469256,1770.1092127376783,1807.7118051493158,130.0,301.0,49.9,188.0,1,59,0.6,0.4444444444444444,0.4444444444444444,0.4444444444444444,37.60259241163749,37.60259241163749,37.60259241163749,37.60259241163749,3.8,3.5555555555555554,3.5555555555555554,5.4,3.5555555555555554,3.5555555555555554,0.7068244357458602,0.598450456740137,0.598450456740137,0.433968253968254,0.37784561117894455,0.37784561117894455
Juan Balcells,1891.0300080523152,1872.0671054348593,1941.3008758244528,1759.3638708059768,106.0,374.0,49.6,190.0,0,133,0.2,0.32,0.38,0.4578313253012048,-46.63283032597974,-183.93996263329473,-152.37332948081826,91.36613339759447,3.8,4.7,4.64,2.4,2.35,2.14,0.6860072398865502,0.6884719257142846,0.6578056716021443,0.5694444444444444,0.5443632756132756,0.5697679542679542
Nutthanon Kadchapanan,1400.0,1400.0,1400.0,1400.0,1581.0,2.0,31.6,186.27336318231923,0,0,0.0,0.0,0.0,0.0,0.0,0.0,0.0,0.0,0.0,0.0,0.0,0.0,0.0,0.0,0.0,0.0,0.0,0.0,0.0,0.0
Bruno Agostinelli,1435.3724944391136,1400.0,1400.0,1435.3724944391136,1171.0,7.0,38.3,185.67156964873536,0,2,0.5,0.5,0.5,0.5,35.37249443911355,35.37249443911355,35.37249443911355,35.37249443911355,-1.0,-1.0,-1.0,-1.0,-1.0,-1.0,0.0,0.0,0.0,0.0,0.0,0.0
Alexander Popp,1748.9508424271164,1741.3175176094235,1664.7006446107073,2127.5532601941804,241.0,147.0,48.9,201.0,0,157,0.2,0.36,0.36,0.42,-128.8157371383163,-86.83680902397282,-157.58047133446894,-122.17377311274504,4.6,5.15,4.22,3.2,4.8,4.56,0.6337908945321437,0.6792830261105662,0.6841225627117064,0.39904761904761904,0.5183249389499389,0.5793821456321456
Sarvar Ikramov,1379.1574263434948,1412.9989433037272,1387.3695626367517,1379.1574263434948,554.0,50.0,40.0,186.27336318231923,0,7,0.2,0.2857142857142857,0.2857142857142857,0.2857142857142857,-20.842573656505238,-20.842573656505238,-20.842573656505238,-20.842573656505238,-1.0,-1.0,-1.0,-1.0,-1.0,-1.0,0.0,0.0,0.0,0.0,0.0,0.0
Pavel Vizner,1400.0,1400.0,1400.0,1400.0,2000.0,0.0,54.5,183.0,0,0,0.0,0.0,0.0,0.0,0.0,0.0,0.0,0.0,0.0,0.0,0.0,0.0,0.0,0.0,0.0,0.0,0.0,0.0,0.0,0.0
Marc Abdulnour,1375.3696278263965,1381.2412348499622,1374.2553402876827,1375.3696278263965,983.0,9.0,36.6,186.27336318231923,0,6,0.4,0.3333333333333333,0.3333333333333333,0.3333333333333333,-24.63037217360352,-24.63037217360352,-24.63037217360352,-24.63037217360352,-1.0,-1.0,-1.0,-1.0,-1.0,-1.0,0.0,0.0,0.0,0.0,0.0,0.0
Muhammad Khaliq Siddiq,1392.8418704731544,1392.8418704731544,1392.8418704731544,1392.8418704731544,2000.0,0.0,48.6,185.67156964873536,0,1,0.0,0.0,0.0,0.0,-7.1581295268456415,-7.1581295268456415,-7.1581295268456415,-7.1581295268456415,-1.0,-1.0,-1.0,-1.0,-1.0,-1.0,0.0,0.0,0.0,0.0,0.0,0.0
James Lemke,1400.0,1400.0,1400.0,1400.0,456.0,73.0,36.9,185.67156964873536,0,0,0.0,0.0,0.0,0.0,0.0,0.0,0.0,0.0,0.0,0.0,0.0,0.0,0.0,0.0,0.0,0.0,0.0,0.0,0.0,0.0
Taylor Dent,1754.0755323080773,1877.5347781200992,1645.9342750505168,1787.4777561395622,92.0,573.0,44.5,188.0,0,335,0.4,0.4,0.42,0.46,20.228573455601463,-1.0321476833410088,-44.63831168804268,-327.703001028832,4.8,7.55,7.68,4.6,6.75,5.94,0.7327167841233178,0.7215579501207056,0.7515725441286303,0.4452464494569758,0.5530469603495919,0.552030472451525
G D Jones,1495.1666738214426,1495.1666738214426,1495.1666738214426,1495.1666738214426,817.0,27.0,39.2,183.0,0,9,0.6,0.6666666666666666,0.6666666666666666,0.6666666666666666,95.1666738214426,95.1666738214426,95.1666738214426,95.1666738214426,-0.4,-0.5555555555555556,-0.5555555555555556,-0.2,0.1111111111111111,0.1111111111111111,0.12105263157894738,0.0996588693957115,0.0996588693957115,0.06666666666666667,0.07407407407407407,0.07407407407407407
Dane Sweeny,1419.4241472981175,1419.4241472981175,1419.4241472981175,1419.4241472981175,257.0,228.0,23.9,170.0,0,5,0.4,0.4,0.4,0.4,19.424147298117532,19.424147298117532,19.424147298117532,19.424147298117532,1.0,1.0,1.0,3.4,3.4,3.4,0.6434156271656272,0.6434156271656272,0.6434156271656272,0.4066666666666666,0.4066666666666666,0.4066666666666666
Bassam Beidas,1491.4802713966837,1491.4802713966837,1475.9307746503423,1491.4802713966837,1086.0,6.0,36.2,186.27336318231923,0,4,1.0,1.0,1.0,1.0,91.48027139668375,91.48027139668375,91.48027139668375,91.48027139668375,-1.0,-1.0,-1.0,-1.0,-1.0,-1.0,0.0,0.0,0.0,0.0,0.0,0.0
Krystian Pfeiffer,1681.023893665015,1681.023893665015,1681.023893665015,1681.023893665015,629.0,23.0,46.6,185.67156964873536,0,15,0.6,0.6,0.6,0.6,5.247436030942026,5.247436030942026,5.247436030942026,5.247436030942026,-1.0,-1.0,-1.0,-1.0,-1.0,-1.0,0.0,0.0,0.0,0.0,0.0,0.0
Martin Fischer,1412.4727624716027,1427.0316191312504,1343.307227530874,1423.4483519033838,335.0,133.0,38.7,180.0,0,24,0.4,0.20833333333333334,0.20833333333333334,0.20833333333333334,52.58134521803686,12.472762471602664,12.472762471602664,12.472762471602664,0.8,2.3,2.2083333333333335,0.8,1.8,1.8333333333333333,0.32274661508704067,0.49773598813806325,0.5074300936347215,0.20341880341880342,0.3972147297147297,0.39756320068820067
Inigo Cervantes Huegun,1589.5558626730806,1417.9906975551419,1533.941378839257,1418.330500469254,125.0,465.0,35.2,180.0,0,48,0.4,0.32,0.3541666666666667,0.3541666666666667,8.750412270138213,175.1302126725409,189.55586267308058,189.55586267308058,6.6,6.85,6.458333333333333,3.6,3.45,4.166666666666667,0.8131994641636998,0.7173018155539425,0.7100593061255184,0.7283333333333333,0.5221336261777438,0.5083292558476382
Yu Hsiou Hsu,1512.0908909243083,1512.0908909243083,1512.0908909243083,1512.0908909243083,230.0,266.0,25.8,178.0,0,6,0.6,0.5,0.5,0.5,108.13477675762465,108.13477675762465,108.13477675762465,108.13477675762465,4.0,3.8333333333333335,3.8333333333333335,2.6,2.5,2.5,0.6936803118908382,0.6749137734225453,0.6749137734225453,0.6391208791208791,0.6278388278388278,0.6278388278388278
Yassir Kilani,1400.0,1400.0,1400.0,1400.0,2000.0,0.0,24.6,185.67156964873536,0,0,0.0,0.0,0.0,0.0,0.0,0.0,0.0,0.0,0.0,0.0,0.0,0.0,0.0,0.0,0.0,0.0,0.0,0.0,0.0,0.0
Ivan Vajda,1721.778614518362,1721.778614518362,1721.778614518362,1721.778614518362,240.0,149.0,47.0,185.67156964873536,0,52,0.0,0.0,0.0,0.0,-16.87565695965577,-16.87565695965577,-16.87565695965577,-16.87565695965577,1.0,1.0,1.0,5.5,5.5,5.5,0.5081521739130435,0.5081521739130435,0.5081521739130435,0.14285714285714285,0.14285714285714285,0.14285714285714285
Luis Diego Chavez Villalpando,1400.0,1400.0,1400.0,1400.0,1581.0,2.0,29.2,186.27336318231923,0,0,0.0,0.0,0.0,0.0,0.0,0.0,0.0,0.0,0.0,0.0,0.0,0.0,0.0,0.0,0.0,0.0,0.0,0.0,0.0,0.0
Juan Alejandro Hernandez Serrano,1384.7456206614158,1406.7783395663917,1384.7456206614158,1384.7456206614158,521.0,57.0,26.1,175.0,0,1,0.0,0.0,0.0,0.0,-15.254379338584158,-15.254379338584158,-15.254379338584158,-15.254379338584158,0.0,0.0,0.0,3.0,3.0,3.0,0.3181818181818182,0.3181818181818182,0.3181818181818182,0.25,0.25,0.25
Revaz Osadze,1400.0,1400.0,1400.0,1400.0,2000.0,0.0,34.5,185.67156964873536,0,0,0.0,0.0,0.0,0.0,0.0,0.0,0.0,0.0,0.0,0.0,0.0,0.0,0.0,0.0,0.0,0.0,0.0,0.0,0.0,0.0
Paul Haarhuis,1824.8739993073318,1824.8739993073318,1824.8739993073318,1824.8739993073318,586.0,25.0,59.3,188.0,0,50,0.0,0.0,0.0,0.0,0.0,0.0,0.0,0.0,0.0,0.0,0.0,0.0,0.0,0.0,0.0,0.0,0.0,0.0,0.0,0.0
Marcelo Rios,1965.2617378246282,2299.5008803702644,2030.7637499786886,1965.2617378246282,44.0,860.0,49.5,175.0,1,681,0.2,0.56,0.6,0.62,-68.17620415663737,-92.51141068848483,-67.87544313607668,-24.051516634618565,1.4,2.85,4.2,1.0,1.8,2.08,0.4934150326797385,0.6387624899645447,0.6553850865669013,0.5242307692307692,0.49742323852617976,0.5123843280902104
Ye Cong Mo,1400.0,1400.0,1400.0,1400.0,668.0,46.0,25.2,183.0,0,0,0.0,0.0,0.0,0.0,0.0,0.0,0.0,0.0,0.0,0.0,0.0,0.0,0.0,0.0,0.0,0.0,0.0,0.0,0.0,0.0
Alejandro Mendoza,1400.0,1400.0,1400.0,1400.0,1290.0,4.0,34.9,183.0,0,0,0.0,0.0,0.0,0.0,0.0,0.0,0.0,0.0,0.0,0.0,0.0,0.0,0.0,0.0,0.0,0.0,0.0,0.0,0.0,0.0
Rodrigo Gabriel,1375.0,1375.0,1375.0,1375.0,2000.0,0.0,41.1,185.67156964873536,0,1,0.0,0.0,0.0,0.0,-25.0,-25.0,-25.0,-25.0,-1.0,-1.0,-1.0,-1.0,-1.0,-1.0,0.0,0.0,0.0,0.0,0.0,0.0
Andrej Nedic,1360.5694429490118,1400.0,1375.0,1360.5694429490118,591.0,59.0,20.2,185.0,0,2,0.0,0.0,0.0,0.0,-39.43055705098823,-39.43055705098823,-39.43055705098823,-39.43055705098823,-1.0,-1.0,-1.0,-1.0,-1.0,-1.0,0.0,0.0,0.0,0.0,0.0,0.0
Jing Yi Li,1375.2408867510158,1400.0,1400.0,1375.2408867510158,1070.0,5.0,44.7,186.27336318231923,0,1,0.0,0.0,0.0,0.0,-24.75911324898425,-24.75911324898425,-24.75911324898425,-24.75911324898425,-1.0,-1.0,-1.0,-1.0,-1.0,-1.0,0.0,0.0,0.0,0.0,0.0,0.0
Martin Rmus,1400.0,1400.0,1400.0,1400.0,2000.0,0.0,38.3,185.67156964873536,0,0,0.0,0.0,0.0,0.0,0.0,0.0,0.0,0.0,0.0,0.0,0.0,0.0,0.0,0.0,0.0,0.0,0.0,0.0,0.0,0.0
Marcelo Charpentier,1757.4190833397552,1757.4190833397552,1762.0099602106206,1757.4190833397552,194.0,182.0,51.6,180.0,1,57,0.0,0.14285714285714285,0.14285714285714285,0.14285714285714285,-35.20046256010869,-35.20046256010869,-35.20046256010869,-35.20046256010869,1.2,1.5714285714285714,1.5714285714285714,4.2,4.571428571428571,4.571428571428571,0.6361438506328493,0.6124605650512291,0.6124605650512291,0.2755555555555555,0.4044562752637287,0.4044562752637287
Andres Filimonov,1355.9649100008842,1355.9649100008842,1358.0054473924756,1355.9649100008842,2000.0,0.0,57.1,185.67156964873536,0,4,0.0,0.0,0.0,0.0,-44.035089999115826,-44.035089999115826,-44.035089999115826,-44.035089999115826,-1.0,-1.0,-1.0,-1.0,-1.0,-1.0,0.0,0.0,0.0,0.0,0.0,0.0
David Jorda Sanchis,1400.0,1400.0,1425.0,1400.0,329.0,159.0,30.7,198.0,0,0,0.0,0.0,0.0,0.0,0.0,0.0,0.0,0.0,0.0,0.0,0.0,0.0,0.0,0.0,0.0,0.0,0.0,0.0,0.0,0.0
Christian Lindell,1375.8445050873952,1387.3373578100068,1458.3488710698787,1375.8445050873952,363.0,127.0,33.3,193.0,0,16,0.2,0.1875,0.1875,0.1875,-24.15549491260481,-24.15549491260481,-24.15549491260481,-24.15549491260481,2.2,2.6875,2.6875,3.2,2.5,2.5,0.5078879771300124,0.486174272329947,0.486174272329947,0.41721611721611723,0.3836064976689977,0.3836064976689977
Mariano Navone,1568.8179447070906,1436.6791452915613,1697.9805621168282,1427.5653963350096,45.0,1198.0,24.6,178.0,0,41,0.2,0.28,0.43902439024390244,0.43902439024390244,-99.87706270610806,-4.471606218322677,90.38254689892824,90.38254689892824,5.8,3.55,2.4878048780487805,2.8,2.5,2.1951219512195124,0.7258598760883211,0.6620287333051492,0.642335761160661,0.635576923076923,0.5364384226884227,0.4975151542224713
Alexander Zverev,2169.836540555323,1737.8728113180905,1816.7606721166203,1439.8276988552952,2.0,7315.0,28.5,198.0,0,659,1.0,0.76,0.78,0.74,-0.4085292095933255,-9.257883265438977,32.69417517501506,5.712729257099454,9.4,10.75,9.76,1.8,2.85,2.54,0.8248971084778762,0.7921684462588082,0.7653409762611484,0.6933333333333332,0.5863877788877789,0.5143909701409701
Thomas Haug,1400.0,1400.0,1400.0,1400.0,2000.0,0.0,46.8,185.67156964873536,0,0,0.0,0.0,0.0,0.0,0.0,0.0,0.0,0.0,0.0,0.0,0.0,0.0,0.0,0.0,0.0,0.0,0.0,0.0,0.0,0.0
Lukas Hellum Lilleengen,1425.0,1425.0,1425.0,1425.0,1211.0,5.0,24.8,180.0,0,1,1.0,1.0,1.0,1.0,25.0,25.0,25.0,25.0,2.0,2.0,2.0,1.0,1.0,1.0,0.782608695652174,0.782608695652174,0.782608695652174,0.6666666666666666,0.6666666666666666,0.6666666666666666
Juan Giner,1754.737211028556,1754.737211028556,1754.737211028556,1754.737211028556,558.0,34.0,47.1,178.0,0,54,0.5,0.5,0.5,0.5,37.295021101714156,37.295021101714156,37.295021101714156,37.295021101714156,0.75,0.75,0.75,1.75,1.75,1.75,0.6297999189238304,0.6297999189238304,0.6297999189238304,0.4444444444444444,0.4444444444444444,0.4444444444444444
Talal Ouahabi,1525.1098092132881,1525.1098092132881,1499.7568819607359,1525.1098092132881,1126.0,4.0,47.1,185.67156964873536,0,12,0.0,0.0,0.0,0.0,-40.90778304740684,-40.90778304740684,-40.90778304740684,-40.90778304740684,0.5,0.5,0.5,1.0,1.0,1.0,0.2558139534883721,0.2558139534883721,0.2558139534883721,0.2916666666666667,0.2916666666666667,0.2916666666666667
Fernando Meligeni,1854.9982100309217,2031.572842970425,1996.441845980115,2020.1087356092203,118.0,324.0,54.0,180.0,1,430,0.4,0.44,0.46,0.47,-79.55741548458536,-63.94233551717366,-39.72699746538342,-76.96012112962012,3.4,4.3,3.84,3.2,3.35,3.32,0.6513821679615243,0.6293527723450045,0.6641701835552134,0.6950000000000001,0.5677380952380953,0.6002222222222222
Lars Burgsmuller,1623.0837985217925,1729.1922016949918,1802.8828817192486,1846.108169270229,263.0,150.0,49.3,183.0,0,233,0.2,0.32,0.28,0.34,-47.03286774372191,-111.98343142513318,-174.82553859415225,-206.72808282582605,4.8,4.15,3.98,4.2,4.5,3.84,0.6629831823182216,0.6924449333658799,0.6809668764586198,0.5893090569561158,0.4535718529836178,0.46892477293947876
Mate Pavic,1403.6034409119459,1392.6005670404509,1408.836007537879,1445.0903633181213,2000.0,0.0,32.2,191.0,1,13,0.2,0.23076923076923078,0.23076923076923078,0.23076923076923078,3.6034409119458815,3.6034409119458815,3.6034409119458815,3.6034409119458815,7.8,4.769230769230769,4.769230769230769,1.6,1.8461538461538463,1.8461538461538463,0.5617430115104535,0.542853528400544,0.542853528400544,0.45999999999999996,0.497985347985348,0.497985347985348
Nickolai Dyachok,1400.0,1400.0,1400.0,1400.0,1055.0,4.0,42.5,185.67156964873536,0,0,0.0,0.0,0.0,0.0,0.0,0.0,0.0,0.0,0.0,0.0,0.0,0.0,0.0,0.0,0.0,0.0,0.0,0.0,0.0,0.0
Rhett Purcell,1400.0,1400.0,1400.0,1400.0,922.0,13.0,29.5,191.0,0,0,0.0,0.0,0.0,0.0,0.0,0.0,0.0,0.0,0.0,0.0,0.0,0.0,0.0,0.0,0.0,0.0,0.0,0.0,0.0,0.0
Nicolas Mahut,1714.177538838309,1554.9980184631465,1455.9440568158755,1822.0208601326676,239.0,239.0,43.0,191.0,0,416,0.6,0.44,0.44,0.47,-34.65344645158871,-62.21746619240548,-102.44000557685763,-36.97641276355057,6.0,5.3,5.98,3.2,3.1,2.92,0.7082360308198818,0.7197295683243541,0.7181245244961083,0.7006593406593407,0.5756934731934732,0.5883030303030303
Tommy Paul,1979.8000857583359,1789.3001873378935,1452.4470063095905,1496.5384492134415,12.0,3180.0,28.4,185.0,0,299,0.8,0.68,0.7,0.67,-54.02696863336132,36.58703628483204,142.33630785472133,127.90741336220572,5.4,5.5,5.12,0.8,1.7,1.66,0.7371822886716504,0.7253038300716502,0.7235753041338114,0.6636363636363636,0.578033633033633,0.5910670898302477
Salvador Navarro,1773.6535176127877,1773.6535176127877,1773.6535176127877,1773.6535176127877,209.0,179.0,48.2,180.0,0,54,0.5,0.5,0.5,0.5,36.87393091787044,36.87393091787044,36.87393091787044,36.87393091787044,2.25,2.25,2.25,1.25,1.25,1.25,0.6398711943793911,0.6398711943793911,0.6398711943793911,0.5613636363636364,0.5613636363636364,0.5613636363636364
Benjamin Lock,1493.9807437881034,1526.443119197706,1400.0,1493.9807437881034,348.0,144.0,31.9,198.0,0,12,0.6,0.6666666666666666,0.6666666666666666,0.6666666666666666,93.98074378810338,93.98074378810338,93.98074378810338,93.98074378810338,0.0,0.8333333333333334,0.8333333333333334,0.2,0.0,0.0,0.2342105263157895,0.2565979900732223,0.2565979900732223,0.24857142857142858,0.24642857142857144,0.24642857142857144
Suwandi Suwandi,1536.9598220876708,1578.2457502390623,1536.9598220876708,1536.9598220876708,751.0,21.0,49.0,178.0,0,32,0.2,0.5909090909090909,0.5909090909090909,0.5909090909090909,-111.45071740937146,-79.54740538871488,-79.54740538871488,-79.54740538871488,-1.0,-1.0,-1.0,-1.0,-1.0,-1.0,0.0,0.0,0.0,0.0,0.0,0.0
Francesco Maestrelli,1419.1461167346251,1419.1461167346251,1419.1461167346251,1419.1461167346251,186.0,298.0,22.8,196.0,0,0,0.0,0.0,0.0,0.0,0.0,0.0,0.0,0.0,0.0,0.0,0.0,0.0,0.0,0.0,0.0,0.0,0.0,0.0,0.0,0.0
Mischa Zverev,1615.7583792205805,1433.4142634098296,1374.8117234556182,1624.5614732840427,280.0,209.0,37.5,190.0,1,333,0.4,0.16,0.34,0.41,-103.38998594620648,-201.44127351464022,-160.63052325918284,-218.4343213619154,3.0,4.35,5.26,2.2,2.9,2.72,0.7069292896876337,0.6606990577868083,0.7040937087219612,0.5966666666666666,0.5879779942279942,0.605306977336389
Gonzales Austin,1400.0,1373.159988785865,1400.0,1400.0,2000.0,0.0,32.6,185.67156964873536,1,0,0.0,0.0,0.0,0.0,0.0,0.0,0.0,0.0,0.0,0.0,0.0,0.0,0.0,0.0,0.0,0.0,0.0,0.0,0.0,0.0
Min Kyu Song,1400.0,1400.0,1400.0,1400.0,2000.0,0.0,35.0,183.0,0,0,0.0,0.0,0.0,0.0,0.0,0.0,0.0,0.0,0.0,0.0,0.0,0.0,0.0,0.0,0.0,0.0,0.0,0.0,0.0,0.0
Sasa Tuksar,1417.9050687173446,1417.9050687173446,1435.6377264748116,1417.9050687173446,166.0,253.0,42.0,180.0,0,8,0.0,0.125,0.125,0.125,17.905068717344648,17.905068717344648,17.905068717344648,17.905068717344648,0.4,1.25,1.25,0.6,1.375,1.375,0.303901895206243,0.4591338411990586,0.4591338411990586,0.1812987012987013,0.3528950216450216,0.3528950216450216
Stefano Cobolli,1703.4584695565854,1703.4584695565854,1703.4584695565854,1703.4584695565854,400.0,61.0,48.3,175.0,0,50,0.0,0.0,0.0,0.0,0.0,0.0,0.0,0.0,0.0,0.0,0.0,0.0,0.0,0.0,0.0,0.0,0.0,0.0,0.0,0.0
Mohammed Faizal Bin Othman,1400.0,1400.0,1400.0,1400.0,2000.0,0.0,41.9,185.67156964873536,0,0,0.0,0.0,0.0,0.0,0.0,0.0,0.0,0.0,0.0,0.0,0.0,0.0,0.0,0.0,0.0,0.0,0.0,0.0,0.0,0.0
Luis Haddock,1388.3898194219983,1388.3898194219983,1388.3898194219983,1388.3898194219983,2000.0,0.0,43.1,186.27336318231923,0,1,0.0,0.0,0.0,0.0,-11.610180578001746,-11.610180578001746,-11.610180578001746,-11.610180578001746,-1.0,-1.0,-1.0,-1.0,-1.0,-1.0,0.0,0.0,0.0,0.0,0.0,0.0
Alexandre Sidorenko,1473.323436524501,1428.407049215069,1458.3558232419562,1473.323436524501,255.0,205.0,37.5,185.0,0,12,0.4,0.3333333333333333,0.3333333333333333,0.3333333333333333,73.32343652450095,73.32343652450095,73.32343652450095,73.32343652450095,5.2,4.416666666666667,4.416666666666667,3.2,3.0,3.0,0.7034239248597643,0.713449208357252,0.713449208357252,0.6209523809523809,0.5745761183261183,0.5745761183261183
Harsh Mankad,1585.4493605788193,1609.9261351268474,1653.939562154308,1692.698729271145,255.0,144.0,45.5,173.0,0,26,0.6,0.375,0.375,0.375,-68.49020157548875,-68.49020157548875,-68.49020157548875,-68.49020157548875,-0.8,-0.75,-0.75,0.2,-0.375,-0.375,0.11875,0.07987253289473684,0.07987253289473684,0.1,0.07589285714285715,0.07589285714285715
Davis Rolis,1373.497634723207,1373.497634723207,1373.497634723207,1373.497634723207,2000.0,0.0,20.6,185.67156964873536,0,1,0.0,0.0,0.0,0.0,-26.502365276792943,-26.502365276792943,-26.502365276792943,-26.502365276792943,1.0,1.0,1.0,2.0,2.0,2.0,0.5666666666666667,0.5666666666666667,0.5666666666666667,0.25,0.25,0.25
Guillermo Alcaide,1400.0,1400.0,1400.0,1400.0,238.0,197.0,39.0,188.0,0,0,0.0,0.0,0.0,0.0,0.0,0.0,0.0,0.0,0.0,0.0,0.0,0.0,0.0,0.0,0.0,0.0,0.0,0.0,0.0,0.0
Phillip Simmonds,1395.9262879693745,1395.9262879693745,1395.9262879693745,1395.9262879693745,428.0,83.0,39.1,185.67156964873536,0,2,0.0,0.0,0.0,0.0,-4.073712030625529,-4.073712030625529,-4.073712030625529,-4.073712030625529,5.0,5.0,5.0,5.0,5.0,5.0,0.6225806451612903,0.6225806451612903,0.6225806451612903,0.5277777777777778,0.5277777777777778,0.5277777777777778
Alex Corretja,1739.3005621415807,1929.8899996538025,2010.181098459123,2075.95860097292,153.0,290.0,51.0,180.0,0,560,0.2,0.32,0.34,0.45,-61.25970855398191,-136.45581638966542,-183.5700667574331,-404.3509962403234,0.8,4.4,3.04,2.2,2.8,2.88,0.5831313131313132,0.6779595475036573,0.644421936798775,0.5333333333333334,0.5909805472305473,0.5754847440141557
Julio Cesar Campozano,1568.391295598006,1425.5653671845166,1555.8849387417768,1568.391295598006,495.0,71.0,39.1,185.67156964873536,0,24,0.8,0.5416666666666666,0.5416666666666666,0.5416666666666666,156.49554492013272,168.39129559800608,168.39129559800608,168.39129559800608,-1.0,-1.0,-1.0,-1.0,-1.0,-1.0,0.0,0.0,0.0,0.0,0.0,0.0
Javier Sanchez,1765.388104028476,1765.388104028476,1765.388104028476,1765.388104028476,281.0,136.0,56.9,178.0,0,50,0.0,0.0,0.0,0.0,0.0,0.0,0.0,0.0,0.0,0.0,0.0,0.0,0.0,0.0,0.0,0.0,0.0,0.0,0.0,0.0
Yannick Mertens,1412.1653512450598,1412.1653512450598,1412.1653512450598,1412.1653512450598,208.0,237.0,38.3,185.0,0,2,0.5,0.5,0.5,0.5,12.16535124505981,12.16535124505981,12.16535124505981,12.16535124505981,4.0,4.0,4.0,2.5,2.5,2.5,0.7362934362934364,0.7362934362934364,0.7362934362934364,0.5571428571428572,0.5571428571428572,0.5571428571428572
Juan Enrique Crosa,1369.230099709463,1393.1514330569057,1400.0,1369.230099709463,2000.0,0.0,41.3,185.67156964873536,0,2,0.0,0.0,0.0,0.0,-30.769900290536953,-30.769900290536953,-30.769900290536953,-30.769900290536953,-1.0,-1.0,-1.0,-1.0,-1.0,-1.0,0.0,0.0,0.0,0.0,0.0,0.0
Marko Tepavac,1409.0411827738533,1409.0411827738533,1409.0411827738533,1409.0411827738533,201.0,270.0,30.8,185.67156964873536,0,0,0.0,0.0,0.0,0.0,0.0,0.0,0.0,0.0,0.0,0.0,0.0,0.0,0.0,0.0,0.0,0.0,0.0,0.0,0.0,0.0
John Doran,1650.5625586792257,1672.9654320593306,1617.497312661606,1650.5625586792257,2000.0,0.0,47.1,185.67156964873536,0,18,0.6,0.625,0.625,0.625,5.388382818295668,5.388382818295668,5.388382818295668,5.388382818295668,-1.0,-1.0,-1.0,-1.0,-1.0,-1.0,0.0,0.0,0.0,0.0,0.0,0.0
Puriwat Chatpatcharoen,1383.1810254762622,1400.0,1383.1810254762622,1383.1810254762622,727.0,33.0,29.5,185.67156964873536,0,1,0.0,0.0,0.0,0.0,-16.81897452373778,-16.81897452373778,-16.81897452373778,-16.81897452373778,11.0,11.0,11.0,9.0,9.0,9.0,0.7678571428571429,0.7678571428571429,0.7678571428571429,0.4444444444444444,0.4444444444444444,0.4444444444444444
Sergiy Stakhovsky,1617.3821613041705,1488.5233755438985,1307.4173213360662,1469.5291706569567,216.0,293.0,39.8,193.0,0,387,0.4,0.4,0.4,0.39,-54.029178007213204,-83.1707834999113,-117.71566586823451,-183.98713505409796,8.6,7.05,8.34,3.4,2.5,3.16,0.7730023468730896,0.6477865147506605,0.7065317485890064,0.7049486461251167,0.5697436550377727,0.5733758594346829
Goran Tosic,1406.3105816130776,1406.3105816130776,1406.3105816130776,1406.3105816130776,499.0,90.0,42.7,185.67156964873536,0,3,0.3333333333333333,0.3333333333333333,0.3333333333333333,0.3333333333333333,6.310581613077602,6.310581613077602,6.310581613077602,6.310581613077602,-1.0,-1.0,-1.0,-1.0,-1.0,-1.0,0.0,0.0,0.0,0.0,0.0,0.0
Marvin Moeller,1400.0,1400.0,1400.0,1400.0,2000.0,0.0,26.4,178.0,0,0,0.0,0.0,0.0,0.0,0.0,0.0,0.0,0.0,0.0,0.0,0.0,0.0,0.0,0.0,0.0,0.0,0.0,0.0,0.0,0.0
Stefano Tarallo,1800.2684620253185,1800.2684620253185,1819.136719032358,1800.2684620253185,151.0,244.0,49.5,185.0,0,50,0.0,0.0,0.0,0.0,0.0,0.0,0.0,0.0,0.0,0.0,0.0,0.0,0.0,0.0,0.0,0.0,0.0,0.0,0.0,0.0
Daniel Munoz de la Nava,1443.6495129312768,1473.3622314562301,1388.6885574447822,1443.6495129312768,138.0,423.0,43.4,178.0,1,36,0.2,0.24,0.25,0.25,-109.5479845364298,38.10192974171741,33.95851163047132,33.95851163047132,2.0,3.3,2.9166666666666665,3.6,4.35,3.8333333333333335,0.6266006700613499,0.6587697592105195,0.6629330293178971,0.6394319131161236,0.6107326754772575,0.5688339853587532
Rajeev Rajapakse,1400.0,1400.0,1377.1048454850716,1400.0,2000.0,0.0,44.8,185.67156964873536,0,0,0.0,0.0,0.0,0.0,0.0,0.0,0.0,0.0,0.0,0.0,0.0,0.0,0.0,0.0,0.0,0.0,0.0,0.0,0.0,0.0
Daniel Rincon,1380.754476646203,1380.754476646203,1380.754476646203,1380.754476646203,216.0,283.0,22.2,185.0,1,2,0.0,0.0,0.0,0.0,-19.245523353796898,-19.245523353796898,-19.245523353796898,-19.245523353796898,3.0,3.0,3.0,6.5,6.5,6.5,0.678030303030303,0.678030303030303,0.678030303030303,0.41666666666666663,0.41666666666666663,0.41666666666666663
Ricardas Berankis,1620.7541319732948,1720.442704327777,1352.9479836450982,1344.8350716960972,248.0,238.0,34.6,175.0,0,286,0.4,0.48,0.44,0.46,38.038290303644544,-2.984315829487741,20.299595810165556,72.60496653700739,1.6,2.8,2.7,1.4,2.15,2.54,0.4133333333333333,0.603076401230028,0.6503135043387952,0.32571428571428573,0.4251785714285714,0.5005009288956657
Bartolome Salva Vidal,1355.1206644819686,1396.790576839559,1362.5802880449107,1355.1206644819686,326.0,110.0,39.1,183.0,1,5,0.0,0.0,0.0,0.0,-44.87933551803144,-44.87933551803144,-44.87933551803144,-44.87933551803144,1.2,1.2,1.2,4.6,4.6,4.6,0.5564139369402528,0.5564139369402528,0.5564139369402528,0.39259740259740256,0.39259740259740256,0.39259740259740256
Christoffer Konigsfeldt,1385.4586904214625,1385.4586904214625,1385.4586904214625,1385.4586904214625,2000.0,0.0,35.7,185.67156964873536,0,1,0.0,0.0,0.0,0.0,-14.541309578537494,-14.541309578537494,-14.541309578537494,-14.541309578537494,-1.0,-1.0,-1.0,-1.0,-1.0,-1.0,0.0,0.0,0.0,0.0,0.0,0.0
Arjun Kadhe,1359.1593757676906,1359.1593757676906,1359.1593757676906,1359.1593757676906,778.0,26.0,31.0,185.0,0,3,0.0,0.0,0.0,0.0,-40.84062423230944,-40.84062423230944,-40.84062423230944,-40.84062423230944,4.666666666666667,4.666666666666667,4.666666666666667,2.6666666666666665,2.6666666666666665,2.6666666666666665,0.623381655089902,0.623381655089902,0.623381655089902,0.6574074074074074,0.6574074074074074,0.6574074074074074
Bjorn Munroe,1354.8124809866472,1354.8124809866472,1354.8124809866472,1354.8124809866472,2000.0,0.0,46.3,185.67156964873536,0,3,0.0,0.0,0.0,0.0,-45.18751901335281,-45.18751901335281,-45.18751901335281,-45.18751901335281,-1.0,-1.0,-1.0,-1.0,-1.0,-1.0,0.0,0.0,0.0,0.0,0.0,0.0
Rayane Roumane,1400.0,1400.0,1400.0,1400.0,431.0,78.0,25.0,193.0,0,0,0.0,0.0,0.0,0.0,0.0,0.0,0.0,0.0,0.0,0.0,0.0,0.0,0.0,0.0,0.0,0.0,0.0,0.0,0.0,0.0
Jonas Bjorkman,1745.2165568182284,1762.9954125232196,1667.1383218045623,2169.2594744861253,173.0,248.0,53.5,183.0,0,532,0.2,0.32,0.42,0.44,-25.037716241835824,-73.8195580824613,-61.0341938213337,-119.77217560932013,3.6,3.75,3.98,3.2,2.3,2.4,0.6883913611195558,0.6702362933105519,0.630387567643992,0.4924242424242425,0.4205960705960706,0.5060536831589463
Ainius Sabaliauskas,1381.9707250121196,1381.9707250121196,1381.9707250121196,1381.9707250121196,1783.0,1.0,22.1,186.27336318231923,1,1,0.0,0.0,0.0,0.0,-18.0292749878804,-18.0292749878804,-18.0292749878804,-18.0292749878804,0.0,0.0,0.0,4.0,4.0,4.0,0.4074074074074074,0.4074074074074074,0.4074074074074074,0.5,0.5,0.5
Yew Ming Si,1378.6061308358821,1418.071085189063,1379.6841656314182,1378.6061308358821,2000.0,0.0,46.0,185.67156964873536,0,13,0.6,0.38461538461538464,0.38461538461538464,0.38461538461538464,-21.39386916411786,-21.39386916411786,-21.39386916411786,-21.39386916411786,-1.0,-1.0,-1.0,-1.0,-1.0,-1.0,0.0,0.0,0.0,0.0,0.0,0.0
Ruben Ramirez Hidalgo,1426.101558238555,1593.0269884860763,1672.3406854423995,1643.5576627084301,165.0,337.0,47.2,183.0,0,250,0.4,0.2,0.22,0.25,-63.728543765655104,-142.80475571505576,-215.7332208671894,-460.30146521824486,2.0,3.25,2.82,3.4,4.15,4.42,0.6841097308488613,0.6735791479097908,0.6620500989884688,0.5266666666666666,0.5465845959595959,0.5258341039765189
Florent Serra,1599.40884501773,1705.4455735244394,1708.636131242546,1528.261019729545,450.0,88.0,44.5,180.0,0,302,0.0,0.24,0.28,0.37,-44.2562199054305,-158.0439518698745,-260.3005306407099,-229.89224720672019,3.0,3.85,4.26,1.8,2.4,2.0,0.6489921231650555,0.6450174505764324,0.6568161298182524,0.5257539682539685,0.5243136193871488,0.5321455537926126
Michael Linzer,1379.9754549328238,1379.9754549328238,1379.9754549328238,1379.9754549328238,354.0,130.0,35.7,185.67156964873536,0,1,0.0,0.0,0.0,0.0,-20.024545067176177,-20.024545067176177,-20.024545067176177,-20.024545067176177,1.0,1.0,1.0,1.0,1.0,1.0,0.5,0.5,0.5,0.16666666666666666,0.16666666666666666,0.16666666666666666
Aleksandre Metreveli,1375.5469646367796,1380.3781005716382,1400.0,1375.5469646367796,570.0,55.0,31.3,183.0,0,8,0.0,0.25,0.25,0.25,-24.45303536322035,-24.45303536322035,-24.45303536322035,-24.45303536322035,2.6,1.625,1.625,3.0,1.75,1.75,0.4600371660859466,0.38848476726525505,0.38848476726525505,0.3898412698412698,0.24365079365079365,0.24365079365079365
Julius Tverijonas,1336.0516127201352,1400.0,1356.7980018828096,1336.0516127201352,791.0,19.0,30.7,188.0,0,3,0.0,0.0,0.0,0.0,-63.948387279864846,-63.948387279864846,-63.948387279864846,-63.948387279864846,0.6666666666666666,0.6666666666666666,0.6666666666666666,1.0,1.0,1.0,0.3986928104575163,0.3986928104575163,0.3986928104575163,0.2996632996632997,0.2996632996632997,0.2996632996632997
Pablo Gonzalez,1470.3286258086532,1389.9713355516562,1420.322754302237,1470.3286258086532,314.0,118.0,42.5,178.0,0,18,0.6,0.3333333333333333,0.3333333333333333,0.3333333333333333,70.32862580865321,70.32862580865321,70.32862580865321,70.32862580865321,-1.0,-0.7777777777777778,-0.7777777777777778,-1.0,-0.6666666666666666,-0.6666666666666666,0.0,0.03333333333333333,0.03333333333333333,0.0,0.044444444444444446,0.044444444444444446
Kristjan Tamm,1409.1570778365967,1449.3139660211116,1385.9612512333472,1409.1570778365967,978.0,15.0,27.2,185.0,0,4,0.5,0.5,0.5,0.5,9.157077836596727,9.157077836596727,9.157077836596727,9.157077836596727,0.75,0.75,0.75,1.0,1.0,1.0,0.16287878787878787,0.16287878787878787,0.16287878787878787,0.2,0.2,0.2
Pablo Llamas Ruiz,1504.1687778905018,1434.194439080766,1474.6299385034672,1504.1687778905018,146.0,434.0,22.5,188.0,0,7,0.6,0.5714285714285714,0.5714285714285714,0.5714285714285714,104.16877789050181,104.16877789050181,104.16877789050181,104.16877789050181,2.2,2.0,2.0,0.4,0.5714285714285714,0.5714285714285714,0.6758088601294177,0.676662040713948,0.676662040713948,0.6513186813186813,0.6216902145473574,0.6216902145473574
Andrea Collarini,1378.0943031358279,1378.0943031358279,1378.0943031358279,1378.0943031358279,264.0,213.0,33.4,183.0,1,1,0.0,0.0,0.0,0.0,-25.239908443996228,-25.239908443996228,-25.239908443996228,-25.239908443996228,0.0,0.0,0.0,2.0,2.0,2.0,0.5,0.5,0.5,0.375,0.375,0.375
Adam Kennedy,1385.0245307675527,1390.4333200049373,1385.0245307675527,1400.0,431.0,58.0,42.4,185.67156964873536,0,2,0.0,0.0,0.0,0.0,-14.975469232447267,-14.975469232447267,-14.975469232447267,-14.975469232447267,7.5,7.5,7.5,7.5,7.5,7.5,0.6482815964523282,0.6482815964523282,0.6482815964523282,0.5333333333333333,0.5333333333333333,0.5333333333333333
Jared Palmer,1703.9316897383933,1779.338727175711,1703.9316897383933,1708.453222913609,761.0,13.0,54.3,190.0,0,51,0.0,0.0,0.0,0.0,-4.521533175215609,-4.521533175215609,-4.521533175215609,-4.521533175215609,5.0,5.0,5.0,3.0,3.0,3.0,0.68,0.68,0.68,0.7777777777777778,0.7777777777777778,0.7777777777777778
Sebastian Dominguez,1400.0,1400.0,1400.0,1400.0,2000.0,0.0,23.2,185.67156964873536,0,0,0.0,0.0,0.0,0.0,0.0,0.0,0.0,0.0,0.0,0.0,0.0,0.0,0.0,0.0,0.0,0.0,0.0,0.0,0.0,0.0
Alex Diaz,1421.1746095309907,1421.1746095309907,1421.1746095309907,1421.1746095309907,2000.0,0.0,27.4,185.67156964873536,0,3,0.6666666666666666,0.6666666666666666,0.6666666666666666,0.6666666666666666,21.174609530990665,21.174609530990665,21.174609530990665,21.174609530990665,0.0,0.0,0.0,0.6666666666666666,0.6666666666666666,0.6666666666666666,0.13513513513513514,0.13513513513513514,0.13513513513513514,0.16666666666666666,0.16666666666666666,0.16666666666666666
Gastao Elias,1543.3127826325624,1264.3689492486221,1721.5899870185654,1372.494729235599,215.0,306.0,34.8,180.0,0,84,0.0,0.32,0.38,0.34523809523809523,-66.77074945645177,-86.67241696509495,22.1013560910842,143.3127826325624,2.4,3.8,4.22,4.8,3.85,2.96,0.6793769797129086,0.7113296584578543,0.7138545969289238,0.44000000000000006,0.489229797979798,0.508488455988456
Felipe Meligeni Alves,1450.3593969204721,1414.1341022344427,1428.6332041489006,1400.0,144.0,427.0,27.4,185.0,0,15,0.2,0.3333333333333333,0.3333333333333333,0.3333333333333333,50.359396920472136,50.359396920472136,50.359396920472136,50.359396920472136,5.4,4.466666666666667,4.466666666666667,1.4,1.2,1.2,0.7036648858295809,0.6490995749979175,0.6490995749979175,0.5526695526695526,0.5387974987974987,0.5387974987974987
Ben Shelton,1843.7073766583599,1825.134277790532,1424.1155580549146,1333.1443166247927,21.0,2330.0,23.1,193.0,1,122,0.6,0.64,0.62,0.59,15.344257583238914,38.526099057473175,72.73012087844131,244.0071366913976,8.0,9.45,9.34,1.8,2.15,3.3,0.788856804428059,0.7857834711382827,0.7662632810984293,0.5333333333333333,0.6380613465481886,0.6668630667578036
Tucker Vorster,1474.3291603712253,1431.325600573588,1400.0,1474.3291603712253,410.0,100.0,36.8,196.0,0,5,0.8,0.8,0.8,0.8,74.32916037122527,74.32916037122527,74.32916037122527,74.32916037122527,0.8,0.8,0.8,0.4,0.4,0.4,0.3152136752136752,0.3152136752136752,0.3152136752136752,0.4,0.4,0.4
Frank Condor,1400.0,1400.0,1400.0,1400.0,374.0,83.0,41.2,185.67156964873536,0,0,0.0,0.0,0.0,0.0,0.0,0.0,0.0,0.0,0.0,0.0,0.0,0.0,0.0,0.0,0.0,0.0,0.0,0.0,0.0,0.0
Jesse Huta Galung,1457.4858180834124,1419.0545749488006,1446.201591310994,1408.7146329221464,436.0,92.0,39.9,188.0,0,41,0.2,0.24,0.21951219512195122,0.21951219512195122,-13.089531290065452,5.520900647801227,57.48581808341237,57.48581808341237,1.8,5.8,4.780487804878049,1.2,3.9,2.6097560975609757,0.5878350667824352,0.6200835892578984,0.5272832184368609,0.2333333333333333,0.4097237484737485,0.35326245570148007
Abdulrahman Alawadhi,1400.0,1400.0,1400.0,1400.0,2000.0,0.0,33.0,185.67156964873536,0,0,0.0,0.0,0.0,0.0,0.0,0.0,0.0,0.0,0.0,0.0,0.0,0.0,0.0,0.0,0.0,0.0,0.0,0.0,0.0,0.0
Jean Segodo,1400.0,1400.0,1400.0,1400.0,2000.0,0.0,36.3,185.67156964873536,0,0,0.0,0.0,0.0,0.0,0.0,0.0,0.0,0.0,0.0,0.0,0.0,0.0,0.0,0.0,0.0,0.0,0.0,0.0,0.0,0.0
Izak Van Der Merwe,1624.6614292816748,1582.9706169364194,1425.068365730836,1445.7686271568894,188.0,267.0,41.6,196.0,0,30,0.8,0.56,0.5333333333333333,0.5333333333333333,89.10001837572236,224.66142928167483,224.66142928167483,224.66142928167483,4.0,2.9,2.7333333333333334,1.8,2.1,1.5333333333333334,0.511999613694529,0.41247397105692035,0.34969975578404083,0.4333333333333333,0.3322344322344322,0.2548229548229548
Lukas Pokorny,1400.0,1400.0,1400.0,1400.0,589.0,60.0,22.9,191.0,0,0,0.0,0.0,0.0,0.0,0.0,0.0,0.0,0.0,0.0,0.0,0.0,0.0,0.0,0.0,0.0,0.0,0.0,0.0,0.0,0.0
Marius Tangen,1400.0,1400.0,1400.0,1400.0,2000.0,0.0,38.7,185.67156964873536,0,0,0.0,0.0,0.0,0.0,0.0,0.0,0.0,0.0,0.0,0.0,0.0,0.0,0.0,0.0,0.0,0.0,0.0,0.0,0.0,0.0
Kasparas Zemaitelis,1400.0,1400.0,1400.0,1400.0,2000.0,0.0,29.4,185.67156964873536,0,0,0.0,0.0,0.0,0.0,0.0,0.0,0.0,0.0,0.0,0.0,0.0,0.0,0.0,0.0,0.0,0.0,0.0,0.0,0.0,0.0
Alan Fernando Rubio Fierros,1410.3907288874295,1400.0,1400.0,1410.3907288874295,707.0,38.0,26.5,175.0,0,2,0.5,0.5,0.5,0.5,10.390728887429532,10.390728887429532,10.390728887429532,10.390728887429532,3.0,3.0,3.0,1.5,1.5,1.5,0.4166666666666667,0.4166666666666667,0.4166666666666667,0.5,0.5,0.5
Kyle Johnson,1400.0,1400.0,1400.0,1400.0,2000.0,0.0,31.5,185.67156964873536,0,0,0.0,0.0,0.0,0.0,0.0,0.0,0.0,0.0,0.0,0.0,0.0,0.0,0.0,0.0,0.0,0.0,0.0,0.0,0.0,0.0
Sebastian Decoud,1567.385159572348,1567.385159572348,1489.6243471012542,1400.0,215.0,234.0,43.7,178.0,1,7,0.6,0.5714285714285714,0.5714285714285714,0.5714285714285714,167.3851595723479,167.3851595723479,167.3851595723479,167.3851595723479,4.4,3.5714285714285716,3.5714285714285716,2.2,2.2857142857142856,2.2857142857142856,0.6847166702326334,0.6561924092395257,0.6561924092395257,0.6000732600732601,0.5960119245833531,0.5960119245833531
Michael Tebbutt,1723.1367009029073,1752.7156844301205,1723.1367009029073,1723.1367009029073,506.0,41.0,54.7,190.0,1,51,0.0,0.0,0.0,0.0,-13.271164157345538,-13.271164157345538,-13.271164157345538,-13.271164157345538,8.0,8.0,8.0,12.0,12.0,12.0,0.8507462686567164,0.8507462686567164,0.8507462686567164,0.5,0.5,0.5
Zach Dailey,1400.0,1400.0,1400.0,1400.0,868.0,10.0,43.2,185.67156964873536,0,0,0.0,0.0,0.0,0.0,0.0,0.0,0.0,0.0,0.0,0.0,0.0,0.0,0.0,0.0,0.0,0.0,0.0,0.0,0.0,0.0
Jiri Novak,1850.716085754413,2003.089603115857,1960.2423550257126,1962.5202262475027,122.0,361.0,50.5,190.0,0,693,0.6,0.48,0.44,0.53,-15.391524187317373,-115.44914004286488,-178.75352108018228,-204.3355669124369,6.2,6.1,5.2,1.4,1.9,1.98,0.610997150997151,0.6759156467906469,0.6522152070294897,0.41000000000000014,0.5498096348096347,0.5369158076223294
Ignacio Garcia,1370.0853827165017,1370.0853827165017,1370.0853827165017,1370.0853827165017,2000.0,0.0,25.7,185.67156964873536,0,3,0.3333333333333333,0.3333333333333333,0.3333333333333333,0.3333333333333333,-29.914617283498274,-29.914617283498274,-29.914617283498274,-29.914617283498274,0.6666666666666666,0.6666666666666666,0.6666666666666666,3.6666666666666665,3.6666666666666665,3.6666666666666665,0.584406779661017,0.584406779661017,0.584406779661017,0.6243386243386243,0.6243386243386243,0.6243386243386243
Lukas Neumayer,1413.366542574239,1413.366542574239,1413.366542574239,1413.366542574239,262.0,210.0,23.0,183.0,0,4,0.5,0.5,0.5,0.5,13.36654257423902,13.36654257423902,13.36654257423902,13.36654257423902,0.25,0.25,0.25,2.5,2.5,2.5,0.5221703782255214,0.5221703782255214,0.5221703782255214,0.34375,0.34375,0.34375
Tegar Abdi Satrio Wibowo,1400.0,1400.0,1400.0,1400.0,2000.0,0.0,22.5,185.67156964873536,0,0,0.0,0.0,0.0,0.0,0.0,0.0,0.0,0.0,0.0,0.0,0.0,0.0,0.0,0.0,0.0,0.0,0.0,0.0,0.0,0.0
Seong Chan Hong,1367.1223970795795,1396.606795406642,1400.0,1375.4236256466268,141.0,413.0,28.1,175.0,0,20,0.4,0.25,0.25,0.25,-24.17073173802919,-32.877602920420486,-32.877602920420486,-32.877602920420486,4.0,2.55,2.55,2.0,1.2,1.2,0.6815653192929784,0.43710750334098175,0.43710750334098175,0.6722222222222222,0.4000414862914862,0.4000414862914862
Alexander Waske,1712.5238278778556,1613.03233938332,1771.8986739913157,1728.1397529109795,139.0,303.0,50.4,188.0,0,141,0.4,0.28,0.34,0.3076923076923077,-48.87352386457542,-72.13894073120446,-35.72886436509293,5.559630823711814,8.8,10.2,10.08,5.0,3.7,4.42,0.7038639544986983,0.7174178557357246,0.7140423858808925,0.6564102564102564,0.5232284382284382,0.5249363969363969
Pavel Kotov,1604.7930952520644,1421.8669890514645,1585.7255909214275,1436.943743704914,75.0,745.0,26.9,191.0,0,79,0.2,0.44,0.5,0.45569620253164556,-84.45473367113163,-94.71419802677792,98.04108503300449,204.7930952520644,3.6,4.95,3.74,2.2,2.7,2.68,0.7165085809249427,0.7064872107021459,0.6971589651349543,0.6434360410830998,0.5924139830757478,0.6093351125998185
Takao Suzuki,1885.8890049110275,1857.0831951288244,1743.2691306178658,1757.121064821118,355.0,116.0,49.0,175.0,0,112,0.8,0.64,0.54,0.5645161290322581,43.206576778291264,46.340905314814336,-26.709494229886786,111.3793923069511,6.8,5.5,5.74,1.0,0.9,1.16,0.46530612244897956,0.3859005630421183,0.4359537452158125,0.41060606060606053,0.3761363636363636,0.3956340326340326
Karol Beck,1614.033492469551,1581.3694397930728,1475.804713013752,1666.3667397433344,143.0,370.0,43.4,180.0,0,190,0.2,0.24,0.24,0.35,-113.97404873002642,-267.3845019375856,-400.2580987981794,-323.62896160851164,7.4,5.6,5.56,4.6,4.3,4.26,0.7086401490928462,0.6922863037123166,0.6782263888481688,0.4101648351648353,0.4918926906426906,0.5074797702297702
Evgeny Karlovskiy,1400.0,1400.0,1400.0,1400.0,218.0,254.0,31.1,191.0,0,0,0.0,0.0,0.0,0.0,0.0,0.0,0.0,0.0,0.0,0.0,0.0,0.0,0.0,0.0,0.0,0.0,0.0,0.0,0.0,0.0
Roman Hassanov,1400.0,1400.0,1400.0,1400.0,707.0,29.0,28.3,185.67156964873536,0,0,0.0,0.0,0.0,0.0,0.0,0.0,0.0,0.0,0.0,0.0,0.0,0.0,0.0,0.0,0.0,0.0,0.0,0.0,0.0,0.0
Joan Jimenez Guerra,1648.9794258257373,1648.9794258257373,1648.9794258257373,1648.9794258257373,674.0,20.0,47.4,185.67156964873536,0,13,0.3333333333333333,0.3333333333333333,0.3333333333333333,0.3333333333333333,-36.219571083822984,-36.219571083822984,-36.219571083822984,-36.219571083822984,-1.0,-1.0,-1.0,-1.0,-1.0,-1.0,0.0,0.0,0.0,0.0,0.0,0.0
Otto Virtanen,1496.2941809148867,1530.595957907314,1392.0383890205146,1433.830567653722,116.0,499.0,24.3,193.0,0,24,0.2,0.4166666666666667,0.4166666666666667,0.4166666666666667,109.00578317646591,96.29418091488674,96.29418091488674,96.29418091488674,7.8,8.7,8.666666666666666,5.0,3.9,4.0,0.6999187701396348,0.6498885329237939,0.6616142632664544,0.6932178932178932,0.603823051948052,0.6156858766233766
Javier Garcia Sintes,1720.6914442223465,1720.6914442223465,1720.6914442223465,1720.6914442223465,479.0,48.0,46.3,185.67156964873536,0,50,0.0,0.0,0.0,0.0,0.0,0.0,0.0,0.0,0.0,0.0,0.0,0.0,0.0,0.0,0.0,0.0,0.0,0.0,0.0,0.0
Emil Ruusuvuori,1717.3489291201713,1776.6479298071258,1349.5420113489408,1393.483662155854,71.0,773.0,26.3,188.0,0,213,0.6,0.48,0.52,0.53,-49.6846800943581,-6.6347370045502885,-78.65455162493868,-50.49019424426092,9.4,4.75,5.38,3.0,2.25,2.6,0.7405507521030569,0.6421253860718483,0.6992089464985614,0.6121212121212121,0.5914361471861472,0.5553006493506494
Hei Yin Andrew Li,1400.0,1400.0,1400.0,1400.0,1511.0,2.0,27.8,185.67156964873536,0,0,0.0,0.0,0.0,0.0,0.0,0.0,0.0,0.0,0.0,0.0,0.0,0.0,0.0,0.0,0.0,0.0,0.0,0.0,0.0,0.0
Edgars Manusis,1400.0,1400.0,1400.0,1400.0,2000.0,0.0,38.5,185.67156964873536,0,0,0.0,0.0,0.0,0.0,0.0,0.0,0.0,0.0,0.0,0.0,0.0,0.0,0.0,0.0,0.0,0.0,0.0,0.0,0.0,0.0
Cezar Cretu,1400.0,1400.0,1400.0,1400.0,292.0,182.0,24.3,188.0,0,0,0.0,0.0,0.0,0.0,0.0,0.0,0.0,0.0,0.0,0.0,0.0,0.0,0.0,0.0,0.0,0.0,0.0,0.0,0.0,0.0
Lauri Kiiski,1400.0,1400.0,1400.0,1400.0,825.0,16.0,44.7,185.67156964873536,0,0,0.0,0.0,0.0,0.0,0.0,0.0,0.0,0.0,0.0,0.0,0.0,0.0,0.0,0.0,0.0,0.0,0.0,0.0,0.0,0.0
Jamie Murray,1400.0,1400.0,1400.0,1400.0,1507.0,1.0,39.1,190.0,1,0,0.0,0.0,0.0,0.0,0.0,0.0,0.0,0.0,0.0,0.0,0.0,0.0,0.0,0.0,0.0,0.0,0.0,0.0,0.0,0.0
Jae Sung An,1462.1787039012966,1427.2710611015175,1389.2849461854807,1462.1787039012966,329.0,106.0,39.6,185.67156964873536,0,4,0.75,0.75,0.75,0.75,62.17870390129656,62.17870390129656,62.17870390129656,62.17870390129656,-1.0,-1.0,-1.0,-1.0,-1.0,-1.0,0.0,0.0,0.0,0.0,0.0,0.0
Jean Claude Scherrer,1617.013456622443,1646.2982964433397,1617.013456622443,1656.2668533407832,1121.0,5.0,47.1,188.0,0,14,0.0,0.0,0.0,0.0,-54.1829742593261,-54.1829742593261,-54.1829742593261,-54.1829742593261,11.5,11.5,11.5,3.0,3.0,3.0,0.7435004815253615,0.7435004815253615,0.7435004815253615,0.7849025974025974,0.7849025974025974,0.7849025974025974
Tristan Lamasine,1422.4834067501456,1442.1110084489524,1415.1941129548911,1407.1109497722305,271.0,204.0,31.8,183.0,0,7,0.4,0.2857142857142857,0.2857142857142857,0.2857142857142857,15.372456977915135,15.372456977915135,15.372456977915135,15.372456977915135,4.2,4.0,4.0,3.8,2.857142857142857,2.857142857142857,0.6726491980956605,0.6440177593318103,0.6440177593318103,0.5436363636363637,0.5158627087198516,0.5158627087198516
Filip Cristian Jianu,1423.2042036527448,1423.2042036527448,1423.2042036527448,1423.2042036527448,317.0,160.0,23.9,180.0,0,1,1.0,1.0,1.0,1.0,23.20420365274481,23.20420365274481,23.20420365274481,23.20420365274481,-1.0,-1.0,-1.0,-1.0,-1.0,-1.0,0.0,0.0,0.0,0.0,0.0,0.0
Pablo Bianchi,1551.0297125841016,1551.0297125841016,1551.0297125841016,1551.0297125841016,662.0,22.0,50.3,185.67156964873536,0,18,0.4,0.5,0.5,0.5,-70.60526431668632,-70.60526431668632,-70.60526431668632,-70.60526431668632,-1.0,-1.0,-1.0,-1.0,-1.0,-1.0,0.0,0.0,0.0,0.0,0.0,0.0
Nicholas Campbell,1400.0,1400.0,1400.0,1400.0,2000.0,0.0,25.5,185.67156964873536,0,0,0.0,0.0,0.0,0.0,0.0,0.0,0.0,0.0,0.0,0.0,0.0,0.0,0.0,0.0,0.0,0.0,0.0,0.0,0.0,0.0
Nigel Badza,1400.0,1400.0,1400.0,1400.0,2000.0,0.0,41.5,185.67156964873536,0,0,0.0,0.0,0.0,0.0,0.0,0.0,0.0,0.0,0.0,0.0,0.0,0.0,0.0,0.0,0.0,0.0,0.0,0.0,0.0,0.0
Ronaldo Carvalho,1600.2608376137887,1600.2608376137887,1600.2608376137887,1600.2608376137887,435.0,56.0,46.5,185.67156964873536,0,10,0.0,0.0,0.0,0.0,0.0,0.0,0.0,0.0,0.0,0.0,0.0,0.0,0.0,0.0,0.0,0.0,0.0,0.0,0.0,0.0
Jaymon Crabb,1704.836257593395,1704.836257593395,1704.836257593395,1704.836257593395,409.0,63.0,47.5,183.0,0,57,0.2,0.14285714285714285,0.14285714285714285,0.14285714285714285,-25.055832558887005,-25.055832558887005,-25.055832558887005,-25.055832558887005,3.8,4.142857142857143,4.142857142857143,3.6,2.7142857142857144,2.7142857142857144,0.6450470508281549,0.6337797795953224,0.6337797795953224,0.5991483516483517,0.5951899990765537,0.5951899990765537
Mathias Hellstrom,1686.4578312876426,1686.4578312876426,1686.4578312876426,1686.4578312876426,534.0,37.0,47.3,185.67156964873536,0,10,0.0,0.0,0.0,0.0,0.0,0.0,0.0,0.0,0.0,0.0,0.0,0.0,0.0,0.0,0.0,0.0,0.0,0.0,0.0,0.0
Adam Jaya,1303.0880505221996,1322.1801562622857,1400.0,1303.0880505221996,2000.0,0.0,40.1,185.67156964873536,0,5,0.0,0.0,0.0,0.0,-96.91194947780036,-96.91194947780036,-96.91194947780036,-96.91194947780036,-1.0,-1.0,-1.0,-1.0,-1.0,-1.0,0.0,0.0,0.0,0.0,0.0,0.0
Somdev Devvarman,1595.5605761456416,1691.6364908497935,1382.200749250015,1356.6306680524256,177.0,284.0,39.8,180.0,0,143,0.4,0.36,0.44,0.43,-95.8504332001578,-116.59940591403983,-65.58619833477019,-120.22869536791336,0.8,2.55,3.3,-0.4,0.7,1.32,0.25937921727395413,0.41493397919073427,0.525995926426642,0.2522727272727273,0.36409271284271283,0.4857484270115849
Hernando Jose Escurra Isnardi,1374.0540124030156,1400.0,1400.0,1374.0540124030156,2000.0,0.0,27.7,183.0,0,1,0.0,0.0,0.0,0.0,-25.945987596984423,-25.945987596984423,-25.945987596984423,-25.945987596984423,2.0,2.0,2.0,3.0,3.0,3.0,0.5588235294117647,0.5588235294117647,0.5588235294117647,0.16666666666666666,0.16666666666666666,0.16666666666666666
Marek Marksoo,1400.0,1400.0,1400.0,1400.0,2000.0,0.0,31.7,185.67156964873536,0,0,0.0,0.0,0.0,0.0,0.0,0.0,0.0,0.0,0.0,0.0,0.0,0.0,0.0,0.0,0.0,0.0,0.0,0.0,0.0,0.0
Hernan Gumy,1848.9480073158902,1900.7158126585819,1915.156630293143,1950.2473261881291,132.0,293.0,52.9,188.0,0,181,0.4,0.28,0.3225806451612903,0.3225806451612903,-47.46098952946522,-101.29931887223893,-101.29931887223893,-101.29931887223893,4.6,2.65,2.7419354838709675,3.8,2.8,3.2903225806451615,0.6894909038987,0.595323953741137,0.6256044387005977,0.5603208556149732,0.4649626925362219,0.5156115495299556
Quang Huy Ngo,1400.0,1400.0,1400.0,1400.0,2000.0,0.0,40.9,185.67156964873536,0,0,0.0,0.0,0.0,0.0,0.0,0.0,0.0,0.0,0.0,0.0,0.0,0.0,0.0,0.0,0.0,0.0,0.0,0.0,0.0,0.0
Dennis Peschek,1400.0,1400.0,1400.0,1400.0,2000.0,0.0,41.5,185.67156964873536,0,0,0.0,0.0,0.0,0.0,0.0,0.0,0.0,0.0,0.0,0.0,0.0,0.0,0.0,0.0,0.0,0.0,0.0,0.0,0.0,0.0
Seung Hoon Lee,1539.340326267147,1566.017592260695,1539.340326267147,1566.017592260695,567.0,28.0,45.8,185.67156964873536,0,12,0.0,0.0,0.0,0.0,-26.677265993547962,-26.677265993547962,-26.677265993547962,-26.677265993547962,-1.0,-1.0,-1.0,-1.0,-1.0,-1.0,0.0,0.0,0.0,0.0,0.0,0.0
Alex Rybakov,1400.0,1400.0,1400.0,1400.0,378.0,123.0,28.0,185.0,1,0,0.0,0.0,0.0,0.0,0.0,0.0,0.0,0.0,0.0,0.0,0.0,0.0,0.0,0.0,0.0,0.0,0.0,0.0,0.0,0.0
Johann Coles,1400.0,1400.0,1400.0,1400.0,2000.0,0.0,34.9,185.67156964873536,0,0,0.0,0.0,0.0,0.0,0.0,0.0,0.0,0.0,0.0,0.0,0.0,0.0,0.0,0.0,0.0,0.0,0.0,0.0,0.0,0.0
Dmitry Tursunov,1641.3524847910974,1670.644179900137,1531.7925138050364,1696.6392569099103,645.0,40.0,42.7,185.0,0,466,0.2,0.32,0.34,0.47,-193.75317404890689,-189.34649778886865,-250.00895333357653,-100.37410244205057,2.2,4.7,4.58,2.4,3.0,2.88,0.6227911169290479,0.6316421494109069,0.6369636738368297,0.5027777777777779,0.5890620490620491,0.5807893217893217
Satoshi Iwabuchi,1715.6044384259285,1685.380506619153,1715.6044384259285,1764.464069342713,339.0,103.0,49.9,175.0,1,63,0.4,0.3076923076923077,0.3076923076923077,0.3076923076923077,-48.859630916784454,-48.859630916784454,-48.859630916784454,-48.859630916784454,1.4,1.6153846153846154,1.6153846153846154,1.2,1.5384615384615385,1.5384615384615385,0.5284115459403023,0.5686041332943351,0.5686041332943351,0.5384615384615385,0.5392129238283084,0.5392129238283084
Frederik Nielsen,1552.150233702073,1492.7231993917799,1371.1386872819292,1361.2944837820842,2000.0,0.0,41.5,190.0,0,56,0.6,0.6,0.48,0.44642857142857145,61.57639892434213,152.81227348511356,159.10758569222457,152.1502337020729,3.6,2.9,1.12,4.4,3.25,1.3,0.7480674049876156,0.5104955028214059,0.3106741584533628,0.7199567099567099,0.4525090187590187,0.2784138639138639
Yen Hsun Lu,1612.097628275348,1522.7647753497868,1334.0313806625531,1587.4076545278797,573.0,55.0,41.9,180.0,0,397,0.2,0.28,0.34,0.41,-87.12912094589933,-227.3959551281646,-205.06799324464737,-223.61663941424194,2.2,3.85,4.86,2.6,3.35,3.68,0.5869459706959707,0.6714667682885629,0.699542654335619,0.40166666666666656,0.5764285714285714,0.5011143578643579
Dmitro Tolok,1400.0,1400.0,1400.0,1400.0,1031.0,6.0,39.4,186.27336318231923,0,0,0.0,0.0,0.0,0.0,0.0,0.0,0.0,0.0,0.0,0.0,0.0,0.0,0.0,0.0,0.0,0.0,0.0,0.0,0.0,0.0
Eric Jr. Olivarez,1400.0,1400.0,1400.0,1400.0,2000.0,0.0,26.8,185.67156964873536,0,0,0.0,0.0,0.0,0.0,0.0,0.0,0.0,0.0,0.0,0.0,0.0,0.0,0.0,0.0,0.0,0.0,0.0,0.0,0.0,0.0
Francisco Costa,1837.6726484727255,1843.1950476860638,1856.6308361374379,1837.6726484727255,264.0,132.0,51.7,180.0,0,54,0.25,0.25,0.25,0.25,-11.248836908787325,-11.248836908787325,-11.248836908787325,-11.248836908787325,1.75,1.75,1.75,0.25,0.25,0.25,0.4837962962962963,0.4837962962962963,0.4837962962962963,0.35714285714285715,0.35714285714285715,0.35714285714285715
Simone Vagnozzi,1527.4402358025989,1527.4402358025989,1527.4402358025989,1527.4402358025989,192.0,281.0,42.1,173.0,0,10,0.6,0.4,0.4,0.4,127.44023580259886,127.44023580259886,127.44023580259886,127.44023580259886,0.2,0.4,0.4,2.2,1.9,1.9,0.6148070448070448,0.5210864524721016,0.5210864524721016,0.5207142857142857,0.38285714285714284,0.38285714285714284
Martin Landaluce,1380.8976676402538,1400.0,1353.8278184142475,1380.8976676402538,322.0,160.0,19.2,191.0,0,5,0.2,0.2,0.2,0.2,-19.102332359746242,-19.102332359746242,-19.102332359746242,-19.102332359746242,3.8,3.8,3.8,3.4,3.4,3.4,0.6831741579287162,0.6831741579287162,0.6831741579287162,0.37777777777777777,0.37777777777777777,0.37777777777777777
Guillermo Canas,1693.3967622935631,1870.8875163062567,1877.1635305008615,1923.3372191784124,151.0,452.0,47.6,185.0,0,530,0.4,0.28,0.38,0.48,-173.82923696423813,-246.764871210288,-344.82141373899503,-580.5827154594965,5.0,6.4,5.9,2.0,3.05,3.02,0.7428638342789287,0.7358323597177799,0.6877107564828546,0.6033333333333334,0.6246915584415584,0.5312032412032411
Potito Starace,1622.7603410394192,1422.2783058252712,1889.5870745139289,1515.1887352633896,176.0,304.0,43.8,188.0,0,364,0.4,0.36,0.38,0.45,-48.62677170414668,-83.85692341913227,-109.3577315683226,-142.62523142424857,3.2,2.65,3.0,1.0,1.2,1.38,0.6288148819265841,0.6591804046805433,0.6413013157888724,0.7142857142857143,0.53375,0.5487719780219781
Iliyan Radulov,1400.0,1400.0,1400.0,1400.0,766.0,30.0,20.2,187.0,0,0,0.0,0.0,0.0,0.0,0.0,0.0,0.0,0.0,0.0,0.0,0.0,0.0,0.0,0.0,0.0,0.0,0.0,0.0,0.0,0.0
Philip Henning,1428.8675660957347,1434.6154052626307,1347.6901603757897,1428.8675660957347,360.0,137.0,24.8,185.67156964873536,0,5,0.6,0.6,0.6,0.6,28.867566095734674,28.867566095734674,28.867566095734674,28.867566095734674,1.0,1.0,1.0,0.4,0.4,0.4,0.42195121951219516,0.42195121951219516,0.42195121951219516,0.18333333333333332,0.18333333333333332,0.18333333333333332
Bruno Soares,1637.7786016432322,1637.7786016432322,1637.7786016432322,1637.7786016432322,2000.0,0.0,43.3,180.0,0,11,1.0,1.0,1.0,1.0,10.64541041558482,10.64541041558482,10.64541041558482,10.64541041558482,-1.0,-1.0,-1.0,-1.0,-1.0,-1.0,0.0,0.0,0.0,0.0,0.0,0.0
Ota Fukarek,1691.0528137920326,1735.706916875802,1811.1854953877455,1817.7496070342083,136.0,296.0,48.6,190.0,0,63,0.2,0.15384615384615385,0.15384615384615385,0.15384615384615385,-145.29090488678025,-145.29090488678025,-145.29090488678025,-145.29090488678025,3.4,4.615384615384615,4.615384615384615,4.4,3.6153846153846154,3.6153846153846154,0.6765700639230051,0.6514743371522594,0.6514743371522594,0.5106060606060605,0.5513053613053613,0.5513053613053613
Martin Klizan,1655.9215622751408,1475.056464212851,1646.5056413394595,1367.1971545086512,150.0,419.0,36.3,191.0,1,302,0.0,0.28,0.46,0.47,-190.07450117967778,-274.77443856548257,-173.28832289393426,-198.19946379153566,4.0,4.1,4.16,4.0,4.85,3.34,0.5403025210084034,0.625722101887975,0.6720638110758625,0.4051587301587302,0.5328373015873016,0.5300897435897436
Roman Andres Burruchaga,1440.2837454680584,1440.2837454680584,1440.2837454680584,1440.2837454680584,144.0,431.0,23.3,183.0,0,3,0.3333333333333333,0.3333333333333333,0.3333333333333333,0.3333333333333333,9.41842188154078,9.41842188154078,9.41842188154078,9.41842188154078,2.0,2.0,2.0,3.6666666666666665,3.6666666666666665,3.6666666666666665,0.667094017094017,0.667094017094017,0.667094017094017,0.564102564102564,0.564102564102564,0.564102564102564
Alexander Shvec,1792.7114318395695,1789.235242776957,1789.235242776957,1792.7114318395695,675.0,19.0,52.5,185.67156964873536,0,55,0.4,0.4,0.4,0.4,3.476189062612548,3.476189062612548,3.476189062612548,3.476189062612548,-0.2,-0.2,-0.2,-0.4,-0.4,-0.4,0.11627906976744187,0.11627906976744187,0.11627906976744187,0.05714285714285714,0.05714285714285714,0.05714285714285714
Philip Davydenko,1392.7623587315113,1400.0,1400.0,1392.7623587315113,658.0,40.0,32.8,183.0,0,1,0.0,0.0,0.0,0.0,-7.237641268488687,-7.237641268488687,-7.237641268488687,-7.237641268488687,0.0,0.0,0.0,3.0,3.0,3.0,0.5,0.5,0.5,0.6153846153846154,0.6153846153846154,0.6153846153846154
Alexandros Jakupovic,1344.5135965658592,1557.6029516921283,1491.4724006566694,1344.5135965658592,503.0,69.0,43.2,186.27336318231923,0,28,0.0,0.2222222222222222,0.2222222222222222,0.2222222222222222,-228.4089875547461,-228.4089875547461,-228.4089875547461,-228.4089875547461,-1.0,-1.0,-1.0,-1.0,-1.0,-1.0,0.0,0.0,0.0,0.0,0.0,0.0
Luka Gregorc,1590.5188349187392,1603.2620652023147,1400.0,1400.0,325.0,126.0,41.0,186.27336318231923,0,19,0.2,0.42105263157894735,0.42105263157894735,0.42105263157894735,190.51883491873923,190.51883491873923,190.51883491873923,190.51883491873923,8.6,4.894736842105263,4.894736842105263,5.2,3.5789473684210527,3.5789473684210527,0.5741054563938424,0.4889728043885137,0.4889728043885137,0.5650505050505051,0.31874762664236345,0.31874762664236345
Vadim Davletshin,1396.8775826240017,1400.0,1396.8775826240017,1396.8775826240017,620.0,31.0,41.0,185.67156964873536,0,1,0.0,0.0,0.0,0.0,-3.1224173759983387,-3.1224173759983387,-3.1224173759983387,-3.1224173759983387,6.0,6.0,6.0,6.0,6.0,6.0,0.7142857142857143,0.7142857142857143,0.7142857142857143,0.7142857142857143,0.7142857142857143,0.7142857142857143
Jc Aragone,1368.842935423327,1397.215873355966,1368.842935423327,1386.0061132640692,299.0,165.0,29.5,178.0,0,3,0.0,0.0,0.0,0.0,-31.157064576673065,-31.157064576673065,-31.157064576673065,-31.157064576673065,4.0,4.0,4.0,2.0,2.0,2.0,0.5928897715988084,0.5928897715988084,0.5928897715988084,0.5092592592592592,0.5092592592592592,0.5092592592592592
Amir Weintraub,1503.9550867426894,1475.119904542911,1456.2090208058112,1400.0,2000.0,0.0,38.9,188.0,0,22,0.2,0.45454545454545453,0.45454545454545453,0.45454545454545453,55.27027638109621,103.95508674268945,103.95508674268945,103.95508674268945,1.2,0.7,0.5454545454545454,2.0,0.4,0.2727272727272727,0.5075918367346939,0.2345657015529084,0.21324154686628036,0.34523809523809523,0.17797619047619045,0.1617965367965368
Emil Reinberg,1400.0,1400.0,1400.0,1400.0,1032.0,9.0,28.2,188.0,0,0,0.0,0.0,0.0,0.0,0.0,0.0,0.0,0.0,0.0,0.0,0.0,0.0,0.0,0.0,0.0,0.0,0.0,0.0,0.0,0.0
Zeljko Krajan,1697.4497916424464,1716.2958415632907,1759.498040008114,1765.8525905973343,681.0,23.0,46.4,178.0,0,82,0.2,0.16,0.25,0.25,-45.601099864970365,-68.40279895488788,-68.40279895488788,-68.40279895488788,0.4,2.6,2.84375,1.8,3.1,3.0625,0.48102703567429217,0.599005008514687,0.609123429653214,0.3117948717948718,0.37799381174381175,0.4284384885947386
David Sherwood,1618.486673403664,1601.9691308507165,1601.9691308507165,1601.9691308507165,233.0,162.0,45.3,193.0,0,13,0.3333333333333333,0.3333333333333333,0.3333333333333333,0.3333333333333333,16.51754255294759,16.51754255294759,16.51754255294759,16.51754255294759,3.6666666666666665,3.6666666666666665,3.6666666666666665,3.0,3.0,3.0,0.47804878048780486,0.47804878048780486,0.47804878048780486,0.39814814814814814,0.39814814814814814,0.39814814814814814
Nour Nehme,1400.0,1400.0,1400.0,1400.0,2000.0,0.0,27.6,185.67156964873536,0,0,0.0,0.0,0.0,0.0,0.0,0.0,0.0,0.0,0.0,0.0,0.0,0.0,0.0,0.0,0.0,0.0,0.0,0.0,0.0,0.0
Slah Mbarek,1400.0,1400.0,1400.0,1400.0,1832.0,1.0,36.1,185.67156964873536,0,0,0.0,0.0,0.0,0.0,0.0,0.0,0.0,0.0,0.0,0.0,0.0,0.0,0.0,0.0,0.0,0.0,0.0,0.0,0.0,0.0
Tallon Griekspoor,1801.86221522485,1660.7166534247715,1397.4374734579033,1563.0814536136368,40.0,1280.0,29.3,188.0,0,189,0.4,0.48,0.5,0.55,4.225645579597085,-59.341672961588756,-33.11842757353838,57.24914307690051,14.2,9.7,8.98,3.0,2.6,3.36,0.8257859078590786,0.7962688578527567,0.7601700583678399,0.4200000000000001,0.5342948717948717,0.5049529914529914
Jae Min Seol,1400.0,1400.0,1400.0,1400.0,2000.0,0.0,35.0,185.67156964873536,0,0,0.0,0.0,0.0,0.0,0.0,0.0,0.0,0.0,0.0,0.0,0.0,0.0,0.0,0.0,0.0,0.0,0.0,0.0,0.0,0.0
Gleb Sakharov,1427.2125350981955,1406.852502608225,1435.7087316022498,1427.2125350981955,252.0,186.0,36.5,185.0,0,3,0.3333333333333333,0.3333333333333333,0.3333333333333333,0.3333333333333333,14.889356505138267,14.889356505138267,14.889356505138267,14.889356505138267,5.333333333333333,5.333333333333333,5.333333333333333,2.6666666666666665,2.6666666666666665,2.6666666666666665,0.7373266254410789,0.7373266254410789,0.7373266254410789,0.45,0.45,0.45
Marcus Daniell,1425.0,1425.0,1425.0,1425.0,643.0,41.0,35.6,188.0,0,1,1.0,1.0,1.0,1.0,25.0,25.0,25.0,25.0,-1.0,-1.0,-1.0,-1.0,-1.0,-1.0,0.0,0.0,0.0,0.0,0.0,0.0
Lorenzo Sonego,1698.0489317006138,1473.6975695414365,1576.0246374475942,1475.6972987497804,51.0,1046.0,30.4,191.0,0,297,0.4,0.52,0.42,0.47,9.129314986148074,-59.89240701842368,-92.06031528740186,-77.1106280435854,6.8,5.7,6.16,1.0,1.85,1.9,0.73503861003861,0.7124089657573445,0.722273151228065,0.7266666666666668,0.51,0.5632747252747252
Hisham Hemeda,1566.017592260695,1566.017592260695,1566.017592260695,1566.017592260695,1304.0,1.0,47.2,185.67156964873536,0,10,0.0,0.0,0.0,0.0,0.0,0.0,0.0,0.0,0.0,0.0,0.0,0.0,0.0,0.0,0.0,0.0,0.0,0.0,0.0,0.0
Cedrik Marcel Stebe,1652.9120236570486,1386.8343143737252,1694.121564507911,1405.9844084358522,231.0,269.0,34.3,183.0,1,81,0.2,0.44,0.4,0.3950617283950617,-22.649019666851245,-76.14648998603866,-61.16567455069867,249.5778120772245,5.4,4.95,3.68,2.2,3.0,2.68,0.6895741347386413,0.6853758921912644,0.6363730815000677,0.40192307692307694,0.48924512987012986,0.5044901748578219
Nicolas Alvarez,1493.0190287315982,1421.0584036196663,1469.0259929364272,1493.0190287315982,298.0,165.0,29.2,185.0,0,10,0.4,0.7,0.7,0.7,93.01902873159815,93.01902873159815,93.01902873159815,93.01902873159815,1.2,3.8,3.8,1.0,2.1,2.1,0.36991341991341986,0.5378855145227128,0.5378855145227128,0.3764102564102564,0.5752014652014652,0.5752014652014652
Francisco Clavet,1813.7338216301123,2004.5602844632976,1859.151014881181,2020.1627048379335,214.0,161.0,56.7,183.0,1,447,0.4,0.28,0.36,0.38,-96.6215928017939,-119.56702806791759,-108.28098038743406,-281.31918616136363,1.8,2.3,2.12,2.0,2.7,2.0,0.6134169190541583,0.6272838663813105,0.6553145357414369,0.4065934065934066,0.5417909337394631,0.5197318857612976
Matteo Arnaldi,1771.5089297936686,1620.863371680498,1620.7885034648461,1377.695732386055,38.0,1335.0,24.6,185.0,0,91,0.4,0.52,0.52,0.5274725274725275,-57.06001066520594,-11.701208828429344,27.382453010226527,371.5089297936686,7.6,7.25,7.36,2.6,3.95,3.32,0.6491049858281497,0.7017213274615755,0.7086477562490627,0.6100000000000001,0.5751781551781552,0.5732596847596847
Andrey Rublev,1884.7244335735306,1641.4275789453288,1623.513331587047,1447.851068019351,8.0,3760.0,28.0,188.0,0,518,0.4,0.6,0.58,0.64,-72.64650581318165,-161.84285826000564,-202.37452135860008,-223.47085377939015,7.0,9.65,8.12,2.2,3.15,2.94,0.6203383991894629,0.7420804676561426,0.7534959236622722,0.55,0.5592376775271511,0.5806593289751184
Sebastian Baez,1672.0746453730446,1332.1435334951443,1816.6734852991917,1341.4393093116696,27.0,1690.0,24.8,170.0,0,178,0.0,0.36,0.52,0.53,-34.49382902698039,-128.36550488553848,-56.57579452770233,15.014803824510864,1.2,2.45,2.16,1.6,2.25,1.98,0.6233810375670841,0.6443391111014737,0.6389479416191313,0.5244444444444445,0.5596392496392497,0.5583947718947718
Dennis Novak,1458.8844288053842,1420.3213256592476,1431.6147165973518,1428.3362666845253,192.0,315.0,32.0,183.0,0,79,0.0,0.2,0.28,0.3291139240506329,-74.85313332880878,-80.34782669674996,-142.16008190481966,58.88442880538423,3.6,4.35,4.18,1.8,1.8,1.84,0.5241592369894257,0.5829290957840881,0.6156283673481933,0.3507142857142857,0.40714285714285714,0.45868437118437116
Jonas Froberg,1651.175947741673,1605.5903472764367,1651.175947741673,1651.175947741673,621.0,23.0,44.6,185.67156964873536,0,11,1.0,1.0,1.0,1.0,45.58560046523644,45.58560046523644,45.58560046523644,45.58560046523644,6.0,6.0,6.0,2.0,2.0,2.0,0.7777777777777778,0.7777777777777778,0.7777777777777778,0.5,0.5,0.5
Filip Polasek,1425.0,1400.0,1400.0,1425.0,760.0,20.0,40.1,196.0,0,1,1.0,1.0,1.0,1.0,25.0,25.0,25.0,25.0,-1.0,-1.0,-1.0,-1.0,-1.0,-1.0,0.0,0.0,0.0,0.0,0.0,0.0
Hazuan Hizan,1352.2103318272802,1352.2103318272802,1352.2103318272802,1352.2103318272802,2000.0,0.0,46.8,185.67156964873536,0,4,0.25,0.25,0.25,0.25,-47.78966817271976,-47.78966817271976,-47.78966817271976,-47.78966817271976,-1.0,-1.0,-1.0,-1.0,-1.0,-1.0,0.0,0.0,0.0,0.0,0.0,0.0
Courtney John Lock,1363.7375749320236,1363.7375749320236,1363.7375749320236,1363.7375749320236,2000.0,0.0,28.2,193.0,0,2,0.0,0.0,0.0,0.0,-36.26242506797644,-36.26242506797644,-36.26242506797644,-36.26242506797644,0.0,0.0,0.0,2.5,2.5,2.5,0.3350840336134454,0.3350840336134454,0.3350840336134454,0.2967032967032967,0.2967032967032967,0.2967032967032967
Fredrik Ask,1387.7555244209675,1400.0,1400.0,1387.7555244209675,1421.0,2.0,34.8,185.67156964873536,0,1,0.0,0.0,0.0,0.0,-12.244475579032496,-12.244475579032496,-12.244475579032496,-12.244475579032496,-1.0,-1.0,-1.0,-1.0,-1.0,-1.0,0.0,0.0,0.0,0.0,0.0,0.0
Ze Zhang,1494.249218070165,1460.205229079388,1406.8782492046162,1437.2881734944044,338.0,121.0,35.2,188.0,0,59,0.4,0.4,0.34,0.3220338983050847,24.55273292740776,85.28088612909642,120.28995093770618,94.24921807016494,7.2,4.7,2.7,4.8,4.4,2.72,0.7196181213422592,0.653823747414781,0.4584228984446244,0.6366666666666667,0.5071050436491612,0.37071779665123317
Rhyne Williams,1521.519277863657,1477.9270124849304,1474.578770856187,1393.2207923578865,220.0,221.0,33.7,185.0,0,24,0.4,0.2916666666666667,0.2916666666666667,0.2916666666666667,105.53582233275392,121.51927786365695,121.51927786365695,121.51927786365695,5.2,8.7,8.916666666666666,1.8,2.85,3.0416666666666665,0.6755220603983723,0.6872974222638208,0.705323883311233,0.52,0.5472115384615385,0.5739411630036629
Julien Varlet,1743.0057034220158,1647.5152314792967,1663.329104198948,1743.0057034220158,163.0,214.0,47.7,180.0,0,20,0.6,0.3,0.3,0.3,68.85063277849713,68.85063277849713,68.85063277849713,68.85063277849713,4.8,3.5,3.5,2.6,2.6,2.6,0.6742860425327433,0.6197962262653667,0.6197962262653667,0.44682539682539685,0.4611111111111111,0.4611111111111111
Patricio Alvarado,1400.0,1400.0,1400.0,1400.0,1222.0,4.0,35.4,185.67156964873536,0,0,0.0,0.0,0.0,0.0,0.0,0.0,0.0,0.0,0.0,0.0,0.0,0.0,0.0,0.0,0.0,0.0,0.0,0.0,0.0,0.0
Bernabe Zapata Miralles,1462.0689599815378,1290.75785706024,1668.7161397908203,1334.9962807443892,144.0,457.0,28.1,183.0,0,96,0.2,0.2,0.38,0.3645833333333333,-104.97420207860432,-170.01427429276123,-64.58153215294419,62.06895998153777,1.6,1.7,1.68,2.2,2.3,1.96,0.5232575246838672,0.6081747057554714,0.6128411012458561,0.5075213675213675,0.4781572267601679,0.49229649116158064
Ross Hutchins,1400.0,1400.0,1400.0,1400.0,2000.0,0.0,39.9,190.0,0,0,0.0,0.0,0.0,0.0,0.0,0.0,0.0,0.0,0.0,0.0,0.0,0.0,0.0,0.0,0.0,0.0,0.0,0.0,0.0,0.0
Murkel Alejandro Dellien Velasco,1390.5272309850743,1374.6486717337766,1439.114058425631,1390.5272309850743,183.0,324.0,27.9,193.0,0,5,0.4,0.4,0.4,0.4,-9.472769014925689,-9.472769014925689,-9.472769014925689,-9.472769014925689,1.0,1.0,1.0,1.6,1.6,1.6,0.4467386414754836,0.4467386414754836,0.4467386414754836,0.11666666666666665,0.11666666666666665,0.11666666666666665
Daniel Melo,1760.7414228700072,1778.5498850140186,1763.9427854120433,1760.7414228700072,301.0,97.0,48.1,185.0,1,52,0.0,0.0,0.0,0.0,-17.8084621440114,-17.8084621440114,-17.8084621440114,-17.8084621440114,1.5,1.5,1.5,4.0,4.0,4.0,0.6414270112850382,0.6414270112850382,0.6414270112850382,0.6794871794871795,0.6794871794871795,0.6794871794871795
Jean Jacques Rakotohasy,1421.7850022532616,1400.0,1400.0,1421.7850022532616,2000.0,0.0,30.4,186.27336318231923,1,1,1.0,1.0,1.0,1.0,21.78500225326161,21.78500225326161,21.78500225326161,21.78500225326161,-1.0,-1.0,-1.0,-1.0,-1.0,-1.0,0.0,0.0,0.0,0.0,0.0,0.0
Jamie Delgado,1681.930424694765,1783.615738443117,1808.9642675418163,1781.5195174000578,437.0,63.0,48.3,178.0,0,89,0.2,0.2,0.2564102564102564,0.2564102564102564,-166.94786031329568,-168.1889687948567,-156.02181249568002,-156.02181249568002,7.2,5.15,4.769230769230769,3.8,4.45,3.871794871794872,0.6536178178588509,0.6622292457640708,0.6533779496722066,0.44197802197802194,0.47130258630258626,0.5020395956481929
Tigran Martirosyan,1375.0,1375.0,1400.0,1375.0,2000.0,0.0,42.0,185.67156964873536,0,1,0.0,0.0,0.0,0.0,-25.0,-25.0,-25.0,-25.0,-1.0,-1.0,-1.0,-1.0,-1.0,-1.0,0.0,0.0,0.0,0.0,0.0,0.0
Hayk Hakobyan,1400.0,1400.0,1400.0,1400.0,2000.0,0.0,45.0,185.67156964873536,0,0,0.0,0.0,0.0,0.0,0.0,0.0,0.0,0.0,0.0,0.0,0.0,0.0,0.0,0.0,0.0,0.0,0.0,0.0,0.0,0.0
Denis Gremelmayr,1604.9160147334796,1554.0517018881758,1720.6646328472846,1504.8844560475397,189.0,262.0,43.3,183.0,1,99,0.2,0.28,0.32,0.3595505617977528,-57.34530057621396,-223.70157292701265,-230.55183638396738,23.69061000192869,2.4,3.55,4.0,1.6,2.5,2.72,0.5802597402597403,0.6447309549649753,0.6301884305270895,0.5515584415584416,0.5358658008658008,0.5575239526555316
Soteris Hadjistyllis,1400.0,1400.0,1400.0,1400.0,2000.0,0.0,32.7,185.67156964873536,0,0,0.0,0.0,0.0,0.0,0.0,0.0,0.0,0.0,0.0,0.0,0.0,0.0,0.0,0.0,0.0,0.0,0.0,0.0,0.0,0.0
Ji Sung Nam,1396.339350577793,1367.8450274244324,1396.339350577793,1400.0,590.0,46.0,32.1,183.0,0,7,0.4,0.42857142857142855,0.42857142857142855,0.42857142857142855,-3.660649422206916,-3.660649422206916,-3.660649422206916,-3.660649422206916,2.0,1.1428571428571428,1.1428571428571428,1.8,1.0,1.0,0.3933572281959378,0.2809694487113842,0.2809694487113842,0.37777777777777777,0.2698412698412698,0.2698412698412698
Brayden Schnur,1327.962824043609,1377.9443111953667,1327.962824043609,1370.1972658698894,238.0,264.0,29.5,193.0,0,22,0.0,0.18181818181818182,0.18181818181818182,0.18181818181818182,-47.391553756059466,-72.03717595639091,-72.03717595639091,-72.03717595639091,5.2,7.65,7.636363636363637,4.4,3.65,3.909090909090909,0.6218456179635299,0.6740750184771322,0.6716012272819646,0.48085901027077504,0.6248057865337278,0.6010631117248765
Ruben Torres,1400.0,1400.0,1400.0,1400.0,2000.0,0.0,43.9,185.67156964873536,0,0,0.0,0.0,0.0,0.0,0.0,0.0,0.0,0.0,0.0,0.0,0.0,0.0,0.0,0.0,0.0,0.0,0.0,0.0,0.0,0.0
Benjamin Bonzi,1577.3686397140807,1577.2206428572129,1381.2704810794326,1462.5336587106553,124.0,473.0,29.4,183.0,0,104,0.6,0.32,0.4,0.42,-132.49554539023916,-98.41916432255971,-125.6776925307995,144.78371474971823,4.4,6.4,5.8,0.8,2.75,2.22,0.7788860848453871,0.7207205425459441,0.6670702829308495,0.5333333333333334,0.5438611111111111,0.46777804417804414
Karen Khachanov,1936.6512967314675,1619.8416601248168,1647.5148285658029,1502.0584452769435,21.0,2225.0,29.4,198.0,0,478,0.8,0.6,0.62,0.63,69.80523020369674,-67.32272575249135,-57.63579850425754,-86.33970908283004,7.2,6.95,6.74,1.2,1.9,1.76,0.7877344877344877,0.7520516793768521,0.7530391938582176,0.5761904761904763,0.5051587301587301,0.5256739926739926
Todd Larkham,1616.4299072333376,1629.5412011013673,1590.5774607245128,1590.5774607245128,168.0,220.0,50.2,178.0,0,16,0.2,0.16666666666666666,0.16666666666666666,0.16666666666666666,25.85244650882487,25.85244650882487,25.85244650882487,25.85244650882487,2.6,2.6666666666666665,2.6666666666666665,5.2,5.166666666666667,5.166666666666667,0.5374741092490849,0.5390409243742375,0.5390409243742375,0.47423076923076923,0.47852564102564105,0.47852564102564105
Brian Hung,1400.0,1400.0,1400.0,1400.0,2000.0,0.0,39.8,186.27336318231923,0,0,0.0,0.0,0.0,0.0,0.0,0.0,0.0,0.0,0.0,0.0,0.0,0.0,0.0,0.0,0.0,0.0,0.0,0.0,0.0,0.0
Franco Squillari,1866.2505856534801,1945.3806363011886,2040.1790884808006,1941.282316099306,135.0,310.0,50.0,183.0,1,355,0.6,0.48,0.48,0.45,10.526726706588079,-51.833208306513825,-70.61786421572447,-93.1443870121766,3.0,2.85,3.44,3.0,3.7,3.98,0.7098334998334999,0.6750992562841509,0.6627555909158522,0.5428571428571429,0.5085210622710623,0.5265976912664219
Catalin Gard,1400.0,1400.0,1400.0,1400.0,250.0,151.0,44.1,185.67156964873536,0,0,0.0,0.0,0.0,0.0,0.0,0.0,0.0,0.0,0.0,0.0,0.0,0.0,0.0,0.0,0.0,0.0,0.0,0.0,0.0,0.0
Alexander Bury,1420.8314388651206,1425.1880881190862,1400.0,1420.8314388651206,646.0,34.0,37.9,203.0,0,2,0.5,0.5,0.5,0.5,20.831438865120617,20.831438865120617,20.831438865120617,20.831438865120617,-1.0,-1.0,-1.0,-1.0,-1.0,-1.0,0.0,0.0,0.0,0.0,0.0,0.0
Walter Trusendi,1400.0,1400.0,1400.0,1400.0,386.0,101.0,40.5,185.67156964873536,0,0,0.0,0.0,0.0,0.0,0.0,0.0,0.0,0.0,0.0,0.0,0.0,0.0,0.0,0.0,0.0,0.0,0.0,0.0,0.0,0.0
Michel Saade,1400.0,1400.0,1400.0,1400.0,2000.0,0.0,26.3,185.67156964873536,0,0,0.0,0.0,0.0,0.0,0.0,0.0,0.0,0.0,0.0,0.0,0.0,0.0,0.0,0.0,0.0,0.0,0.0,0.0,0.0,0.0
Maks Kasnikowski,1425.5520710663561,1425.5520710663561,1425.5520710663561,1425.5520710663561,173.0,345.0,22.1,180.0,0,3,0.6666666666666666,0.6666666666666666,0.6666666666666666,0.6666666666666666,25.55207106635612,25.55207106635612,25.55207106635612,25.55207106635612,4.666666666666667,4.666666666666667,4.666666666666667,2.0,2.0,2.0,0.4284077892325315,0.4284077892325315,0.4284077892325315,0.4523809523809524,0.4523809523809524,0.4523809523809524
Zhe Li,1401.3448538318148,1401.3448538318148,1401.3448538318148,1401.3448538318148,602.0,55.0,38.9,183.0,0,19,0.0,0.3157894736842105,0.3157894736842105,0.3157894736842105,1.3448538318148167,1.3448538318148167,1.3448538318148167,1.3448538318148167,2.4,2.4210526315789473,2.4210526315789473,0.6,0.9473684210526315,0.9473684210526315,0.47221946169772255,0.45267592452849326,0.45267592452849326,0.4005769230769231,0.3412935018198176,0.3412935018198176
Thiago Seyboth Wild,1654.9465275020605,1471.5407502283663,1593.1966268292183,1401.9492199568385,78.0,717.0,25.6,185.0,0,78,0.4,0.48,0.44,0.4230769230769231,-10.574458302766743,142.75434672213532,116.06267203606876,254.94652750206046,9.2,5.75,5.48,3.0,2.8,2.96,0.7285643056136524,0.6860118340548623,0.6834765522982705,0.38,0.5297970085470085,0.5579120155207111
Maximilian Abel,1661.180454227415,1638.8423630084103,1649.5745265984008,1614.1622670867723,411.0,66.0,43.1,185.67156964873536,0,18,0.2,0.25,0.25,0.25,47.018187140642794,47.018187140642794,47.018187140642794,47.018187140642794,2.8,4.375,4.375,4.8,3.875,3.875,0.6629123164417281,0.7055595140153964,0.7055595140153964,0.6380952380952382,0.47693452380952384,0.47693452380952384
Luke Saville,1400.0298404635198,1375.8648697335495,1400.0298404635198,1456.3255612657408,313.0,176.0,31.7,188.0,0,9,0.0,0.2222222222222222,0.2222222222222222,0.2222222222222222,0.02984046351980396,0.02984046351980396,0.02984046351980396,0.02984046351980396,2.4,4.777777777777778,4.777777777777778,4.2,4.666666666666667,4.666666666666667,0.4992645443147595,0.5812272159773355,0.5812272159773355,0.43788211788211784,0.542369975703309,0.542369975703309
Gabor Jaross,1566.017592260695,1566.017592260695,1566.017592260695,1566.017592260695,976.0,6.0,46.4,185.67156964873536,0,10,0.0,0.0,0.0,0.0,0.0,0.0,0.0,0.0,0.0,0.0,0.0,0.0,0.0,0.0,0.0,0.0,0.0,0.0,0.0,0.0
Santiago Ventura,1571.791584473772,1639.3881218193899,1819.376290111046,1633.6191230645975,139.0,378.0,45.7,183.0,0,146,0.2,0.32,0.32,0.3958333333333333,-59.14527318360251,-166.33229685183528,-168.97747918973187,-168.00058370938746,6.4,3.7,4.02,5.0,3.1,3.38,0.6592490842490843,0.6581958887141658,0.6718471414660765,0.5392399267399267,0.557627442002442,0.5560563603063603
Salifu Mohammed,1374.5293416617224,1358.767408943886,1388.4183431378701,1374.5293416617224,719.0,20.0,38.5,186.27336318231923,0,6,0.2,0.16666666666666666,0.16666666666666666,0.16666666666666666,-25.470658338277644,-25.470658338277644,-25.470658338277644,-25.470658338277644,-1.0,-1.0,-1.0,-1.0,-1.0,-1.0,0.0,0.0,0.0,0.0,0.0,0.0
Jonathan Erlich,1788.5972785930155,1789.6990793612515,1788.5972785930155,1734.504942548578,557.0,34.0,48.4,180.0,0,59,0.6,0.5555555555555556,0.5555555555555556,0.5555555555555556,39.32541458834544,39.32541458834544,39.32541458834544,39.32541458834544,3.0,3.888888888888889,3.888888888888889,3.6,4.222222222222222,4.222222222222222,0.5409509803921569,0.6471258862274587,0.6471258862274587,0.2837912087912088,0.3428469678469679,0.3428469678469679
Jose Zunino,1375.6161147831183,1400.0,1400.0,1375.6161147831183,1043.0,7.0,38.6,185.67156964873536,0,1,0.0,0.0,0.0,0.0,-24.38388521688171,-24.38388521688171,-24.38388521688171,-24.38388521688171,-1.0,-1.0,-1.0,-1.0,-1.0,-1.0,0.0,0.0,0.0,0.0,0.0,0.0
Edgar Hernandez Perez,1291.757433101553,1358.4636764058632,1380.1542806588436,1291.757433101553,1398.0,2.0,39.7,186.27336318231923,0,5,0.0,0.0,0.0,0.0,-108.24256689844697,-108.24256689844697,-108.24256689844697,-108.24256689844697,-1.0,-1.0,-1.0,-1.0,-1.0,-1.0,0.0,0.0,0.0,0.0,0.0,0.0
Carlos Cuadrado,1549.7845962401134,1549.7845962401134,1549.7845962401134,1549.7845962401134,225.0,170.0,41.8,180.0,0,7,0.6,0.5714285714285714,0.5714285714285714,0.5714285714285714,149.7845962401134,149.7845962401134,149.7845962401134,149.7845962401134,2.2,1.7142857142857142,1.7142857142857142,1.6,1.4285714285714286,1.4285714285714286,0.7213730018889788,0.6885567986997898,0.6885567986997898,0.6296153846153846,0.5687728937728938,0.5687728937728938
Daniel Kosakowski,1427.5660222725899,1427.5660222725899,1427.5660222725899,1427.5660222725899,366.0,114.0,33.0,185.0,0,2,0.5,0.5,0.5,0.5,27.566022272589862,27.566022272589862,27.566022272589862,27.566022272589862,4.0,4.0,4.0,3.0,3.0,3.0,0.6400422237860661,0.6400422237860661,0.6400422237860661,0.55,0.55,0.55
Andrei Pavel,1619.4388898718898,1775.1787549716903,2018.1316673005535,1877.4524551410466,646.0,40.0,51.6,183.0,0,695,0.0,0.32,0.38,0.41,-136.77134277392224,-98.74392003883304,-111.00402982458718,-254.6440263076065,3.8,3.65,3.52,4.2,2.0,1.56,0.6375998597887048,0.5313073948904533,0.5798350908014024,0.38916666666666677,0.33725559163059166,0.4278556998556999
Elvis Henry,1400.0,1400.0,1400.0,1400.0,2000.0,0.0,48.9,185.67156964873536,0,0,0.0,0.0,0.0,0.0,0.0,0.0,0.0,0.0,0.0,0.0,0.0,0.0,0.0,0.0,0.0,0.0,0.0,0.0,0.0,0.0
Diego Ayala,1637.65545469016,1637.65545469016,1637.65545469016,1637.65545469016,1223.0,2.0,46.2,175.0,0,10,0.0,0.0,0.0,0.0,0.0,0.0,0.0,0.0,0.0,0.0,0.0,0.0,0.0,0.0,0.0,0.0,0.0,0.0,0.0,0.0
Vivek Shokeen,1378.6565088898506,1378.6565088898506,1378.6565088898506,1378.6565088898506,733.0,22.0,37.5,185.67156964873536,0,1,0.0,0.0,0.0,0.0,-21.343491110149444,-21.343491110149444,-21.343491110149444,-21.343491110149444,-1.0,-1.0,-1.0,-1.0,-1.0,-1.0,0.0,0.0,0.0,0.0,0.0,0.0
Raemon Sluiter,1748.5793154908567,1765.2969710172322,1708.998889392985,1917.3560813782638,866.0,23.0,47.1,185.0,0,260,0.6,0.4,0.32,0.38,15.289118052673757,-59.50085730951105,-150.47220336591568,-198.38919808207265,4.2,6.0,6.64,1.2,1.6,2.54,0.5846205962059621,0.6011029846744708,0.6536081374896014,0.56,0.34555555555555556,0.4386819014319015
Olivier Rochus,1605.4369215479405,1814.4700687162551,1480.7134872593447,1794.1645271447776,143.0,380.0,44.4,168.0,0,564,0.2,0.2,0.3,0.39,-73.31901712057515,-137.16911807587257,-191.46184805206576,-178.95571606670387,0.6,1.7,1.42,1.0,2.3,2.22,0.5342030885374539,0.6584527198346459,0.6284314245729312,0.471948051948052,0.497487479840421,0.49890429505135386
Juan Luis Tati Rascon,1677.4182766812403,1677.4182766812403,1677.4182766812403,1677.4182766812403,484.0,45.0,54.6,185.67156964873536,0,10,0.0,0.0,0.0,0.0,0.0,0.0,0.0,0.0,0.0,0.0,0.0,0.0,0.0,0.0,0.0,0.0,0.0,0.0,0.0,0.0
Paolo Lorenzi,1422.0875182750572,1652.3828879789633,1573.4968125902458,1465.6529170931005,171.0,425.0,43.5,183.0,0,304,0.2,0.32,0.26,0.37,-71.44452536323092,-93.8290439650259,-244.5442571398073,-266.75048289150504,2.8,4.75,4.66,2.6,3.25,3.18,0.6629477015532439,0.7142302896161906,0.6956518377954414,0.4954545454545453,0.6307249000999,0.6103874409903821
Todd Martin,1858.7238023499553,2096.8376820776825,2037.592245923198,2242.478165713137,96.0,448.0,55.1,198.0,0,645,0.2,0.4,0.5,0.54,-74.93829206421765,-115.07999056000858,-99.1338804951306,-226.42800046484126,13.0,9.75,9.84,5.0,3.65,4.4,0.7489511025303702,0.7526295286950003,0.7455839855981463,0.5824242424242424,0.5385908535908536,0.5759536998948763
Federico Gaio,1379.7217067180777,1354.0537739431675,1427.3844366298852,1379.7217067180777,174.0,371.0,32.9,178.0,0,17,0.2,0.17647058823529413,0.17647058823529413,0.17647058823529413,-20.278293281922288,-20.278293281922288,-20.278293281922288,-20.278293281922288,2.0,5.0588235294117645,5.0588235294117645,2.4,4.705882352941177,4.705882352941177,0.6444989106753812,0.6939707063004983,0.6939707063004983,0.31521739130434784,0.47997336982593497,0.47997336982593497
Musaad Al Jazzaf,1324.828377979358,1374.0347650905535,1400.0,1324.828377979358,1206.0,3.0,40.7,186.27336318231923,0,4,0.0,0.0,0.0,0.0,-75.17162202064196,-75.17162202064196,-75.17162202064196,-75.17162202064196,-1.0,-1.0,-1.0,-1.0,-1.0,-1.0,0.0,0.0,0.0,0.0,0.0,0.0
Thomaz Bellucci,1603.0741244076496,1476.963606721589,1604.8632676833026,1371.4700857601738,915.0,14.0,37.1,188.0,1,421,0.0,0.24,0.4,0.41,-145.43457782504197,-195.23203305954735,-180.26963401198486,-277.5100521543916,4.0,4.1,5.18,3.2,4.7,3.8,0.6391192017972777,0.6463967165447273,0.6847447959736539,0.5201783723522854,0.4917978071942266,0.5016862097124245
David Souto,1478.4614639309668,1472.0807418717172,1377.0265774293453,1478.4614639309668,870.0,16.0,33.0,185.67156964873536,1,15,0.4,0.6,0.6,0.6,78.46146393096683,78.46146393096683,78.46146393096683,78.46146393096683,-1.0,-1.0,-1.0,-1.0,-1.0,-1.0,0.0,0.0,0.0,0.0,0.0,0.0
Jesse Witten,1455.1479433875393,1420.7213744458165,1395.8865694555616,1400.0,186.0,257.0,42.6,178.0,0,10,0.4,0.2,0.2,0.2,55.14794338753927,55.14794338753927,55.14794338753927,55.14794338753927,5.0,5.7,5.7,5.4,4.6,4.6,0.6168307170428061,0.6678130691104693,0.6678130691104693,0.5038095238095238,0.4219047619047619,0.4219047619047619
Giovanni Lapentti,1619.7157606297565,1598.8419823897764,1410.2637242802682,1465.6701411824001,641.0,43.0,42.0,193.0,0,51,0.0,0.28,0.32,0.3333333333333333,-156.51568137496497,65.69207319815541,198.7327110329877,219.71576062975646,2.4,1.95,1.5,3.6,1.55,1.22,0.34912008281573503,0.34614875168385656,0.349854201364819,0.34727272727272723,0.2682370570605865,0.28070835665882105
Siddharth Vishwakarma,1400.0,1400.0,1400.0,1400.0,588.0,57.0,30.9,191.0,1,0,0.0,0.0,0.0,0.0,0.0,0.0,0.0,0.0,0.0,0.0,0.0,0.0,0.0,0.0,0.0,0.0,0.0,0.0,0.0,0.0
Soong Jae Cho,1400.0,1400.0,1400.0,1400.0,746.0,19.0,34.1,186.27336318231923,0,0,0.0,0.0,0.0,0.0,0.0,0.0,0.0,0.0,0.0,0.0,0.0,0.0,0.0,0.0,0.0,0.0,0.0,0.0,0.0,0.0
Nikoloz Davlianidze,1400.0,1400.0,1400.0,1400.0,2000.0,0.0,25.1,185.67156964873536,0,0,0.0,0.0,0.0,0.0,0.0,0.0,0.0,0.0,0.0,0.0,0.0,0.0,0.0,0.0,0.0,0.0,0.0,0.0,0.0,0.0
Michal Przysiezny,1550.790340234258,1423.7255722807067,1408.7645515580775,1423.225646234588,1139.0,6.0,41.1,185.0,0,105,0.0,0.2,0.24,0.29,-17.502579837141866,-175.13726554767482,-66.20359499242818,79.95742972051312,6.6,6.9,6.82,4.0,3.3,2.94,0.7484188034188034,0.6200646212292321,0.6196553365330151,0.5892857142857142,0.4717251461988304,0.4604681757870612
Dmitriy Makeyev,1323.8078243513273,1400.1565659133053,1400.0,1323.8078243513273,1245.0,3.0,40.2,185.67156964873536,0,10,0.4,0.2,0.2,0.2,-76.19217564867267,-76.19217564867267,-76.19217564867267,-76.19217564867267,-1.0,-1.0,-1.0,-1.0,-1.0,-1.0,0.0,0.0,0.0,0.0,0.0,0.0
Roey Tabet,1400.0,1400.0,1400.0,1400.0,2000.0,0.0,23.7,185.67156964873536,0,0,0.0,0.0,0.0,0.0,0.0,0.0,0.0,0.0,0.0,0.0,0.0,0.0,0.0,0.0,0.0,0.0,0.0,0.0,0.0,0.0
Karol Kucera,1809.6839880313407,2123.870871376645,1916.5487702277271,2115.1229734019907,297.0,114.0,51.7,188.0,0,492,0.4,0.4,0.44,0.5,-103.68830938064002,-152.12212573602733,-179.69697519379952,-175.7141692513892,3.2,4.8,5.28,2.4,3.55,3.92,0.4378823935973862,0.5662251914743759,0.6009421694179218,0.4374481658692185,0.4254037081339713,0.427934787726893
Matthew Barton,1486.4832602839074,1445.6933686207858,1423.0251989037822,1400.0,198.0,282.0,33.0,191.0,0,6,0.4,0.5,0.5,0.5,86.48326028390738,86.48326028390738,86.48326028390738,86.48326028390738,14.0,13.833333333333334,13.833333333333334,4.8,4.166666666666667,4.166666666666667,0.775727691977692,0.7858336827086827,0.7858336827086827,0.7285714285714285,0.746031746031746,0.746031746031746
Jeff Tarango,1744.1220578754605,1789.5076827904293,1966.8158700080264,1976.1445870579162,442.0,58.0,56.2,180.0,1,195,0.0,0.2,0.26666666666666666,0.26666666666666666,-170.87324293213464,-208.65712963103147,-233.7691352762663,-233.7691352762663,3.6,3.65,4.266666666666667,2.2,3.1,4.488888888888889,0.5678431229122474,0.5674187908356292,0.6384213915873787,0.40242424242424246,0.44482101232101223,0.5177284283081385
Ouassel Hared,1393.3224651224257,1393.3224651224257,1393.3224651224257,1393.3224651224257,2000.0,0.0,51.5,185.67156964873536,0,1,0.0,0.0,0.0,0.0,-6.677534877574317,-6.677534877574317,-6.677534877574317,-6.677534877574317,-1.0,-1.0,-1.0,-1.0,-1.0,-1.0,0.0,0.0,0.0,0.0,0.0,0.0
Thomas Schoorel,1449.8323153395927,1404.2595750976482,1477.4532651159354,1449.8323153395927,132.0,422.0,35.9,203.0,1,7,0.2,0.14285714285714285,0.14285714285714285,0.14285714285714285,19.73114845723876,19.73114845723876,19.73114845723876,19.73114845723876,3.8,3.7142857142857144,3.7142857142857144,1.2,1.5714285714285714,1.5714285714285714,0.5334337268941575,0.5711680552012531,0.5711680552012531,0.5825396825396826,0.5410997732426305,0.5410997732426305
Olivier Sajous,1379.273277241522,1450.3239752461175,1373.513687871577,1379.273277241522,736.0,24.0,38.1,186.27336318231923,0,7,0.4,0.42857142857142855,0.42857142857142855,0.42857142857142855,-20.72672275847799,-20.72672275847799,-20.72672275847799,-20.72672275847799,-1.0,-1.0,-1.0,-1.0,-1.0,-1.0,0.0,0.0,0.0,0.0,0.0,0.0
Tapio Nurminen,1730.2456543979447,1730.2456543979447,1730.2456543979447,1730.2456543979447,336.0,90.0,49.4,186.27336318231923,0,50,0.0,0.0,0.0,0.0,0.0,0.0,0.0,0.0,0.0,0.0,0.0,0.0,0.0,0.0,0.0,0.0,0.0,0.0,0.0,0.0
Mahesh Bhupathi,1694.2469655616699,1726.432017802193,1694.2469655616699,1737.2315385401241,2000.0,0.0,50.8,185.0,0,54,0.0,0.0,0.0,0.0,-60.8909593557039,-60.8909593557039,-60.8909593557039,-60.8909593557039,7.75,7.75,7.75,4.0,4.0,4.0,0.5081882255389718,0.5081882255389718,0.5081882255389718,0.4571678321678322,0.4571678321678322,0.4571678321678322
Baris Erguden,1375.0,1400.0,1375.0,1375.0,1606.0,1.0,39.0,185.67156964873536,0,1,0.0,0.0,0.0,0.0,-25.0,-25.0,-25.0,-25.0,-1.0,-1.0,-1.0,-1.0,-1.0,-1.0,0.0,0.0,0.0,0.0,0.0,0.0
Maxime Teixeira,1423.3421628873723,1419.54746301334,1436.1460883651127,1423.3421628873723,340.0,133.0,36.5,188.0,0,5,0.2,0.2,0.2,0.2,0.6457353481275732,0.6457353481275732,0.6457353481275732,0.6457353481275732,5.0,5.0,5.0,4.6,4.6,4.6,0.6350342026019162,0.6350342026019162,0.6350342026019162,0.6449971081550029,0.6449971081550029,0.6449971081550029
Roman Margoulis,1376.2911554899545,1376.2911554899545,1376.2911554899545,1376.2911554899545,2000.0,0.0,37.1,185.67156964873536,0,1,0.0,0.0,0.0,0.0,-23.708844510045537,-23.708844510045537,-23.708844510045537,-23.708844510045537,-1.0,-1.0,-1.0,-1.0,-1.0,-1.0,0.0,0.0,0.0,0.0,0.0,0.0
Sultan Khalfan,1383.979939341409,1383.979939341409,1383.979939341409,1383.979939341409,1116.0,5.0,47.7,185.67156964873536,0,5,0.0,0.0,0.0,0.0,-16.020060658591092,-16.020060658591092,-16.020060658591092,-16.020060658591092,0.4,0.4,0.4,3.4,3.4,3.4,0.5380365054049264,0.5380365054049264,0.5380365054049264,0.4461949814890991,0.4461949814890991,0.4461949814890991
Niels Desein,1390.8569958932337,1404.5809995111715,1404.5809995111715,1404.5809995111715,170.0,296.0,38.0,190.0,0,2,0.0,0.0,0.0,0.0,-13.724003617937797,-13.724003617937797,-13.724003617937797,-13.724003617937797,3.5,3.5,3.5,2.5,2.5,2.5,0.581162024558251,0.581162024558251,0.581162024558251,0.4375,0.4375,0.4375
Rameez Junaid,1399.0500181856949,1400.0,1399.0500181856949,1400.0,334.0,117.0,44.0,185.67156964873536,0,1,0.0,0.0,0.0,0.0,-0.949981814305147,-0.949981814305147,-0.949981814305147,-0.949981814305147,2.0,2.0,2.0,5.0,5.0,5.0,0.696969696969697,0.696969696969697,0.696969696969697,0.3333333333333333,0.3333333333333333,0.3333333333333333
Tetsuya Chaen,1648.912978882135,1648.912978882135,1648.912978882135,1648.912978882135,625.0,33.0,51.9,185.67156964873536,0,10,0.0,0.0,0.0,0.0,0.0,0.0,0.0,0.0,0.0,0.0,0.0,0.0,0.0,0.0,0.0,0.0,0.0,0.0,0.0,0.0
Erhan Oral,1584.9594611609407,1654.9288481873018,1629.068886749901,1584.9594611609407,1247.0,2.0,53.9,185.67156964873536,0,13,0.0,0.0,0.0,0.0,-69.96938702636112,-69.96938702636112,-69.96938702636112,-69.96938702636112,-1.0,-1.0,-1.0,-1.0,-1.0,-1.0,0.0,0.0,0.0,0.0,0.0,0.0
Min Hyoek Cho,1429.979558002184,1429.979558002184,1429.979558002184,1429.979558002184,742.0,23.0,38.2,185.67156964873536,0,4,0.5,0.5,0.5,0.5,29.97955800218392,29.97955800218392,29.97955800218392,29.97955800218392,-1.0,-1.0,-1.0,-1.0,-1.0,-1.0,0.0,0.0,0.0,0.0,0.0,0.0
Jacob Fearnley,1409.4684061363887,1400.0,1409.4684061363887,1410.4042147603736,99.0,588.0,24.2,183.0,0,3,0.3333333333333333,0.3333333333333333,0.3333333333333333,0.3333333333333333,9.468406136388694,9.468406136388694,9.468406136388694,9.468406136388694,7.666666666666667,7.666666666666667,7.666666666666667,4.333333333333333,4.333333333333333,4.333333333333333,0.7687316622018114,0.7687316622018114,0.7687316622018114,0.4761904761904762,0.4761904761904762,0.4761904761904762
Jasper Smit,1400.0,1400.0,1400.0,1400.0,711.0,24.0,44.8,185.67156964873536,0,0,0.0,0.0,0.0,0.0,0.0,0.0,0.0,0.0,0.0,0.0,0.0,0.0,0.0,0.0,0.0,0.0,0.0,0.0,0.0,0.0
Wen Lung Chang,1421.6473935245506,1400.0,1421.6473935245506,1400.0,1371.0,1.0,44.7,185.67156964873536,0,1,1.0,1.0,1.0,1.0,21.64739352455058,21.64739352455058,21.64739352455058,21.64739352455058,-1.0,-1.0,-1.0,-1.0,-1.0,-1.0,0.0,0.0,0.0,0.0,0.0,0.0
Ivo Bratanov,1583.4373151454984,1583.4373151454984,1583.4373151454984,1583.4373151454984,872.0,9.0,47.3,185.67156964873536,0,11,0.0,0.0,0.0,0.0,-24.763007174668473,-24.763007174668473,-24.763007174668473,-24.763007174668473,-1.0,-1.0,-1.0,-1.0,-1.0,-1.0,0.0,0.0,0.0,0.0,0.0,0.0
Andres Weisskopf,1347.7614543166774,1400.0,1373.316158872782,1347.7614543166774,2000.0,0.0,40.4,185.67156964873536,0,2,0.0,0.0,0.0,0.0,-52.23854568332263,-52.23854568332263,-52.23854568332263,-52.23854568332263,-1.0,-1.0,-1.0,-1.0,-1.0,-1.0,0.0,0.0,0.0,0.0,0.0,0.0
Jason Stoltenberg,1959.8304893756845,1946.2365520976462,1956.1582029550702,1916.2251486917926,116.0,360.0,55.2,185.0,0,197,0.4,0.48,0.574468085106383,0.574468085106383,-54.06384954541795,-93.345854614362,30.75748547326748,30.75748547326748,5.6,4.6,5.723404255319149,4.0,3.0,3.234042553191489,0.7098612765535041,0.7351748734484718,0.7411559774716865,0.33571428571428574,0.43659632034632034,0.5230841853182279
Nick Van Rosberg,1325.4893060097975,1369.1018905668882,1375.0,1325.4893060097975,2000.0,0.0,37.3,185.67156964873536,0,5,0.2,0.2,0.2,0.2,-74.51069399020253,-74.51069399020253,-74.51069399020253,-74.51069399020253,-1.0,-1.0,-1.0,-1.0,-1.0,-1.0,0.0,0.0,0.0,0.0,0.0,0.0
Andrea Basso,1400.0,1400.0,1400.0,1400.0,416.0,28.0,31.5,185.67156964873536,1,0,0.0,0.0,0.0,0.0,0.0,0.0,0.0,0.0,0.0,0.0,0.0,0.0,0.0,0.0,0.0,0.0,0.0,0.0,0.0,0.0
Gerald Melzer,1520.458664221866,1324.6774278079656,1607.384404440021,1520.458664221866,188.0,283.0,35.0,188.0,1,53,0.2,0.4,0.36,0.33962264150943394,-25.48168408456945,91.46843808105223,149.48655366382445,120.458664221866,3.0,4.0,3.88,2.4,2.6,2.64,0.6833114626188113,0.6874557379915868,0.6487414798222264,0.5883333333333333,0.5252904040404041,0.5515005974417739
Gouichi Motomura,1683.8792477473232,1705.1445396716751,1849.8047995755473,1841.329629569607,273.0,146.0,51.7,173.0,0,96,0.4,0.44,0.43478260869565216,0.43478260869565216,-125.13214237110628,-149.1323544595382,-165.92555182822412,-165.92555182822412,0.8,0.1,0.21739130434782608,0.2,0.3,0.6086956521739131,0.41519977535301666,0.2752153155379578,0.2756547510536382,0.28428571428571425,0.13879870129870128,0.18029002843076067
Juan Sebastian Cabal,1510.3388931204743,1422.0781318889299,1467.9880986643138,1510.3388931204743,2000.0,0.0,39.2,185.0,0,10,0.8,0.7,0.7,0.7,110.33889312047427,110.33889312047427,110.33889312047427,110.33889312047427,-0.6,-0.8,-0.8,-0.2,-0.6,-0.6,0.11372549019607843,0.056862745098039215,0.056862745098039215,0.04,0.02,0.02
Ulises Blanch,1400.0,1400.0,1400.0,1400.0,244.0,207.0,27.4,188.0,0,0,0.0,0.0,0.0,0.0,0.0,0.0,0.0,0.0,0.0,0.0,0.0,0.0,0.0,0.0,0.0,0.0,0.0,0.0,0.0,0.0
Robbie Koenig,1400.0,1400.0,1400.0,1400.0,2000.0,0.0,54.2,173.0,0,0,0.0,0.0,0.0,0.0,0.0,0.0,0.0,0.0,0.0,0.0,0.0,0.0,0.0,0.0,0.0,0.0,0.0,0.0,0.0,0.0
Orel Kimhi,1400.0,1400.0,1400.0,1400.0,456.0,93.0,21.4,173.0,0,0,0.0,0.0,0.0,0.0,0.0,0.0,0.0,0.0,0.0,0.0,0.0,0.0,0.0,0.0,0.0,0.0,0.0,0.0,0.0,0.0
Timofey Skatov,1582.471812371629,1406.2449853839182,1545.4309856643672,1582.471812371629,192.0,299.0,24.7,175.0,0,16,0.6,0.5,0.5,0.5,182.47181237162908,182.47181237162908,182.47181237162908,182.47181237162908,3.0,1.5,1.5,3.6,2.25,2.25,0.6825268509033713,0.5421212346422294,0.5421212346422294,0.5059523809523809,0.5057663690476191,0.5057663690476191
Shahzad Khan,1364.8439000200854,1400.0,1400.0,1400.0,1497.0,1.0,38.7,185.67156964873536,0,4,0.0,0.0,0.0,0.0,-35.15609997991464,-35.15609997991464,-35.15609997991464,-35.15609997991464,-1.0,-1.0,-1.0,-1.0,-1.0,-1.0,0.0,0.0,0.0,0.0,0.0,0.0
Norbert Gombos,1492.6921975984042,1455.6197340422214,1553.2189294870093,1399.5232226199873,408.0,114.0,35.0,193.0,0,84,0.2,0.32,0.38,0.30952380952380953,-58.01367719070572,-90.89809380581073,36.078469757303765,57.1453520127136,2.6,3.8,4.52,2.8,2.95,2.98,0.5454681266445972,0.6396596862227057,0.6601834028970045,0.40274509803921565,0.4639951878187173,0.4899984786455375
Tilen Zitnik,1383.5249711568476,1383.5249711568476,1383.5249711568476,1383.5249711568476,1644.0,1.0,33.7,185.67156964873536,0,1,0.0,0.0,0.0,0.0,-16.47502884315236,-16.47502884315236,-16.47502884315236,-16.47502884315236,4.0,4.0,4.0,7.0,7.0,7.0,0.6086956521739131,0.6086956521739131,0.6086956521739131,0.5833333333333334,0.5833333333333334,0.5833333333333334
Relja Fiser Dulic,1614.744562333436,1614.744562333436,1614.744562333436,1614.744562333436,370.0,74.0,49.5,185.67156964873536,0,10,0.0,0.0,0.0,0.0,0.0,0.0,0.0,0.0,0.0,0.0,0.0,0.0,0.0,0.0,0.0,0.0,0.0,0.0,0.0,0.0
Amir Hadad,1788.5216911804655,1773.8835407815634,1754.7976145698847,1788.5216911804655,344.0,91.0,47.5,183.0,0,59,0.6,0.5555555555555556,0.5555555555555556,0.5555555555555556,21.265621899799953,21.265621899799953,21.265621899799953,21.265621899799953,3.0,1.8888888888888888,1.8888888888888888,0.6,0.2222222222222222,0.2222222222222222,0.5391743522178305,0.37481012399198466,0.37481012399198466,0.5238095238095238,0.3558201058201058,0.3558201058201058
Oleksandr Ovcharenko,1400.0,1400.0,1400.0,1400.0,416.0,107.0,23.8,185.0,0,0,0.0,0.0,0.0,0.0,0.0,0.0,0.0,0.0,0.0,0.0,0.0,0.0,0.0,0.0,0.0,0.0,0.0,0.0,0.0,0.0
Travis Rettenmaier,1467.5203485959864,1400.0,1467.5203485959864,1439.6501758046834,297.0,105.0,41.5,188.0,0,3,0.6666666666666666,0.6666666666666666,0.6666666666666666,0.6666666666666666,67.52034859598643,67.52034859598643,67.52034859598643,67.52034859598643,8.0,8.0,8.0,4.333333333333333,4.333333333333333,4.333333333333333,0.7507768500865603,0.7507768500865603,0.7507768500865603,0.6666666666666666,0.6666666666666666,0.6666666666666666
Juan Lugo,1400.0,1400.0,1400.0,1400.0,2000.0,0.0,25.9,185.67156964873536,0,0,0.0,0.0,0.0,0.0,0.0,0.0,0.0,0.0,0.0,0.0,0.0,0.0,0.0,0.0,0.0,0.0,0.0,0.0,0.0,0.0
Jose Olivares,1364.4619154358575,1424.561482279587,1379.7273374327694,1364.4619154358575,722.0,31.0,28.0,185.67156964873536,0,4,0.25,0.25,0.25,0.25,-35.53808456414254,-35.53808456414254,-35.53808456414254,-35.53808456414254,0.5,0.5,0.5,0.5,0.5,0.5,0.26953125,0.26953125,0.26953125,0.23958333333333331,0.23958333333333331,0.23958333333333331
Barry King,1396.5511700308168,1371.5511700308168,1396.5511700308168,1396.5511700308168,1013.0,7.0,40.4,186.27336318231923,0,3,0.3333333333333333,0.3333333333333333,0.3333333333333333,0.3333333333333333,-3.44882996918318,-3.44882996918318,-3.44882996918318,-3.44882996918318,-1.0,-1.0,-1.0,-1.0,-1.0,-1.0,0.0,0.0,0.0,0.0,0.0,0.0
Ioannis Xilas,1425.0,1425.0,1425.0,1425.0,770.0,29.0,24.3,185.67156964873536,0,1,1.0,1.0,1.0,1.0,25.0,25.0,25.0,25.0,0.0,0.0,0.0,1.0,1.0,1.0,0.625,0.625,0.625,0.0,0.0,0.0
Andre Gaspar Murta,1400.0,1400.0,1400.0,1400.0,912.0,12.0,30.4,186.27336318231923,0,0,0.0,0.0,0.0,0.0,0.0,0.0,0.0,0.0,0.0,0.0,0.0,0.0,0.0,0.0,0.0,0.0,0.0,0.0,0.0,0.0
Mikael Tillstrom,1949.7188781971072,1941.4851558415423,1979.7016550596488,1916.5466491702978,76.0,557.0,53.6,185.0,0,189,0.6,0.48,0.5128205128205128,0.5128205128205128,-25.47064132936839,-9.841002291546374,19.00700558423955,19.00700558423955,2.2,3.7,3.871794871794872,1.2,2.7,2.3846153846153846,0.3118518518518519,0.47130414659249614,0.5489386074009739,0.22000000000000003,0.4015031897926635,0.4349016218449417
Pavel Baranov,1389.3313965295117,1376.106256101726,1389.3313965295117,1389.3313965295117,2000.0,0.0,44.4,185.67156964873536,0,1,0.0,0.0,0.0,0.0,-10.668603470488279,-10.668603470488279,-10.668603470488279,-10.668603470488279,-1.0,-1.0,-1.0,-1.0,-1.0,-1.0,0.0,0.0,0.0,0.0,0.0,0.0
Tao Mu,1400.0,1400.0,1400.0,1400.0,573.0,63.0,25.3,180.0,0,0,0.0,0.0,0.0,0.0,0.0,0.0,0.0,0.0,0.0,0.0,0.0,0.0,0.0,0.0,0.0,0.0,0.0,0.0,0.0,0.0
Jabor Al Mutawa,1358.0576069747028,1358.0576069747028,1358.0576069747028,1358.0576069747028,2000.0,0.0,30.6,185.67156964873536,0,3,0.0,0.0,0.0,0.0,-41.94239302529718,-41.94239302529718,-41.94239302529718,-41.94239302529718,0.3333333333333333,0.3333333333333333,0.3333333333333333,4.0,4.0,4.0,0.3800085251491901,0.3800085251491901,0.3800085251491901,0.305952380952381,0.305952380952381,0.305952380952381
Mohammed Reza Tavakoli,1400.0,1400.0,1400.0,1400.0,2000.0,0.0,53.2,185.67156964873536,0,0,0.0,0.0,0.0,0.0,0.0,0.0,0.0,0.0,0.0,0.0,0.0,0.0,0.0,0.0,0.0,0.0,0.0,0.0,0.0,0.0
Frances Tiafoe,1845.3982059561795,1751.054409153069,1397.7227301025148,1502.853419075295,17.0,2585.0,27.7,188.0,0,399,0.4,0.64,0.56,0.58,63.86733769444436,111.40139921953369,52.75225123757332,-80.69437707653765,10.2,8.2,8.24,0.8,2.2,2.54,0.7193823069901104,0.7579478343733349,0.7429334555981538,0.6366666666666668,0.664949494949495,0.6052539682539683
Kerlin Leon Zamora,1376.7957963472552,1376.7957963472552,1376.7957963472552,1376.7957963472552,1312.0,1.0,44.4,185.67156964873536,0,1,0.0,0.0,0.0,0.0,-23.20420365274481,-23.20420365274481,-23.20420365274481,-23.20420365274481,-1.0,-1.0,-1.0,-1.0,-1.0,-1.0,0.0,0.0,0.0,0.0,0.0,0.0
Andreja Petrovic,1400.0,1400.0,1400.0,1400.0,1265.0,4.0,24.9,188.0,0,0,0.0,0.0,0.0,0.0,0.0,0.0,0.0,0.0,0.0,0.0,0.0,0.0,0.0,0.0,0.0,0.0,0.0,0.0,0.0,0.0
Ivan Navarro,1595.0327698209178,1543.9019882600955,1697.204032308358,1673.9141744520405,232.0,212.0,43.5,183.0,0,109,0.4,0.36,0.3,0.35353535353535354,-64.74180674777404,37.59630812936052,-119.22379970235943,-50.14140604001227,3.8,6.1,6.76,2.6,2.7,3.34,0.703404255319149,0.7153744220949646,0.7220298653077112,0.6223809523809523,0.4899458874458874,0.5416921966921967
Giovanni Mpetshi Perricard,1734.4344825791482,1549.2831714069573,1556.9106376294787,1416.2764914333309,31.0,1519.0,22.3,203.0,0,32,1.0,0.56,0.5625,0.5625,144.1012903596952,334.43448257914815,334.43448257914815,334.43448257914815,21.8,20.3,17.21875,3.0,5.6,4.9375,0.8363104731525783,0.811320717227886,0.7690240526819504,0.19999999999999998,0.4754761904761905,0.48175803975436327
Rob Cheyne,1428.3977936202734,1400.0,1428.3977936202734,1400.0,939.0,7.0,48.4,185.67156964873536,0,1,1.0,1.0,1.0,1.0,28.397793620273433,28.397793620273433,28.397793620273433,28.397793620273433,-1.0,-1.0,-1.0,-1.0,-1.0,-1.0,0.0,0.0,0.0,0.0,0.0,0.0
Abdul Mumin Babalola,1351.7287767978175,1351.7287767978175,1351.7287767978175,1351.7287767978175,738.0,20.0,40.5,185.67156964873536,1,2,0.0,0.0,0.0,0.0,-48.271223202182455,-48.271223202182455,-48.271223202182455,-48.271223202182455,-1.0,-1.0,-1.0,-1.0,-1.0,-1.0,0.0,0.0,0.0,0.0,0.0,0.0
Abdulla Hajji,1383.7743270222081,1383.7743270222081,1383.7743270222081,1383.7743270222081,2000.0,0.0,34.0,185.67156964873536,0,2,0.0,0.0,0.0,0.0,-16.225672977791874,-16.225672977791874,-16.225672977791874,-16.225672977791874,0.0,0.0,0.0,2.0,2.0,2.0,0.5598901098901099,0.5598901098901099,0.5598901098901099,0.2857142857142857,0.2857142857142857,0.2857142857142857
Aziz Dougaz,1431.1842707121814,1363.3709724103487,1443.42815905829,1431.1842707121814,228.0,252.0,28.4,188.0,1,11,0.6,0.45454545454545453,0.45454545454545453,0.45454545454545453,31.184270712181387,31.184270712181387,31.184270712181387,31.184270712181387,3.0,3.5454545454545454,3.5454545454545454,3.0,3.909090909090909,3.909090909090909,0.5308900355463824,0.5608587923933256,0.5608587923933256,0.20571428571428568,0.35695999402895956,0.35695999402895956
Uladzimir Ignatik,1532.5586128708028,1616.8300265750775,1357.884521258767,1532.5586128708028,209.0,240.0,35.1,183.0,0,28,0.4,0.56,0.5,0.5,65.03730323448235,132.5586128708028,132.5586128708028,132.5586128708028,-1.0,-1.0,-0.8214285714285714,-1.0,-1.0,-0.7857142857142857,0.0,0.0,0.023214285714285715,0.0,0.0,0.017857142857142856
Juan Martin del Potro,2211.5333465194867,1818.4836878128422,1694.1472201944136,1515.8117343564381,753.0,28.0,36.3,198.0,0,620,0.6,0.68,0.7,0.76,-118.08330353837391,-108.92246415877389,-116.96661914833794,-10.978223830497882,10.0,9.2,10.12,2.6,1.75,1.94,0.6166247519753913,0.6937644361818173,0.7439070248470904,0.31346153846153857,0.43677447552447546,0.45633460983460983
Esat Tanik,1400.0,1400.0,1400.0,1400.0,692.0,17.0,44.4,185.67156964873536,0,0,0.0,0.0,0.0,0.0,0.0,0.0,0.0,0.0,0.0,0.0,0.0,0.0,0.0,0.0,0.0,0.0,0.0,0.0,0.0,0.0
Joseph Sirianni,1692.2183496778705,1748.7754569454944,1692.2183496778705,1689.2398554258177,254.0,273.0,50.3,175.0,0,69,0.4,0.3684210526315789,0.3684210526315789,0.3684210526315789,-40.890900091943195,-40.890900091943195,-40.890900091943195,-40.890900091943195,3.4,4.473684210526316,4.473684210526316,1.8,3.4210526315789473,3.4210526315789473,0.6854259123418303,0.7027454307741917,0.7027454307741917,0.5676190476190476,0.6293233082706767,0.6293233082706767
Rafael Arevalo,1483.697647361774,1423.794235440862,1436.1845252889095,1483.697647361774,2000.0,0.0,38.7,180.0,0,26,0.2,0.52,0.5384615384615384,0.5384615384615384,-2.3321549120635154,83.69764736177399,83.69764736177399,83.69764736177399,-0.6,-0.55,-0.6538461538461539,-0.6,-0.5,-0.6153846153846154,0.115625,0.09338835922787195,0.07183719940605535,0.07272727272727272,0.08889610389610389,0.06838161838161838
Peit Hein Boekel,1385.5168752409277,1385.5168752409277,1400.0,1385.5168752409277,2000.0,0.0,49.3,185.67156964873536,0,1,0.0,0.0,0.0,0.0,-14.483124759072325,-14.483124759072325,-14.483124759072325,-14.483124759072325,-1.0,-1.0,-1.0,-1.0,-1.0,-1.0,0.0,0.0,0.0,0.0,0.0,0.0
Joao Cunha Silva,1759.4958008763529,1759.4958008763529,1759.4958008763529,1759.4958008763529,288.0,108.0,57.1,173.0,0,50,0.0,0.0,0.0,0.0,0.0,0.0,0.0,0.0,0.0,0.0,0.0,0.0,0.0,0.0,0.0,0.0,0.0,0.0,0.0,0.0
Maximo Gonzalez,1513.7657098256234,1370.9811480243206,1578.3566218433655,1359.0940071476905,163.0,361.0,41.7,173.0,0,89,0.4,0.28,0.26,0.33707865168539325,-98.58871200784233,-203.09318920412693,-229.17736554737667,113.76570982562339,2.4,2.75,2.14,3.0,2.95,2.52,0.6298506102298671,0.6283797008131279,0.6242570032415731,0.6201298701298701,0.5744866962243124,0.5844283839655356
Laurent Bram,1349.597239326191,1318.4370644684373,1374.5062604616785,1349.597239326191,2000.0,0.0,40.8,185.67156964873536,0,13,0.4,0.15384615384615385,0.15384615384615385,0.15384615384615385,-50.4027606738091,-50.4027606738091,-50.4027606738091,-50.4027606738091,-1.0,-1.0,-1.0,-1.0,-1.0,-1.0,0.0,0.0,0.0,0.0,0.0,0.0
Todd Woodbridge,1801.8217291854114,1784.511112951117,1823.4547114653603,1870.720759502928,2000.0,0.0,53.9,178.0,0,73,0.2,0.391304347826087,0.391304347826087,0.391304347826087,-2.2869474840181283,-9.838402966110834,-9.838402966110834,-9.838402966110834,0.4,2.7,2.6956521739130435,3.2,3.9,4.086956521739131,0.2416666666666667,0.5584988368791909,0.5767344687982582,0.24242424242424243,0.48383668618962733,0.5054544205439345
Teymuraz Gabashvili,1630.6023921142523,1494.8363581840972,1584.0780659753318,1286.8930792749713,229.0,220.0,40.3,185.0,0,315,0.0,0.28,0.38,0.38,-92.84363941746665,-169.8044287385278,-171.43810829625295,-162.28625896486778,5.6,5.0,4.36,8.2,5.15,4.32,0.6722065641214577,0.6869029047197295,0.6804300335953851,0.4477777777777778,0.5551984126984127,0.5397795815295815
Gregoire Barrere,1572.5507557451094,1489.6194363171792,1460.8881032464344,1450.6906829002617,166.0,362.0,31.7,183.0,0,100,0.2,0.36,0.44,0.38,-77.3740123925329,-101.32746569597793,-14.416308746187042,174.9538167175051,3.4,4.7,4.38,1.6,1.75,2.18,0.611883236384214,0.6924511253309604,0.6944631338174968,0.6060387488328665,0.6240223134708429,0.5384367642161759
Salvatore Caruso,1463.9698680482538,1478.8974435834357,1431.819319928883,1367.435229572076,146.0,458.0,32.0,185.0,0,62,0.2,0.2,0.32,0.3064516129032258,-181.8447089320623,-130.75363770023137,-26.603770020879438,63.96986804825383,3.2,2.95,3.74,2.6,2.15,2.78,0.6360533910533911,0.6403311199519359,0.6566995083945799,0.47385281385281386,0.5346777528027529,0.5740512543012543
Rui Machado,1531.4483249548973,1341.9025048692326,1600.43181910198,1400.0,254.0,188.0,41.4,178.0,0,81,0.6,0.32,0.34,0.35802469135802467,32.765194560688315,-101.78314387719956,-69.59223137828599,131.44832495489732,-0.6,0.65,0.92,0.8,2.65,2.5,0.26145552560646895,0.40005859308263025,0.4615092353596071,0.26285714285714284,0.2958531746031746,0.342510989010989
Nicolas Massu,1524.7774891508607,1787.3374137618025,1844.9669393022068,1804.0649203257879,578.0,44.0,45.3,183.0,0,634,0.0,0.36,0.38,0.38,-145.3708930743112,-117.0206368055517,-189.97183642085542,-407.52898939744523,0.2,2.1,2.84,0.4,2.35,2.84,0.2311111111111111,0.44961479993385944,0.5390161670214257,0.25,0.4529073867309162,0.4936804649598767
Tadas Babelis,1319.122691335806,1350.7787752896345,1376.106966384677,1319.122691335806,1582.0,2.0,28.5,185.0,0,4,0.0,0.0,0.0,0.0,-80.87730866419406,-80.87730866419406,-80.87730866419406,-80.87730866419406,3.5,3.5,3.5,3.5,3.5,3.5,0.5922499601847427,0.5922499601847427,0.5922499601847427,0.5398268398268398,0.5398268398268398,0.5398268398268398
Daniel Windahl,1391.9836914005084,1400.0,1391.9836914005084,1391.9836914005084,930.0,16.0,28.6,188.0,0,1,0.0,0.0,0.0,0.0,-8.016308599491595,-8.016308599491595,-8.016308599491595,-8.016308599491595,2.0,2.0,2.0,1.0,1.0,1.0,0.39215686274509803,0.39215686274509803,0.39215686274509803,0.375,0.375,0.375
Marc Kimmich,1395.613525541977,1395.613525541977,1395.613525541977,1395.613525541977,313.0,103.0,41.9,183.0,0,2,0.0,0.0,0.0,0.0,-4.386474458023031,-4.386474458023031,-4.386474458023031,-4.386474458023031,5.0,5.0,5.0,4.5,4.5,4.5,0.7093153759820426,0.7093153759820426,0.7093153759820426,0.5235294117647059,0.5235294117647059,0.5235294117647059
Andy Murray,1788.1611767639931,1316.5810828307028,1503.452355602574,1627.3768784466727,129.0,498.0,38.0,191.0,0,1016,0.2,0.36,0.44,0.5,-108.66569256628645,-124.14638886307853,-205.33406954839234,-271.46280972997306,6.8,6.0,5.2,2.4,2.0,2.08,0.7173430279077503,0.7239560202358921,0.7037801186961541,0.54,0.5357142857142857,0.5623682983682984
Andrew Anderson,1590.5774607245128,1590.5774607245128,1590.5774607245128,1590.5774607245128,1564.0,2.0,41.8,193.0,0,10,0.0,0.0,0.0,0.0,0.0,0.0,0.0,0.0,0.0,0.0,0.0,0.0,0.0,0.0,0.0,0.0,0.0,0.0,0.0,0.0
Mehluli Don Ayanda Sibanda,1330.2422814860938,1351.7957963472552,1400.0,1330.2422814860938,1061.0,10.0,26.0,173.0,0,3,0.0,0.0,0.0,0.0,-69.75771851390618,-69.75771851390618,-69.75771851390618,-69.75771851390618,-1.0,-1.0,-1.0,-1.0,-1.0,-1.0,0.0,0.0,0.0,0.0,0.0,0.0
Nino Serdarusic,1387.0727473788247,1383.7273614800692,1376.1504744936801,1387.0727473788247,307.0,165.0,28.4,191.0,0,9,0.2,0.2222222222222222,0.2222222222222222,0.2222222222222222,-12.927252621175285,-12.927252621175285,-12.927252621175285,-12.927252621175285,7.0,5.666666666666667,5.666666666666667,2.4,2.6666666666666665,2.6666666666666665,0.7663502734532771,0.7374837342403049,0.7374837342403049,0.48658008658008656,0.4474266474266474,0.4474266474266474
Pedro Martinez,1579.796314034083,1435.0411002643073,1602.355346749878,1368.0492307937866,42.0,1270.0,28.5,185.0,0,158,0.2,0.32,0.4,0.41,-2.227370939450111,8.803477438937307,-33.0494347567751,-143.5350278648932,3.8,2.5,2.1,2.6,4.15,4.4,0.7001784024030966,0.6617865011950723,0.6557775140774974,0.575952380952381,0.4637275145305331,0.5137879425356205
Giovani Samaha,1400.0,1400.0,1400.0,1400.0,1573.0,2.0,30.9,185.67156964873536,1,0,0.0,0.0,0.0,0.0,0.0,0.0,0.0,0.0,0.0,0.0,0.0,0.0,0.0,0.0,0.0,0.0,0.0,0.0,0.0,0.0
Ludovic Walter,1400.0,1400.0,1400.0,1400.0,287.0,165.0,42.4,185.67156964873536,0,0,0.0,0.0,0.0,0.0,0.0,0.0,0.0,0.0,0.0,0.0,0.0,0.0,0.0,0.0,0.0,0.0,0.0,0.0,0.0,0.0
Steven Korteling,1400.0,1400.0,1400.0,1400.0,463.0,57.0,41.5,185.67156964873536,0,0,0.0,0.0,0.0,0.0,0.0,0.0,0.0,0.0,0.0,0.0,0.0,0.0,0.0,0.0,0.0,0.0,0.0,0.0,0.0,0.0
Nicolas Salama,1384.300154386884,1384.300154386884,1384.300154386884,1384.300154386884,2000.0,0.0,34.1,186.27336318231923,0,1,0.0,0.0,0.0,0.0,-15.69984561311594,-15.69984561311594,-15.69984561311594,-15.69984561311594,-1.0,-1.0,-1.0,-1.0,-1.0,-1.0,0.0,0.0,0.0,0.0,0.0,0.0
Rainer Schuettler,1500.3647058770607,1821.9900223519473,1628.5427562482369,2077.2325565170263,113.0,481.0,49.1,180.0,0,879,0.4,0.28,0.36,0.37,-75.47665258386405,-122.24768939496948,-120.02647075554455,-246.33143575191798,3.2,3.45,2.9,3.8,2.55,2.66,0.7126330861518057,0.6682080589223414,0.6773413712259899,0.8124269005847953,0.6540918511313248,0.5344094677252572
Simone Bolelli,1780.307359302862,1398.8242656216398,1677.4303555244442,1553.1216066349941,187.0,272.0,39.6,183.0,0,290,0.4,0.36,0.42,0.44,-18.726617307657534,-136.78930944096146,-145.99636171033876,-23.85246103896793,1.2,1.9,3.94,1.2,1.0,1.58,0.6131406733144493,0.6023649065983622,0.6347537287313834,0.51,0.5750747863247864,0.5686807081807081
Alejandro Davidovich Fokina,1713.722858273106,1611.2572660894311,1606.9445408136507,1369.624779815699,62.0,860.0,26.3,183.0,0,232,0.4,0.44,0.46,0.51,-34.52063472123268,-141.1006269622144,-162.39772657153003,-24.956544041935103,4.6,5.85,4.86,1.6,3.2,2.14,0.6782568263379622,0.6809799571518262,0.6723078574733272,0.46293706293706294,0.6098215673215673,0.5322143412143412
Andres Andrade,1423.8654838287518,1423.970227233819,1400.0,1423.8654838287518,250.0,229.0,26.7,180.0,0,1,1.0,1.0,1.0,1.0,23.86548382875185,23.86548382875185,23.86548382875185,23.86548382875185,0.0,0.0,0.0,4.0,4.0,4.0,0.6530612244897959,0.6530612244897959,0.6530612244897959,0.625,0.625,0.625
Yong Il Yoon,1742.1811207918222,1792.6636720818697,1742.1811207918222,1719.0986699398918,284.0,114.0,51.3,175.0,0,60,0.4,0.4,0.4,0.4,10.868980128764633,10.868980128764633,10.868980128764633,10.868980128764633,2.4,2.4,2.4,3.2,2.0,2.0,0.5171282118503591,0.4694685774698949,0.4694685774698949,0.4996031746031746,0.4490323565323565,0.4490323565323565
Naser Al Obaidly,1323.8989540154882,1347.075033160736,1400.0,1323.8989540154882,2000.0,0.0,29.9,185.67156964873536,0,3,0.0,0.0,0.0,0.0,-76.10104598451176,-76.10104598451176,-76.10104598451176,-76.10104598451176,-1.0,-1.0,-1.0,-1.0,-1.0,-1.0,0.0,0.0,0.0,0.0,0.0,0.0
Joachim Bjerke,1347.1987254276155,1347.1987254276155,1347.1987254276155,1347.1987254276155,938.0,13.0,30.3,185.67156964873536,0,2,0.0,0.0,0.0,0.0,-52.8012745723845,-52.8012745723845,-52.8012745723845,-52.8012745723845,-1.0,-1.0,-1.0,-1.0,-1.0,-1.0,0.0,0.0,0.0,0.0,0.0,0.0
Filip Veger,1400.0,1400.0,1400.0,1400.0,836.0,16.0,30.1,185.67156964873536,0,0,0.0,0.0,0.0,0.0,0.0,0.0,0.0,0.0,0.0,0.0,0.0,0.0,0.0,0.0,0.0,0.0,0.0,0.0,0.0,0.0
Jad Ayoub,1400.0,1400.0,1400.0,1400.0,2000.0,0.0,41.7,186.27336318231923,0,0,0.0,0.0,0.0,0.0,0.0,0.0,0.0,0.0,0.0,0.0,0.0,0.0,0.0,0.0,0.0,0.0,0.0,0.0,0.0,0.0
Dominic Inglot,1391.8398796465506,1391.8398796465506,1391.8398796465506,1391.8398796465506,941.0,12.0,39.5,196.0,0,1,0.0,0.0,0.0,0.0,-8.160120353449429,-8.160120353449429,-8.160120353449429,-8.160120353449429,12.0,12.0,12.0,4.0,4.0,4.0,0.7317073170731707,0.7317073170731707,0.7317073170731707,0.75,0.75,0.75
Tristan Schoolkate,1384.1490046573554,1351.6676074578384,1384.1490046573554,1400.0,193.0,308.0,24.4,183.0,0,4,0.25,0.25,0.25,0.25,-15.850995342644637,-15.850995342644637,-15.850995342644637,-15.850995342644637,10.5,10.5,10.5,4.25,4.25,4.25,0.7667112944468567,0.7667112944468567,0.7667112944468567,0.5549242424242424,0.5549242424242424,0.5549242424242424
Artem Smirnov,1342.694321310668,1430.4989434332213,1370.7617029241874,1400.0,505.0,66.0,36.9,188.0,1,8,0.0,0.25,0.25,0.25,-57.3056786893319,-57.3056786893319,-57.3056786893319,-57.3056786893319,2.8,1.375,1.375,0.6,0.0,0.0,0.38146231393529134,0.23841394620955708,0.23841394620955708,0.2333333333333333,0.14583333333333331,0.14583333333333331
Max Hans Rehberg,1366.4053288713708,1366.4053288713708,1366.4053288713708,1366.4053288713708,473.0,87.0,21.5,183.0,0,3,0.0,0.0,0.0,0.0,-33.594671128629216,-33.594671128629216,-33.594671128629216,-33.594671128629216,0.6666666666666666,0.6666666666666666,0.6666666666666666,4.0,4.0,4.0,0.6567370537958773,0.6567370537958773,0.6567370537958773,0.49437229437229435,0.49437229437229435,0.49437229437229435
Hamad Medjedovic,1705.4124461191543,1633.9279632506175,1476.043834907598,1385.788908657596,156.0,378.0,22.3,188.0,0,37,0.6,0.64,0.5405405405405406,0.5405405405405406,167.820398439487,351.3389861651908,305.4124461191543,305.4124461191543,10.2,11.3,9.027027027027026,3.2,3.05,3.3513513513513513,0.777555407382376,0.7846647595839668,0.7219428346871134,0.5416666666666666,0.6477579365079366,0.6311693561693562
Sharmal Dissanayake,1382.335886016045,1373.2637566122503,1398.39220569614,1382.335886016045,2000.0,0.0,28.8,185.67156964873536,0,8,0.6,0.375,0.375,0.375,-17.664113983955076,-17.664113983955076,-17.664113983955076,-17.664113983955076,2.2,1.0,1.0,2.8,1.375,1.375,0.35765886287625415,0.22353678929765886,0.22353678929765886,0.3116356107660455,0.19477225672877846,0.19477225672877846
Matteo Donati,1400.0,1400.0,1446.4349445775615,1400.0,282.0,172.0,30.1,185.0,0,0,0.0,0.0,0.0,0.0,0.0,0.0,0.0,0.0,0.0,0.0,0.0,0.0,0.0,0.0,0.0,0.0,0.0,0.0,0.0,0.0
Andrei Medvedev,1901.084143152237,1986.522763102162,2078.64452357564,2024.7059799102951,172.0,225.0,51.1,193.0,0,366,0.2,0.36,0.5,0.5,-159.7115383637704,-208.0084855982625,-163.48700946567465,-155.77948043186439,2.8,3.15,4.5,3.2,3.65,3.3,0.5571222146595106,0.5678639927772375,0.6365709433723135,0.43960317460317455,0.4532142857142857,0.5540593295593296
Bowen Ouyang,1400.0,1400.0,1400.0,1400.0,1098.0,9.0,33.3,186.0,1,0,0.0,0.0,0.0,0.0,0.0,0.0,0.0,0.0,0.0,0.0,0.0,0.0,0.0,0.0,0.0,0.0,0.0,0.0,0.0,0.0
N Sriram Balaji,1410.7562606633683,1400.0,1400.0,1400.0,2000.0,0.0,35.4,180.0,0,2,0.5,0.5,0.5,0.5,10.756260663368266,10.756260663368266,10.756260663368266,10.756260663368266,6.0,6.0,6.0,2.5,2.5,2.5,0.7126623376623377,0.7126623376623377,0.7126623376623377,0.1875,0.1875,0.1875
Tarek Ben Soltane,1400.0,1400.0,1400.0,1400.0,2000.0,0.0,40.4,185.67156964873536,0,0,0.0,0.0,0.0,0.0,0.0,0.0,0.0,0.0,0.0,0.0,0.0,0.0,0.0,0.0,0.0,0.0,0.0,0.0,0.0,0.0
Linh Giang Trinh,1366.3166156846967,1392.0582627118222,1400.0,1366.3166156846967,2000.0,0.0,27.4,183.0,0,3,0.3333333333333333,0.3333333333333333,0.3333333333333333,0.3333333333333333,-33.68338431530333,-33.68338431530333,-33.68338431530333,-33.68338431530333,-0.6666666666666666,-0.6666666666666666,-0.6666666666666666,0.0,0.0,0.0,0.16339869281045752,0.16339869281045752,0.16339869281045752,0.1388888888888889,0.1388888888888889,0.1388888888888889
Jonathan Mridha,1389.3900629216396,1400.0,1389.3900629216396,1389.3900629216396,1094.0,8.0,30.4,183.0,0,1,0.0,0.0,0.0,0.0,-10.609937078360417,-10.609937078360417,-10.609937078360417,-10.609937078360417,8.0,8.0,8.0,1.0,1.0,1.0,0.7222222222222222,0.7222222222222222,0.7222222222222222,0.5,0.5,0.5
Juan Monaco,1823.827426524272,1579.2961332508387,1794.486342523311,1301.9260408149214,124.0,455.0,41.0,185.0,0,616,0.4,0.48,0.48,0.54,-92.19631962380276,-32.98819812978081,-141.69124655406995,7.767429691198686,2.8,2.35,1.82,1.4,1.4,1.22,0.6307503770739065,0.5915232166667896,0.6202660678308485,0.4997979797979797,0.4785980685980686,0.5305900210900211
Ayrton Wibowo,1354.660559289888,1354.660559289888,1354.660559289888,1354.660559289888,1356.0,4.0,36.8,185.67156964873536,0,2,0.0,0.0,0.0,0.0,-45.33944071011206,-45.33944071011206,-45.33944071011206,-45.33944071011206,-1.0,-1.0,-1.0,-1.0,-1.0,-1.0,0.0,0.0,0.0,0.0,0.0,0.0
Juan Pablo Brzezicki,1512.9008458405947,1554.9387775363232,1576.3533515303486,1512.9008458405947,196.0,275.0,42.8,178.0,0,32,0.0,0.22727272727272727,0.22727272727272727,0.22727272727272727,-45.12017335396422,-77.67661488391809,-77.67661488391809,-77.67661488391809,2.2,2.0,1.8636363636363635,3.2,2.1,2.4545454545454546,0.6112928542503816,0.6250514282375866,0.6195297289836137,0.5755555555555556,0.5718152639843816,0.5683717537661388
Juan Carlos Ramirez,1390.1147418489543,1397.9218117481544,1393.1304273003657,1390.1147418489543,2000.0,0.0,36.3,185.67156964873536,0,13,0.6,0.38461538461538464,0.38461538461538464,0.38461538461538464,-9.885258151045718,-9.885258151045718,-9.885258151045718,-9.885258151045718,-1.0,-1.0,-1.0,-1.0,-1.0,-1.0,0.0,0.0,0.0,0.0,0.0,0.0
Aleksandar Kovacevic,1449.1404332634627,1489.858738151973,1347.303861555508,1429.7192469384177,101.0,607.0,27.1,183.0,0,47,0.2,0.28,0.3404255319148936,0.3404255319148936,-69.78922813900408,-58.52492329573397,49.14043326346268,49.14043326346268,12.6,10.4,9.446808510638299,3.6,3.35,3.25531914893617,0.7533785330064056,0.757193828570978,0.7513526501643907,0.6120490620490621,0.565602453102453,0.5598572231550955
Cyril Saulnier,1780.8469051434136,1826.045882602413,1717.9164168841028,1837.2493294153537,259.0,151.0,49.4,190.0,0,230,0.4,0.4,0.36,0.43,-88.05727639201314,-177.82857562488743,-214.16556327500552,-182.71508216156235,5.4,5.5,6.46,2.2,3.05,2.62,0.7148359617819731,0.6819990770404932,0.7052635551533781,0.6512626262626262,0.5210799617049617,0.5324942557442557
Jason Kubler,1626.258138022074,1471.9899671528303,1452.781643422081,1506.691001400109,113.0,561.0,31.6,178.0,0,61,0.2,0.4,0.5,0.45901639344262296,-101.09657461297411,-29.996840683551454,151.05598931880058,226.25813802207404,5.8,5.1,5.98,4.0,2.9,2.86,0.6550564723497054,0.6746006336411952,0.6769957133835576,0.46545454545454545,0.4601792651792652,0.5201087246087246
Marcin Matkowski,1632.1766238594405,1645.3585896844588,1609.609013337952,1632.1766238594405,2000.0,0.0,44.6,188.0,0,17,0.4,0.5714285714285714,0.5714285714285714,0.5714285714285714,-13.181965825018324,-13.181965825018324,-13.181965825018324,-13.181965825018324,0.4,0.0,0.0,2.2,1.2857142857142858,1.2857142857142858,0.17432432432432432,0.12451737451737452,0.12451737451737452,0.11607142857142856,0.08290816326530612,0.08290816326530612
Thomas Shimada,1619.3628883535284,1634.2220980595707,1619.3628883535284,1634.2220980595707,1351.0,1.0,50.4,178.0,0,11,0.0,0.0,0.0,0.0,-14.859209706042293,-14.859209706042293,-14.859209706042293,-14.859209706042293,4.0,4.0,4.0,6.0,6.0,6.0,0.7222222222222222,0.7222222222222222,0.7222222222222222,0.7142857142857143,0.7142857142857143,0.7142857142857143
Milos Raonic,1941.3073341029049,1657.3227930898288,1600.706967952294,1513.6657738416734,177.0,340.0,34.5,196.0,0,583,0.6,0.52,0.6,0.62,-58.42907536656867,-102.45063170888216,-119.81112066634523,-105.3080811689631,20.6,16.3,15.68,3.0,4.05,3.82,0.8384684431124059,0.7951568645032087,0.79818165669064,0.2857142857142859,0.48380952380952386,0.5001558441558441
Evan Furness,1404.5809995111715,1404.5809995111715,1404.5809995111715,1404.5809995111715,208.0,245.0,27.1,173.0,0,0,0.0,0.0,0.0,0.0,0.0,0.0,0.0,0.0,0.0,0.0,0.0,0.0,0.0,0.0,0.0,0.0,0.0,0.0,0.0,0.0
Bernardo Mota,1723.1671819957526,1664.3308752491325,1732.8817869465681,1723.1671819957526,744.0,16.0,53.7,178.0,0,65,0.6,0.4,0.4,0.4,13.207718669628548,13.207718669628548,13.207718669628548,13.207718669628548,0.8,-0.3333333333333333,-0.3333333333333333,0.2,-0.4,-0.4,0.2734920634920635,0.13243386243386243,0.13243386243386243,0.11111111111111112,0.07946127946127947,0.07946127946127947
Antoine Escoffier,1429.3414659277355,1429.3414659277355,1429.3414659277355,1429.3414659277355,172.0,354.0,32.9,185.0,0,0,0.0,0.0,0.0,0.0,0.0,0.0,0.0,0.0,0.0,0.0,0.0,0.0,0.0,0.0,0.0,0.0,0.0,0.0,0.0,0.0
Daniel Glancy,1333.0624238835337,1353.8386633486314,1333.0624238835337,1333.0624238835337,933.0,15.0,36.2,185.67156964873536,0,5,0.2,0.2,0.2,0.2,-66.93757611646629,-66.93757611646629,-66.93757611646629,-66.93757611646629,-1.0,-1.0,-1.0,-1.0,-1.0,-1.0,0.0,0.0,0.0,0.0,0.0,0.0
Alexander Sadecky,1423.0627630457984,1423.0627630457984,1423.0627630457984,1423.0627630457984,401.0,93.0,38.0,193.0,1,2,0.5,0.5,0.5,0.5,23.06276304579842,23.06276304579842,23.06276304579842,23.06276304579842,3.0,3.0,3.0,4.0,4.0,4.0,0.7457264957264957,0.7457264957264957,0.7457264957264957,0.25,0.25,0.25
Jung Woong Na,1400.0,1400.0,1400.0,1400.0,842.0,13.0,32.4,185.67156964873536,0,0,0.0,0.0,0.0,0.0,0.0,0.0,0.0,0.0,0.0,0.0,0.0,0.0,0.0,0.0,0.0,0.0,0.0,0.0,0.0,0.0
Christian Ruud,1883.8005363020932,1918.4241246665022,1958.0548587755068,1938.17629461433,173.0,227.0,52.7,188.0,0,182,0.6,0.36,0.375,0.375,-4.254532936378837,-68.377022887659,-68.377022887659,-68.377022887659,5.2,4.05,3.1875,2.6,2.9,2.59375,0.7342661775654948,0.6409582866360571,0.5897255889537797,0.4743589743589743,0.48873667998667997,0.44873243076368075
Delmas Ntcha,1400.0,1400.0,1400.0,1400.0,2000.0,0.0,24.7,185.67156964873536,0,0,0.0,0.0,0.0,0.0,0.0,0.0,0.0,0.0,0.0,0.0,0.0,0.0,0.0,0.0,0.0,0.0,0.0,0.0,0.0,0.0
Zdenek Kolar,1436.6999757368994,1436.6999757368994,1438.2084502240427,1400.0,119.0,503.0,28.7,183.0,0,3,0.3333333333333333,0.3333333333333333,0.3333333333333333,0.3333333333333333,36.69997573689943,36.69997573689943,36.69997573689943,36.69997573689943,5.0,5.0,5.0,6.0,6.0,6.0,0.673765112443203,0.673765112443203,0.673765112443203,0.6018518518518519,0.6018518518518519,0.6018518518518519
Javier Marti,1397.7485437326084,1398.2065210851706,1374.7792750969122,1438.9905758978673,211.0,223.0,33.3,185.67156964873536,0,12,0.0,0.16666666666666666,0.16666666666666666,0.16666666666666666,-2.2514562673916316,-2.2514562673916316,-2.2514562673916316,-2.2514562673916316,2.4,2.4166666666666665,2.4166666666666665,1.8,3.1666666666666665,3.1666666666666665,0.5862597256347256,0.6001996478793941,0.6001996478793941,0.2698412698412698,0.4281255333674689,0.4281255333674689
Sergey Betov,1292.4334587965423,1331.2377981702612,1384.6288854596326,1292.4334587965423,514.0,61.0,37.9,185.0,0,6,0.0,0.0,0.0,0.0,-107.56654120345775,-107.56654120345775,-107.56654120345775,-107.56654120345775,-1.0,-1.0,-1.0,-1.0,-1.0,-1.0,0.0,0.0,0.0,0.0,0.0,0.0
Reginald Willems,1760.3851445654745,1760.3851445654745,1786.3080662319724,1760.3851445654745,224.0,156.0,47.5,180.0,0,50,0.0,0.0,0.0,0.0,0.0,0.0,0.0,0.0,0.0,0.0,0.0,0.0,0.0,0.0,0.0,0.0,0.0,0.0,0.0,0.0
Joao Pedro Sorgi,1397.3906824012572,1397.3906824012572,1397.3906824012572,1397.3906824012572,359.0,124.0,31.4,188.0,0,2,0.5,0.5,0.5,0.5,-2.6093175987427912,-2.6093175987427912,-2.6093175987427912,-2.6093175987427912,6.0,6.0,6.0,3.5,3.5,3.5,0.7680311890838207,0.7680311890838207,0.7680311890838207,0.7928571428571429,0.7928571428571429,0.7928571428571429
Andy Fahlke,1784.8553902058707,1784.8553902058707,1784.8553902058707,1784.8553902058707,185.0,180.0,45.9,185.0,0,50,0.0,0.0,0.0,0.0,0.0,0.0,0.0,0.0,0.0,0.0,0.0,0.0,0.0,0.0,0.0,0.0,0.0,0.0,0.0,0.0
Diego Fernandez Flores,1400.0,1400.0,1400.0,1400.0,832.0,21.0,24.3,185.0,0,0,0.0,0.0,0.0,0.0,0.0,0.0,0.0,0.0,0.0,0.0,0.0,0.0,0.0,0.0,0.0,0.0,0.0,0.0,0.0,0.0
Federico Camacho,1380.9968060416102,1380.9968060416102,1400.0,1380.9968060416102,1328.0,1.0,45.5,185.67156964873536,0,1,0.0,0.0,0.0,0.0,-19.00319395838983,-19.00319395838983,-19.00319395838983,-19.00319395838983,-1.0,-1.0,-1.0,-1.0,-1.0,-1.0,0.0,0.0,0.0,0.0,0.0,0.0
Bjorn Rehnquist,1684.0931678250085,1677.5849112192368,1722.7800156598325,1684.0931678250085,191.0,442.0,47.0,175.0,0,63,0.4,0.3076923076923077,0.3076923076923077,0.3076923076923077,-28.004721962478925,-28.004721962478925,-28.004721962478925,-28.004721962478925,0.8,1.6153846153846154,1.6153846153846154,3.4,3.3076923076923075,3.3076923076923075,0.6000918225918226,0.569776491584413,0.569776491584413,0.38523809523809527,0.4693368035473299,0.4693368035473299
Yusuke Takahashi,1400.0,1400.0,1400.0,1400.0,262.0,194.0,27.9,170.0,0,0,0.0,0.0,0.0,0.0,0.0,0.0,0.0,0.0,0.0,0.0,0.0,0.0,0.0,0.0,0.0,0.0,0.0,0.0,0.0,0.0
Viacheslav Bielinskyi,1391.701216398386,1391.701216398386,1391.701216398386,1391.701216398386,498.0,81.0,21.1,71.0,0,1,0.0,0.0,0.0,0.0,-8.298783601614105,-8.298783601614105,-8.298783601614105,-8.298783601614105,-1.0,-1.0,-1.0,-1.0,-1.0,-1.0,0.0,0.0,0.0,0.0,0.0,0.0
Felix Auger Aliassime,1840.2946526118728,1604.2306327629872,1621.95042267547,1494.9575340078964,19.0,2130.0,25.2,193.0,0,362,0.4,0.52,0.56,0.56,-25.745261496106423,43.49946480016547,20.546978080139297,-243.11745612450227,11.8,8.45,7.86,3.2,3.7,3.72,0.7310220464069389,0.7627676301874289,0.7551401060172421,0.7804545454545455,0.5277525252525253,0.5070670995670996
Goncalo Nicau,1383.872564062719,1400.0,1400.0,1383.872564062719,586.0,39.0,43.2,185.67156964873536,0,1,0.0,0.0,0.0,0.0,-16.127435937281007,-16.127435937281007,-16.127435937281007,-16.127435937281007,-1.0,-1.0,-1.0,-1.0,-1.0,-1.0,0.0,0.0,0.0,0.0,0.0,0.0
Philipp Oswald,1417.6033751205744,1400.0,1385.166013570434,1417.6033751205744,1059.0,9.0,39.6,201.0,0,3,0.3333333333333333,0.3333333333333333,0.3333333333333333,0.3333333333333333,17.603375120574356,17.603375120574356,17.603375120574356,17.603375120574356,10.666666666666666,10.666666666666666,10.666666666666666,7.666666666666667,7.666666666666667,7.666666666666667,0.7057318650248602,0.7057318650248602,0.7057318650248602,0.6031746031746031,0.6031746031746031,0.6031746031746031
Tim Goransson,1388.6135614823133,1388.6135614823133,1388.6135614823133,1388.6135614823133,800.0,18.0,37.2,185.67156964873536,0,1,0.0,0.0,0.0,0.0,-11.386438517686656,-11.386438517686656,-11.386438517686656,-11.386438517686656,0.0,0.0,0.0,1.0,1.0,1.0,0.4523809523809524,0.4523809523809524,0.4523809523809524,0.6,0.6,0.6
Patrik Rosenholm,1438.6894046893044,1438.6894046893044,1438.6894046893044,1438.6894046893044,531.0,65.0,36.9,178.0,0,3,0.3333333333333333,0.3333333333333333,0.3333333333333333,0.3333333333333333,38.68940468930441,38.68940468930441,38.68940468930441,38.68940468930441,6.0,6.0,6.0,2.0,2.0,2.0,0.6813613646240765,0.6813613646240765,0.6813613646240765,0.29523809523809524,0.29523809523809524,0.29523809523809524
Romain Arneodo,1486.71855642208,1459.2053356992749,1445.4261607347985,1486.71855642208,2000.0,0.0,33.0,175.0,0,9,0.4,0.6666666666666666,0.6666666666666666,0.6666666666666666,86.71855642207993,86.71855642207993,86.71855642207993,86.71855642207993,1.8,0.5555555555555556,0.5555555555555556,1.0,0.1111111111111111,0.1111111111111111,0.28709219858156027,0.15949566587864458,0.15949566587864458,0.3145454545454546,0.17474747474747476,0.17474747474747476
Petr Luxa,1731.4949031154476,1765.3940268149565,1731.4949031154476,1795.287473973508,402.0,71.0,53.5,190.0,0,56,0.0,0.0,0.0,0.0,-91.20152442379708,-91.20152442379708,-91.20152442379708,-91.20152442379708,2.6,2.5,2.5,3.2,3.1666666666666665,3.1666666666666665,0.6411386790517225,0.6379859362468058,0.6379859362468058,0.31190476190476185,0.30158730158730157,0.30158730158730157
Amine Ahouda,1428.9308793162215,1400.0,1458.2303862250908,1428.9308793162215,2000.0,0.0,27.5,185.0,0,7,0.4,0.2857142857142857,0.2857142857142857,0.2857142857142857,28.930879316221535,28.930879316221535,28.930879316221535,28.930879316221535,1.2,1.0,1.0,4.6,4.571428571428571,4.571428571428571,0.6486666666666666,0.6728979425307455,0.6728979425307455,0.44000000000000006,0.3678571428571429,0.3678571428571429
Mehdi Tahiri,1679.8705334050064,1647.2234481888681,1631.4888726844179,1649.4831694839652,549.0,44.0,48.1,183.0,0,26,0.4,0.3125,0.3125,0.3125,30.387363921041242,30.387363921041242,30.387363921041242,30.387363921041242,0.0,-0.25,-0.25,0.4,0.625,0.625,0.2528066528066528,0.23420477789772923,0.23420477789772923,0.14666666666666667,0.17497519841269843,0.17497519841269843
Yi Zhou,1424.684960723483,1403.0992435131204,1400.0,1424.684960723483,440.0,97.0,20.5,193.0,0,10,0.4,0.4,0.4,0.4,24.684960723483073,24.684960723483073,24.684960723483073,24.684960723483073,4.8,4.7,4.7,1.6,2.0,2.0,0.729712551599344,0.6313209222643186,0.6313209222643186,0.45,0.4252777777777778,0.4252777777777778
Nathan Pasha,1400.0,1400.0,1400.0,1400.0,1187.0,6.0,33.0,191.0,0,0,0.0,0.0,0.0,0.0,0.0,0.0,0.0,0.0,0.0,0.0,0.0,0.0,0.0,0.0,0.0,0.0,0.0,0.0,0.0,0.0
Alberto Berasategui,1826.418577635707,1909.003872873776,1909.0227871055515,1964.4010494967697,186.0,215.0,51.8,173.0,0,168,0.2,0.2222222222222222,0.2222222222222222,0.2222222222222222,-137.98247186106278,-137.98247186106278,-137.98247186106278,-137.98247186106278,1.4,0.4444444444444444,0.4444444444444444,5.6,4.388888888888889,4.388888888888889,0.5503415896273038,0.5734109131462543,0.5734109131462543,0.45933333333333337,0.5005443322109989,0.5005443322109989
Alexander Slabinsky,1394.6370276743723,1394.6370276743723,1394.6370276743723,1394.6370276743723,558.0,47.0,39.2,185.0,0,1,0.0,0.0,0.0,0.0,-5.362972325627652,-5.362972325627652,-5.362972325627652,-5.362972325627652,5.0,5.0,5.0,2.0,2.0,2.0,0.6774193548387096,0.6774193548387096,0.6774193548387096,0.4,0.4,0.4
Denys Molchanov,1422.5850775144293,1451.5603557601144,1400.0,1422.5850775144293,227.0,202.0,38.3,188.0,0,3,0.6666666666666666,0.6666666666666666,0.6666666666666666,0.6666666666666666,22.58507751442926,22.58507751442926,22.58507751442926,22.58507751442926,-1.0,-1.0,-1.0,-1.0,-1.0,-1.0,0.0,0.0,0.0,0.0,0.0,0.0
Dmitri Tomashevich,1732.7478394283025,1732.7478394283025,1732.7478394283025,1732.7478394283025,342.0,89.0,51.5,185.67156964873536,0,50,0.0,0.0,0.0,0.0,0.0,0.0,0.0,0.0,0.0,0.0,0.0,0.0,0.0,0.0,0.0,0.0,0.0,0.0,0.0,0.0
Israel Matos Gil,1565.358508147914,1565.358508147914,1565.358508147914,1565.358508147914,512.0,45.0,42.3,185.67156964873536,0,11,0.0,0.0,0.0,0.0,-0.6590841127808744,-0.6590841127808744,-0.6590841127808744,-0.6590841127808744,3.0,3.0,3.0,6.0,6.0,6.0,0.6388888888888888,0.6388888888888888,0.6388888888888888,0.5,0.5,0.5
Cecil Mamiit,1448.1325448144619,1779.6188275181341,1780.2355447897005,1828.517990519981,2000.0,0.0,49.2,173.0,0,268,0.2,0.48,0.34,0.35,-234.61638220208147,-267.8036076601088,-377.7799206332609,-430.40362333365374,-1.0,-0.35,0.94,-1.0,-0.7,0.86,0.0,0.07227272727272727,0.3535079223884978,0.0,0.061111111111111116,0.26068842268842274
Saketh Myneni,1434.8846986925419,1403.7498248569898,1434.8846986925419,1400.0,192.0,287.0,37.2,193.0,0,4,0.5,0.5,0.5,0.5,34.88469869254186,34.88469869254186,34.88469869254186,34.88469869254186,9.25,9.25,9.25,4.0,4.0,4.0,0.4973317375387215,0.4973317375387215,0.4973317375387215,0.41799292661361626,0.41799292661361626,0.41799292661361626
Gonzalo Bueno,1371.6875838932035,1400.0,1400.0,1371.6875838932035,273.0,199.0,21.4,173.0,0,1,0.0,0.0,0.0,0.0,-28.31241610679649,-28.31241610679649,-28.31241610679649,-28.31241610679649,-1.0,-1.0,-1.0,-1.0,-1.0,-1.0,0.0,0.0,0.0,0.0,0.0,0.0
Stan Wawrinka,1686.3131842245573,1550.201367920448,1598.1755614237495,1270.8626924837638,148.0,391.0,40.6,183.0,0,947,0.6,0.4,0.44,0.45,-7.54328224725532,-180.96671493719964,-157.7290591226888,-299.42805108016137,9.8,7.2,7.48,1.8,2.25,2.12,0.7821957203755205,0.7714799484362206,0.7698198007693533,0.46428571428571425,0.5441666666666667,0.5243479853479854
Martin Sayer,1505.9954100356154,1424.8979793441986,1422.4174177402626,1505.9954100356154,2000.0,0.0,37.6,185.67156964873536,0,6,0.8,0.8333333333333334,0.8333333333333334,0.8333333333333334,105.99541003561535,105.99541003561535,105.99541003561535,105.99541003561535,-1.0,-1.0,-1.0,-1.0,-1.0,-1.0,0.0,0.0,0.0,0.0,0.0,0.0
Bernd Karbacher,1851.8205930289964,1879.5442414761515,1879.5442414761515,1851.8205930289964,442.0,51.0,57.2,185.0,0,51,0.0,0.0,0.0,0.0,-27.72364844715503,-27.72364844715503,-27.72364844715503,-27.72364844715503,4.0,4.0,4.0,5.0,5.0,5.0,0.6808510638297872,0.6808510638297872,0.6808510638297872,0.6153846153846154,0.6153846153846154,0.6153846153846154
Mantas Bugailiskis,1400.0,1400.0,1400.0,1400.0,2000.0,0.0,28.7,186.27336318231923,0,0,0.0,0.0,0.0,0.0,0.0,0.0,0.0,0.0,0.0,0.0,0.0,0.0,0.0,0.0,0.0,0.0,0.0,0.0,0.0,0.0
Rodolphe Cadart,1803.8603837444468,1839.0291638561828,1800.8758679952427,1800.8758679952427,2000.0,0.0,47.2,183.0,1,56,0.4,0.3333333333333333,0.3333333333333333,0.3333333333333333,2.9845157492040926,2.9845157492040926,2.9845157492040926,2.9845157492040926,2.8,3.3333333333333335,3.3333333333333335,3.6,3.6666666666666665,3.6666666666666665,0.6588738738738739,0.6504129129129129,0.6504129129129129,0.5916666666666666,0.5930555555555556,0.5930555555555556
Franco Agamenone,1426.449119670161,1426.449119670161,1510.8079356308954,1426.449119670161,136.0,398.0,32.2,191.0,0,1,0.0,0.0,0.0,0.0,-15.613500823500544,-15.613500823500544,-15.613500823500544,-15.613500823500544,2.0,2.0,2.0,2.0,2.0,2.0,0.5694444444444444,0.5694444444444444,0.5694444444444444,0.125,0.125,0.125
Lamine Ouahab,1542.532060341626,1415.1531357372899,1549.9047963939192,1542.532060341626,664.0,29.0,40.1,185.0,0,38,0.4,0.44,0.5,0.5,-47.576544273611944,138.67935538136612,142.532060341626,142.532060341626,1.2,0.6,0.21052631578947367,2.6,1.0,0.631578947368421,0.4176689976689977,0.37803112944560313,0.29825976958752437,0.3412698412698413,0.3177453102453103,0.24104389762284498
Marc Vilanova,1400.0,1400.0,1400.0,1400.0,2000.0,0.0,41.2,186.27336318231923,0,0,0.0,0.0,0.0,0.0,0.0,0.0,0.0,0.0,0.0,0.0,0.0,0.0,0.0,0.0,0.0,0.0,0.0,0.0,0.0,0.0
Sebastian Arcila,1402.776578185569,1402.776578185569,1402.776578185569,1402.776578185569,2000.0,0.0,26.5,185.67156964873536,0,2,0.5,0.5,0.5,0.5,2.776578185568951,2.776578185568951,2.776578185568951,2.776578185568951,0.5,0.5,0.5,3.0,3.0,3.0,0.6145018915510718,0.6145018915510718,0.6145018915510718,0.46969696969696967,0.46969696969696967,0.46969696969696967
Mehdi Ziadi,1341.6076502479325,1341.6076502479325,1345.542301455611,1400.0,757.0,21.0,38.5,185.67156964873536,0,8,0.0,0.0,0.0,0.0,-58.3923497520675,-58.3923497520675,-58.3923497520675,-58.3923497520675,2.8,2.125,2.125,1.8,1.375,1.375,0.35343915343915344,0.28997841826789195,0.28997841826789195,0.13333333333333333,0.15833333333333333,0.15833333333333333
Lorenzo Giustino,1399.2748065470187,1395.3348060081885,1411.664943894491,1399.2748065470187,223.0,259.0,33.6,180.0,0,7,0.2,0.14285714285714285,0.14285714285714285,0.14285714285714285,-0.7251934529813298,-0.7251934529813298,-0.7251934529813298,-0.7251934529813298,3.8,2.857142857142857,2.857142857142857,5.6,4.0,4.0,0.5915852416446223,0.5723173803955095,0.5723173803955095,0.4674285714285714,0.46040816326530615,0.46040816326530615
John Paul Fruttero,1566.017592260695,1566.017592260695,1566.017592260695,1566.017592260695,205.0,185.0,44.4,185.0,0,10,0.0,0.0,0.0,0.0,0.0,0.0,0.0,0.0,0.0,0.0,0.0,0.0,0.0,0.0,0.0,0.0,0.0,0.0,0.0,0.0
Hans Podlipnik Castillo,1420.1278651172681,1400.0,1422.9089359193263,1420.1278651172681,198.0,267.0,37.1,183.0,0,6,0.4,0.3333333333333333,0.3333333333333333,0.3333333333333333,20.12786511726813,20.12786511726813,20.12786511726813,20.12786511726813,-0.8,-0.5,-0.5,-0.2,0.5,0.5,0.09142857142857143,0.17676518883415435,0.17676518883415435,0.1,0.16666666666666666,0.16666666666666666
Chris Rodesch,1402.06198537305,1418.8138480252494,1406.3870153325033,1402.06198537305,507.0,77.0,24.1,198.0,0,4,0.5,0.5,0.5,0.5,2.0619853730499926,2.0619853730499926,2.0619853730499926,2.0619853730499926,3.25,3.25,3.25,0.75,0.75,0.75,0.32891207153502233,0.32891207153502233,0.32891207153502233,0.3068181818181818,0.3068181818181818,0.3068181818181818
Dusan Lajovic,1666.1973330099108,1503.6408619825722,1685.280589419149,1307.726326945805,86.0,685.0,35.3,183.0,0,462,0.2,0.48,0.48,0.47,-9.29220844281258,-14.204091516613289,9.414417638883606,66.28772090341135,1.2,2.0,2.54,1.0,1.25,1.12,0.523203007518797,0.6305660597436458,0.6612273467349468,0.5536541889483065,0.5690308100911816,0.5588662922904409
Miljan Zekic,1428.8061728840034,1428.8061728840034,1383.3686626096235,1428.8061728840034,316.0,152.0,37.0,185.0,0,2,0.5,0.5,0.5,0.5,28.806172884003445,28.806172884003445,28.806172884003445,28.806172884003445,5.0,5.0,5.0,0.5,0.5,0.5,0.6485042735042735,0.6485042735042735,0.6485042735042735,0.7166666666666667,0.7166666666666667,0.7166666666666667
Sergei Bubka,1628.6926243700368,1563.1473588287465,1400.8632121946866,1425.1151653596637,174.0,296.0,38.5,188.0,0,29,0.2,0.44,0.4827586206896552,0.4827586206896552,61.00217086804287,228.6926243700368,228.6926243700368,228.6926243700368,4.2,6.25,4.0,1.8,1.45,0.6896551724137931,0.5554545454545454,0.6314431316125845,0.43547802180178236,0.4133333333333334,0.3798214285714286,0.26194581280788176
Nicolai Budkov Kjaer,1391.662040491391,1426.502365276793,1389.396962075408,1391.662040491391,737.0,34.0,19.0,188.0,0,3,0.3333333333333333,0.3333333333333333,0.3333333333333333,0.3333333333333333,-8.337959508608947,-8.337959508608947,-8.337959508608947,-8.337959508608947,2.0,2.0,2.0,0.0,0.0,0.0,0.30158730158730157,0.30158730158730157,0.30158730158730157,0.2857142857142857,0.2857142857142857,0.2857142857142857
Seanon Williams,1287.514857847655,1355.8893385831861,1351.6515131782128,1287.514857847655,2000.0,0.0,33.9,185.67156964873536,0,9,0.2,0.1111111111111111,0.1111111111111111,0.1111111111111111,-112.4851421523449,-112.4851421523449,-112.4851421523449,-112.4851421523449,-0.8,-0.8888888888888888,-0.8888888888888888,0.6,-0.1111111111111111,-0.1111111111111111,0.08181818181818182,0.045454545454545456,0.045454545454545456,0.0,0.0,0.0
Taras Demyanekno,1614.744562333436,1614.744562333436,1614.744562333436,1614.744562333436,1354.0,1.0,42.2,185.67156964873536,0,10,0.0,0.0,0.0,0.0,0.0,0.0,0.0,0.0,0.0,0.0,0.0,0.0,0.0,0.0,0.0,0.0,0.0,0.0,0.0,0.0
Francisco Yim Kim,1400.0,1400.0,1400.0,1400.0,2000.0,0.0,30.3,185.67156964873536,0,0,0.0,0.0,0.0,0.0,0.0,0.0,0.0,0.0,0.0,0.0,0.0,0.0,0.0,0.0,0.0,0.0,0.0,0.0,0.0,0.0
Miguel Angel Lopez Jaen,1563.8517723216182,1563.8517723216182,1563.8517723216182,1563.8517723216182,264.0,140.0,42.4,188.0,0,11,0.0,0.0,0.0,0.0,-2.165819939076755,-2.165819939076755,-2.165819939076755,-2.165819939076755,3.0,3.0,3.0,0.0,0.0,0.0,0.7777777777777778,0.7777777777777778,0.7777777777777778,0.625,0.625,0.625
Cyril Jacobe,1243.167761634404,1259.7175428543048,1400.0,1243.167761634404,2000.0,0.0,42.0,185.67156964873536,0,8,0.0,0.0,0.0,0.0,-156.8322383655959,-156.8322383655959,-156.8322383655959,-156.8322383655959,-1.0,-1.0,-1.0,-1.0,-1.0,-1.0,0.0,0.0,0.0,0.0,0.0,0.0
Antoine Hoang,1495.6165197881148,1422.4599740900921,1528.78783234337,1474.9018574259812,155.0,466.0,29.8,183.0,0,18,0.2,0.3333333333333333,0.3333333333333333,0.3333333333333333,47.57240031179708,47.57240031179708,47.57240031179708,47.57240031179708,3.6,3.2777777777777777,3.2777777777777777,5.4,5.166666666666667,5.166666666666667,0.6059637981987053,0.638204755851004,0.638204755851004,0.4880858272162619,0.5712478946174598,0.5712478946174598
Louk Sorensen,1516.24749502318,1429.394248513301,1432.30278748943,1516.24749502318,236.0,206.0,40.4,175.0,0,10,0.4,0.5,0.5,0.5,116.24749502317991,116.24749502317991,116.24749502317991,116.24749502317991,7.0,3.0,3.0,2.0,0.5,0.5,0.7305621520364995,0.3652810760182498,0.3652810760182498,0.4710822510822511,0.23554112554112555,0.23554112554112555
Siu Fai Kelvin Lam,1400.0,1400.0,1400.0,1400.0,2000.0,0.0,31.1,186.27336318231923,0,0,0.0,0.0,0.0,0.0,0.0,0.0,0.0,0.0,0.0,0.0,0.0,0.0,0.0,0.0,0.0,0.0,0.0,0.0,0.0,0.0
Daniel Koellerer,1616.6673630218938,1446.4274130404788,1636.5920860991816,1361.945356737645,109.0,450.0,41.8,180.0,0,54,0.2,0.32,0.34,0.35185185185185186,-66.39177111850063,-2.7638394910443367,136.37389868565333,216.66736302189383,1.0,1.25,1.62,2.2,1.55,1.78,0.583059163059163,0.5607980098940367,0.6117489791291558,0.48717171717171726,0.429210062813004,0.4882269054474937
Yuri Schukin,1702.601869634941,1601.8306110421527,1811.6301612579043,1702.601869634941,127.0,448.0,45.6,188.0,0,85,0.6,0.44,0.4,0.4,-5.660207900226169,-12.426804461666052,-22.77912149154622,-22.77912149154622,2.0,1.9,2.1714285714285713,3.0,2.1,2.2,0.681431295323831,0.5178951775935473,0.5793910482864821,0.5609523809523809,0.4582070707070707,0.46423124494553064
Jose Antonio Sanchez De Luna,1396.8893437452418,1396.8893437452418,1396.8893437452418,1396.8893437452418,304.0,117.0,40.5,185.67156964873536,0,2,0.0,0.0,0.0,0.0,-3.110656254758169,-3.110656254758169,-3.110656254758169,-3.110656254758169,0.5,0.5,0.5,1.0,1.0,1.0,0.5014005602240896,0.5014005602240896,0.5014005602240896,0.45833333333333337,0.45833333333333337,0.45833333333333337
Raoul Behr,1307.2604793194419,1347.9357755715425,1367.0631346923087,1307.2604793194419,2000.0,0.0,48.7,185.67156964873536,0,6,0.0,0.0,0.0,0.0,-92.73952068055814,-92.73952068055814,-92.73952068055814,-92.73952068055814,-1.0,-1.0,-1.0,-1.0,-1.0,-1.0,0.0,0.0,0.0,0.0,0.0,0.0
Grant Stafford,1696.9919171125402,1696.9919171125402,1696.9919171125402,1696.9919171125402,472.0,46.0,53.6,188.0,0,50,0.0,0.0,0.0,0.0,0.0,0.0,0.0,0.0,0.0,0.0,0.0,0.0,0.0,0.0,0.0,0.0,0.0,0.0,0.0,0.0
Konstantinos Mikos,1400.0,1400.0,1400.0,1400.0,1293.0,3.0,33.4,185.67156964873536,0,0,0.0,0.0,0.0,0.0,0.0,0.0,0.0,0.0,0.0,0.0,0.0,0.0,0.0,0.0,0.0,0.0,0.0,0.0,0.0,0.0
Kalle Flygt,1765.820065868629,1744.3673601224605,1710.5668692960485,1765.820065868629,333.0,87.0,49.0,185.67156964873536,0,53,0.6666666666666666,0.6666666666666666,0.6666666666666666,0.6666666666666666,55.253196572580464,55.253196572580464,55.253196572580464,55.253196572580464,3.0,3.0,3.0,3.6666666666666665,3.6666666666666665,3.6666666666666665,0.64677040739058,0.64677040739058,0.64677040739058,0.43939393939393945,0.43939393939393945,0.43939393939393945
Mariusz Fyrstenberg,1427.0950878878175,1400.1478826341515,1412.166318983855,1427.0950878878175,2000.0,0.0,44.5,193.0,1,13,0.6,0.38461538461538464,0.38461538461538464,0.38461538461538464,27.0950878878175,27.0950878878175,27.0950878878175,27.0950878878175,-1.0,0.0,0.0,-1.0,0.23076923076923078,0.23076923076923078,0.0,0.13897768897768897,0.13897768897768897,0.0,0.0782967032967033,0.0782967032967033
Kornel Bardoczky,1577.1500623708578,1616.1731299323267,1587.3932673363472,1577.1500623708578,538.0,50.0,46.6,185.67156964873536,0,30,0.4,0.5,0.5,0.5,-61.824690543041925,-74.44541836194912,-74.44541836194912,-74.44541836194912,-1.0,-1.0,-1.0,-1.0,-1.0,-1.0,0.0,0.0,0.0,0.0,0.0,0.0
Oscar Otte,1504.138445069741,1409.239408538015,1454.094316747168,1555.7072541570124,474.0,92.0,31.9,193.0,0,85,0.2,0.24,0.36,0.4,-141.34193141177684,-274.36231898766755,-180.35602929354013,62.07582457607941,10.4,8.6,8.24,8.2,4.55,3.94,0.7605280315378493,0.7270940204244968,0.6829718655589265,0.48954887218045107,0.5237883169462116,0.5466918871462214
Jannik Sinner,2400.26496127164,2138.2852327897585,1640.9913514134073,1426.0620887520154,1.0,11830.0,24.2,191.0,0,352,1.0,0.96,0.9,0.9,41.38368073446463,30.81022660521694,92.23894927971924,264.56500672150514,7.6,7.8,8.46,0.4,1.2,1.9,0.7963463232818071,0.7973986736514547,0.7671995772275758,0.7,0.6848809523809524,0.6344559884559885
Tasuku Iwami,1644.6918945049092,1644.6918945049092,1644.6918945049092,1644.6918945049092,557.0,41.0,47.2,168.0,1,13,0.3333333333333333,0.3333333333333333,0.3333333333333333,0.3333333333333333,-4.41087078306532,-4.41087078306532,-4.41087078306532,-4.41087078306532,3.6666666666666665,3.6666666666666665,3.6666666666666665,1.6666666666666667,1.6666666666666667,1.6666666666666667,0.6688770999115826,0.6688770999115826,0.6688770999115826,0.5555555555555556,0.5555555555555556,0.5555555555555556
Bruno Echagaray,1400.4467142884666,1445.2522564100643,1393.3413410680525,1400.4467142884666,356.0,187.0,41.8,183.0,0,11,0.0,0.18181818181818182,0.18181818181818182,0.18181818181818182,0.4467142884666373,0.4467142884666373,0.4467142884666373,0.4467142884666373,1.0,-0.09090909090909091,-0.09090909090909091,1.4,0.09090909090909091,0.09090909090909091,0.439516632016632,0.19978028728028727,0.19978028728028727,0.33293040293040294,0.15133200133200134,0.15133200133200134
Erik Arutiunian,1400.0,1400.0,1400.0,1400.0,2000.0,0.0,20.9,191.0,0,0,0.0,0.0,0.0,0.0,0.0,0.0,0.0,0.0,0.0,0.0,0.0,0.0,0.0,0.0,0.0,0.0,0.0,0.0,0.0,0.0
Vladimir Pavicevic,1484.5270796809632,1400.0,1400.0,1484.5270796809632,412.0,66.0,48.3,185.67156964873536,0,2,1.0,1.0,1.0,1.0,84.5270796809632,84.5270796809632,84.5270796809632,84.5270796809632,-1.0,-1.0,-1.0,-1.0,-1.0,-1.0,0.0,0.0,0.0,0.0,0.0,0.0
Hicham Arazi,1869.9729782300476,2015.7019146929426,1862.8048976367897,2027.9289616323636,138.0,321.0,51.4,175.0,1,533,0.2,0.36,0.48,0.45,-74.1071773875442,-114.22096717342697,-73.14691572582387,-146.35460032850574,3.0,3.8,3.42,1.6,1.8,1.46,0.6105924734212953,0.6244332991758886,0.6353773206005872,0.5615873015873015,0.5077960927960927,0.5052869075369075
Georgio Bedran,1400.0,1400.0,1400.0,1400.0,2000.0,0.0,36.2,185.67156964873536,0,0,0.0,0.0,0.0,0.0,0.0,0.0,0.0,0.0,0.0,0.0,0.0,0.0,0.0,0.0,0.0,0.0,0.0,0.0,0.0,0.0
Igor Chaldounov,1400.0,1400.0,1400.0,1400.0,2000.0,0.0,50.2,185.67156964873536,0,0,0.0,0.0,0.0,0.0,0.0,0.0,0.0,0.0,0.0,0.0,0.0,0.0,0.0,0.0,0.0,0.0,0.0,0.0,0.0,0.0
Shahab Hassani Nafez,1483.4258897859372,1425.0,1478.8416166844338,1483.4258897859372,2000.0,0.0,47.3,185.67156964873536,0,6,0.8,0.8333333333333334,0.8333333333333334,0.8333333333333334,83.42588978593722,83.42588978593722,83.42588978593722,83.42588978593722,-1.0,-1.0,-1.0,-1.0,-1.0,-1.0,0.0,0.0,0.0,0.0,0.0,0.0
Soren Wedege,1426.136818004196,1426.136818004196,1400.0,1426.136818004196,2000.0,0.0,35.4,185.67156964873536,0,1,1.0,1.0,1.0,1.0,26.136818004195902,26.136818004195902,26.136818004195902,26.136818004195902,-1.0,-1.0,-1.0,-1.0,-1.0,-1.0,0.0,0.0,0.0,0.0,0.0,0.0
Prima Simpatiaji,1434.5572910997253,1434.5572910997253,1434.5572910997253,1434.5572910997253,2000.0,0.0,43.3,186.27336318231923,0,19,0.2,0.42105263157894735,0.42105263157894735,0.42105263157894735,34.55729109972526,34.55729109972526,34.55729109972526,34.55729109972526,-1.0,-1.0,-1.0,-1.0,-1.0,-1.0,0.0,0.0,0.0,0.0,0.0,0.0
Tomas Zib,1658.471671457632,1818.5849841134059,1775.073022072713,1882.4123578933024,292.0,124.0,49.5,178.0,0,180,0.4,0.36,0.28,0.32,15.89870468320919,-70.25684382131067,-86.69076000025507,-66.87118843934309,3.6,3.85,3.4,1.0,2.2,1.82,0.7403778640059128,0.6813119420403603,0.6119231304055002,0.5480952380952381,0.5036954711954713,0.45440675990675994
Carsten Ball,1601.0622416368988,1561.637640993602,1528.8378245080805,1380.8905859656527,158.0,344.0,37.5,198.0,1,25,0.2,0.44,0.44,0.44,24.747236739600112,183.30959641600293,183.30959641600293,183.30959641600293,7.4,8.55,8.32,3.0,3.3,3.44,0.4289364548494984,0.5950315143603035,0.5883622544135211,0.37857142857142856,0.5056989538239538,0.48406965256965256
Anoosha Shahgholi,1316.2313293307034,1298.4326814968158,1434.398988566472,1316.2313293307034,1865.0,1.0,43.2,185.67156964873536,0,16,0.2,0.375,0.375,0.375,-83.76867066929663,-83.76867066929663,-83.76867066929663,-83.76867066929663,-1.0,-1.0,-1.0,-1.0,-1.0,-1.0,0.0,0.0,0.0,0.0,0.0,0.0
Laurynas Grigelis,1407.3878089323287,1322.5324679130715,1406.0221338176182,1400.0,1016.0,11.0,33.5,183.0,0,31,0.4,0.44,0.41935483870967744,0.41935483870967744,18.594286871722943,7.387808932328653,7.387808932328653,7.387808932328653,2.4,5.8,3.4193548387096775,2.2,2.25,1.2580645161290323,0.4269262295081967,0.5485531239045021,0.3736763130289191,0.3666666666666667,0.5043236714975846,0.3414991429016675
Tunde Segodo,1400.0,1400.0,1400.0,1400.0,2000.0,0.0,30.1,185.67156964873536,0,0,0.0,0.0,0.0,0.0,0.0,0.0,0.0,0.0,0.0,0.0,0.0,0.0,0.0,0.0,0.0,0.0,0.0,0.0,0.0,0.0
Jan Siemerink,1882.2953475998356,1915.2276836430647,1872.6898565840322,1874.0310618573778,254.0,133.0,55.2,183.0,1,205,0.4,0.4,0.42,0.41818181818181815,-63.36246404924782,52.89598992861738,-26.440992849077247,-34.35985075511371,12.8,8.5,6.32,9.2,6.0,5.5,0.6107875059019909,0.7311374024035623,0.6897368324553779,0.5656476856476856,0.5915111277611278,0.5326361693861694
Piero Luisi,1441.0408005027543,1425.140471931158,1450.656211646974,1441.0408005027543,1056.0,7.0,38.0,185.67156964873536,0,11,0.6,0.6363636363636364,0.6363636363636364,0.6363636363636364,41.04080050275434,41.04080050275434,41.04080050275434,41.04080050275434,-1.0,-1.0,-1.0,-1.0,-1.0,-1.0,0.0,0.0,0.0,0.0,0.0,0.0
Zsombor Piros,1563.3515451219168,1513.4748411320793,1433.8231179614622,1563.3515451219168,222.0,261.0,25.9,180.0,0,16,0.6,0.5625,0.5625,0.5625,163.35154512191684,163.35154512191684,163.35154512191684,163.35154512191684,2.8,3.5,3.5,0.2,1.0625,1.0625,0.4930466989290519,0.4660696194718887,0.4660696194718887,0.5533333333333333,0.43234126984126986,0.43234126984126986
Irakli Labadze,1794.5779309503748,1733.4047921314607,1810.6730853985675,1775.587394097109,523.0,96.0,43.7,188.0,1,182,0.6,0.56,0.42,0.4,13.066322694666042,-35.43576723396518,-110.59923704636162,-53.59182698333325,-1.0,2.6,3.12,-1.0,1.35,4.42,0.0,0.3122755521615404,0.5027564834680512,0.0,0.2516991341991342,0.41540253700547813
Juho Paukku,1322.4103624446245,1331.854565072618,1379.8651650410377,1322.4103624446245,1455.0,3.0,38.6,185.67156964873536,1,11,0.0,0.09090909090909091,0.09090909090909091,0.09090909090909091,-77.58963755537548,-77.58963755537548,-77.58963755537548,-77.58963755537548,-1.0,-1.0,-1.0,-1.0,-1.0,-1.0,0.0,0.0,0.0,0.0,0.0,0.0
Gael Monfils,1856.6450739345883,1804.556228804302,1340.4195141883617,1340.601276546482,52.0,1010.0,39.1,193.0,0,908,0.8,0.52,0.54,0.57,49.796091214863964,60.941001852020236,-32.4549086246077,-11.45442337300824,8.6,10.45,8.86,2.6,4.75,4.16,0.7286235859467677,0.754647191048831,0.7388884599778595,0.5955128205128206,0.5937050449550451,0.5714895937395937
Ilya Belyaev,1400.0,1400.0,1400.0,1400.0,334.0,127.0,35.1,180.0,0,0,0.0,0.0,0.0,0.0,0.0,0.0,0.0,0.0,0.0,0.0,0.0,0.0,0.0,0.0,0.0,0.0,0.0,0.0,0.0,0.0
Pablo Galdon,1400.0,1400.0,1400.0,1400.0,305.0,153.0,39.2,185.67156964873536,0,0,0.0,0.0,0.0,0.0,0.0,0.0,0.0,0.0,0.0,0.0,0.0,0.0,0.0,0.0,0.0,0.0,0.0,0.0,0.0,0.0
Matej Dodig,1417.974066054295,1400.0,1400.0,1417.974066054295,291.0,182.0,20.1,188.0,0,2,0.5,0.5,0.5,0.5,17.974066054295008,17.974066054295008,17.974066054295008,17.974066054295008,3.0,3.0,3.0,5.0,5.0,5.0,0.7061594202898551,0.7061594202898551,0.7061594202898551,0.8444444444444444,0.8444444444444444,0.8444444444444444
Jaime Faria,1353.1626165285072,1377.4173764804073,1375.0,1353.1626165285072,157.0,376.0,22.0,188.0,0,2,0.0,0.0,0.0,0.0,-46.837383471492785,-46.837383471492785,-46.837383471492785,-46.837383471492785,6.5,6.5,6.5,3.0,3.0,3.0,0.6658067542213884,0.6658067542213884,0.6658067542213884,0.5892857142857143,0.5892857142857143,0.5892857142857143
Rasmus Norby,1380.6015115859373,1383.3802491566548,1400.0,1380.6015115859373,651.0,29.0,42.5,183.0,0,3,0.0,0.0,0.0,0.0,-19.39848841406274,-19.39848841406274,-19.39848841406274,-19.39848841406274,0.6666666666666666,0.6666666666666666,0.6666666666666666,1.6666666666666667,1.6666666666666667,1.6666666666666667,0.2280701754385965,0.2280701754385965,0.2280701754385965,0.19999999999999998,0.19999999999999998,0.19999999999999998
Chris Eaton,1438.851204823448,1393.167539710314,1438.851204823448,1400.0,383.0,166.0,37.2,188.0,0,2,0.5,0.5,0.5,0.5,38.851204823447915,38.851204823447915,38.851204823447915,38.851204823447915,19.0,19.0,19.0,5.5,5.5,5.5,0.8373531230674087,0.8373531230674087,0.8373531230674087,0.75,0.75,0.75
Nick Kyrgios,2109.8253301121376,1796.1882011887453,1519.2581176693664,1629.448775213013,25.0,1375.0,30.1,193.0,0,327,0.6,0.8,0.78,0.67,40.537719523296346,98.96472713944286,190.5340242723555,90.86837904163326,16.4,15.2,14.08,2.4,3.8,3.04,0.6487047584278995,0.7528923896868303,0.7173445179969348,0.5583333333333333,0.6623214285714286,0.5610579975579976
Sulaiman Al Rawahi,1368.177743024169,1368.177743024169,1368.177743024169,1368.177743024169,2000.0,0.0,40.9,185.67156964873536,0,1,0.0,0.0,0.0,0.0,-31.822256975830896,-31.822256975830896,-31.822256975830896,-31.822256975830896,-1.0,-1.0,-1.0,-1.0,-1.0,-1.0,0.0,0.0,0.0,0.0,0.0,0.0
Philip Riise Hansen,1400.0,1400.0,1400.0,1400.0,2000.0,0.0,42.8,185.67156964873536,0,0,0.0,0.0,0.0,0.0,0.0,0.0,0.0,0.0,0.0,0.0,0.0,0.0,0.0,0.0,0.0,0.0,0.0,0.0,0.0,0.0
Carl Soderlund,1425.0,1425.0,1425.0,1425.0,479.0,79.0,28.1,188.0,0,1,1.0,1.0,1.0,1.0,25.0,25.0,25.0,25.0,2.0,2.0,2.0,4.0,4.0,4.0,0.6666666666666666,0.6666666666666666,0.6666666666666666,0.4444444444444444,0.4444444444444444,0.4444444444444444
Juan Manuel Elizondo,1429.2152206371106,1400.0,1400.0,1429.2152206371106,787.0,17.0,42.1,180.0,0,1,1.0,1.0,1.0,1.0,29.215220637110633,29.215220637110633,29.215220637110633,29.215220637110633,-1.0,-1.0,-1.0,-1.0,-1.0,-1.0,0.0,0.0,0.0,0.0,0.0,0.0
Phillip Harboe,1400.0,1400.0,1400.0,1400.0,610.0,30.0,42.5,185.67156964873536,0,0,0.0,0.0,0.0,0.0,0.0,0.0,0.0,0.0,0.0,0.0,0.0,0.0,0.0,0.0,0.0,0.0,0.0,0.0,0.0,0.0
John Van Lottum,1676.4818418050036,1810.5211391974792,1899.255227458528,1926.7486181825207,493.0,48.0,48.8,185.0,0,220,0.2,0.24,0.34,0.2857142857142857,-108.56977435267027,-139.06845388033753,-91.40829029581096,-271.86343097381996,2.8,3.25,3.62,3.6,2.65,3.44,0.6635438939591481,0.6506422125116578,0.673273581553168,0.44632034632034634,0.5270743145743146,0.5421053668553668
Wolfgang Schranz,1751.1769467143438,1751.1769467143438,1751.1769467143438,1751.1769467143438,318.0,92.0,49.3,178.0,0,51,1.0,1.0,1.0,1.0,24.768709704765342,24.768709704765342,24.768709704765342,24.768709704765342,2.0,2.0,2.0,8.0,8.0,8.0,0.6923076923076923,0.6923076923076923,0.6923076923076923,0.3333333333333333,0.3333333333333333,0.3333333333333333
Elliot Benchetrit,1393.836040745396,1372.5360621573288,1396.6792721151385,1393.836040745396,670.0,44.0,26.9,193.0,0,10,0.2,0.2,0.2,0.2,-6.163959254603924,-6.163959254603924,-6.163959254603924,-6.163959254603924,2.8,3.9,3.9,3.4,2.9,2.9,0.672286336756925,0.6480083634510703,0.6480083634510703,0.3662337662337662,0.4444859307359307,0.4444859307359307
Facundo Mena,1446.3069158120493,1446.3069158120493,1446.3069158120493,1446.3069158120493,151.0,362.0,32.9,183.0,0,0,0.0,0.0,0.0,0.0,0.0,0.0,0.0,0.0,0.0,0.0,0.0,0.0,0.0,0.0,0.0,0.0,0.0,0.0,0.0,0.0
Oscar Burrieza,1795.6559933983378,1795.6559933983378,1787.3483116589025,1819.6553508150296,365.0,75.0,49.9,170.0,0,54,0.25,0.25,0.25,0.25,4.739587365981151,4.739587365981151,4.739587365981151,4.739587365981151,0.5,0.5,0.5,1.0,1.0,1.0,0.731547935495304,0.731547935495304,0.731547935495304,0.5321428571428571,0.5321428571428571,0.5321428571428571
Kevin Anderson,1778.3257258832598,1478.736530987386,1549.3921470355158,1587.5866869726217,652.0,45.0,39.2,203.0,0,613,0.4,0.44,0.46,0.57,-195.5016670680161,-257.33183165702917,-297.3321996234065,-327.6869513193044,10.8,14.8,14.72,2.6,3.1,3.08,0.7803441158677626,0.7885980248444138,0.7912594551816753,0.5584615384615383,0.6293376068376069,0.6004365079365079
Fernando Vicente,1534.6201500313712,1934.4282271975164,1781.7849482019885,1928.8762997024871,268.0,245.0,48.2,180.0,0,550,0.0,0.2,0.28,0.32,-184.06423269389484,-236.06412132602122,-258.5847724693285,-394.74537114021155,1.4,2.85,2.88,1.2,1.5,1.74,0.5867905933151476,0.6130281251949081,0.6323240364193112,0.5390476190476191,0.5314989177489178,0.5569435588566023
Nik Razborsek,1405.2072855825297,1367.199495235253,1405.2072855825297,1400.0,700.0,26.0,31.4,173.0,1,3,0.3333333333333333,0.3333333333333333,0.3333333333333333,0.3333333333333333,5.207285582529721,5.207285582529721,5.207285582529721,5.207285582529721,-1.0,-1.0,-1.0,-1.0,-1.0,-1.0,0.0,0.0,0.0,0.0,0.0,0.0
Filippo Baldi,1381.3015495326983,1381.3015495326983,1381.3015495326983,1381.3015495326983,149.0,370.0,29.5,183.0,0,2,0.0,0.0,0.0,0.0,-18.698450467301654,-18.698450467301654,-18.698450467301654,-18.698450467301654,5.0,5.0,5.0,3.0,3.0,3.0,0.6055124892334195,0.6055124892334195,0.6055124892334195,0.6833333333333333,0.6833333333333333,0.6833333333333333
Nicolas Jarry,1715.250718822209,1358.8947747153366,1784.0500890471885,1417.715763265698,37.0,1365.0,30.0,201.0,0,227,0.4,0.36,0.48,0.57,-89.18414454208119,-151.46169952984383,-155.40409704331068,118.2254828730729,8.4,9.55,9.04,3.0,2.75,2.18,0.7438231573351366,0.7388147266834448,0.7617132576995022,0.6,0.680037433326907,0.6079688527846423
Ivan Sergeyev,1512.686691429513,1512.686691429513,1512.686691429513,1512.686691429513,163.0,306.0,37.1,175.0,0,5,0.8,0.8,0.8,0.8,112.68669142951308,112.68669142951308,112.68669142951308,112.68669142951308,1.4,1.4,1.4,2.2,2.2,2.2,0.24936061381074168,0.24936061381074168,0.24936061381074168,0.23968253968253972,0.23968253968253972,0.23968253968253972
Jamie Baker,1452.1409947958907,1403.0761979667307,1378.2764665304983,1432.2643098467079,295.0,152.0,38.8,183.0,0,26,0.2,0.28,0.2692307692307692,0.2692307692307692,76.67922222638367,52.14099479589072,52.14099479589072,52.14099479589072,4.6,2.7,2.6153846153846154,1.0,0.8,1.2307692307692308,0.6746646348525945,0.44193295659514564,0.46031923516895373,0.5222222222222223,0.3733852258852258,0.3947148502578367
Miomir Kecmanovic,1720.80563088815,1577.3364709701543,1528.604964771631,1440.0810736406218,53.0,1021.0,26.1,183.0,0,292,0.4,0.48,0.46,0.45,-23.258526470646075,42.18450188624638,16.34223951767035,-89.70295266498351,5.0,4.4,4.4,2.2,2.3,2.06,0.7382794784580498,0.6970412057258134,0.6919907866412902,0.575,0.4383814102564102,0.5141463813963815
Ibrahim Abou Chahine,1338.6215905753731,1355.910706627655,1400.0,1338.6215905753731,2000.0,0.0,34.5,185.67156964873536,0,3,0.0,0.0,0.0,0.0,-61.37840942462685,-61.37840942462685,-61.37840942462685,-61.37840942462685,-1.0,-1.0,-1.0,-1.0,-1.0,-1.0,0.0,0.0,0.0,0.0,0.0,0.0
Alexander Ward,1379.5590412772972,1379.5590412772972,1400.0,1381.8796642159093,869.0,17.0,35.1,185.0,0,3,0.0,0.0,0.0,0.0,-20.440958722702817,-20.440958722702817,-20.440958722702817,-20.440958722702817,4.666666666666667,4.666666666666667,4.666666666666667,2.6666666666666665,2.6666666666666665,2.6666666666666665,0.6635656883298392,0.6635656883298392,0.6635656883298392,0.6174242424242424,0.6174242424242424,0.6174242424242424
Antonio Van Grichen,1400.0,1400.0,1400.0,1400.0,2000.0,0.0,46.4,185.67156964873536,0,0,0.0,0.0,0.0,0.0,0.0,0.0,0.0,0.0,0.0,0.0,0.0,0.0,0.0,0.0,0.0,0.0,0.0,0.0,0.0,0.0
Justin Engel,1430.327700950142,1430.327700950142,1430.327700950142,1430.327700950142,458.0,91.0,18.0,185.67156964873536,0,1,1.0,1.0,1.0,1.0,30.32770095014189,30.32770095014189,30.32770095014189,30.32770095014189,5.0,5.0,5.0,2.0,2.0,2.0,0.7142857142857143,0.7142857142857143,0.7142857142857143,0.9,0.9,0.9
Henrik Andersson,1668.5237557356234,1668.5237557356234,1668.5237557356234,1668.5237557356234,388.0,68.0,48.1,185.67156964873536,0,10,0.0,0.0,0.0,0.0,0.0,0.0,0.0,0.0,0.0,0.0,0.0,0.0,0.0,0.0,0.0,0.0,0.0,0.0,0.0,0.0
Hicham Khaddari,1403.1114369387722,1403.1114369387722,1403.1114369387722,1403.1114369387722,513.0,66.0,33.6,185.67156964873536,0,4,0.5,0.5,0.5,0.5,3.111436938772158,3.111436938772158,3.111436938772158,3.111436938772158,-1.0,-1.0,-1.0,-1.0,-1.0,-1.0,0.0,0.0,0.0,0.0,0.0,0.0
Gunther Darkey,1545.2284438832685,1597.8470212820096,1574.9056324881726,1545.2284438832685,2000.0,0.0,49.0,185.67156964873536,0,15,0.4,0.4,0.4,0.4,-45.34901684124429,-45.34901684124429,-45.34901684124429,-45.34901684124429,-1.0,-1.0,-1.0,-1.0,-1.0,-1.0,0.0,0.0,0.0,0.0,0.0,0.0
Ugo Blanchet,1425.5427992840043,1400.8758679952427,1400.8758679952427,1425.5427992840043,161.0,370.0,26.5,175.0,0,2,0.5,0.5,0.5,0.5,24.66693128876159,24.66693128876159,24.66693128876159,24.66693128876159,6.5,6.5,6.5,6.0,6.0,6.0,0.7253384912959382,0.7253384912959382,0.7253384912959382,0.5357142857142857,0.5357142857142857,0.5357142857142857
James Greenhalgh,1400.0,1400.0,1400.0,1400.0,766.0,12.0,50.1,183.0,0,0,0.0,0.0,0.0,0.0,0.0,0.0,0.0,0.0,0.0,0.0,0.0,0.0,0.0,0.0,0.0,0.0,0.0,0.0,0.0,0.0
Hazem Naw,1421.5535148611614,1421.5535148611614,1421.5535148611614,1421.5535148611614,2000.0,0.0,25.1,183.0,0,1,1.0,1.0,1.0,1.0,21.553514861161375,21.553514861161375,21.553514861161375,21.553514861161375,-1.0,-1.0,-1.0,-1.0,-1.0,-1.0,0.0,0.0,0.0,0.0,0.0,0.0
Olivier Malcor,1804.7115637834027,1804.7115637834027,1804.7115637834027,1804.7115637834027,442.0,52.0,50.1,180.0,0,51,0.0,0.0,0.0,0.0,-21.63463587235242,-21.63463587235242,-21.63463587235242,-21.63463587235242,5.0,5.0,5.0,3.0,3.0,3.0,0.5294117647058824,0.5294117647058824,0.5294117647058824,0.4166666666666667,0.4166666666666667,0.4166666666666667
Lukas Lacko,1573.9401991807729,1522.0186549102568,1355.654808439246,1514.8706193241599,214.0,319.0,37.6,185.0,0,245,0.4,0.4,0.4,0.38,-31.812678203214546,-59.121524298308486,-22.229578738017835,-95.14503835593746,5.0,6.4,7.56,2.4,2.75,2.78,0.7137551389450862,0.7321879268470541,0.7386232738973828,0.6976190476190475,0.5315079365079366,0.48525184945773175
Pere Riba,1489.8630890783572,1303.5889580067137,1659.259983701684,1347.1899418574767,228.0,236.0,36.8,183.0,0,86,0.0,0.16,0.24,0.27906976744186046,-88.30695936867846,-74.79574660999333,-110.34113495506972,89.86308907835723,5.2,4.25,4.16,3.2,2.4,2.86,0.6364978706799549,0.6266814858268521,0.6371370765872912,0.5633333333333334,0.5367643467643467,0.5572497502497503
Jozef Kovalik,1538.4897859138775,1404.7363825763664,1582.2476147162452,1380.0078812212134,113.0,511.0,32.8,183.0,0,80,0.2,0.4,0.32,0.3375,38.78417911749216,-1.48350296292233,-74.97900420021779,138.48978591387754,4.8,2.95,3.34,3.4,2.55,3.0,0.650519744150014,0.6026303247554844,0.6495967602034627,0.6402020202020202,0.5620643939393939,0.5193160173160173
Kj Hippensteel,1622.2498723459046,1622.2498723459046,1622.2498723459046,1622.2498723459046,207.0,189.0,45.3,190.0,1,13,0.3333333333333333,0.3333333333333333,0.3333333333333333,0.3333333333333333,19.351528782184914,19.351528782184914,19.351528782184914,19.351528782184914,4.0,4.0,4.0,4.0,4.0,4.0,0.684750540013698,0.684750540013698,0.684750540013698,0.5814814814814815,0.5814814814814815,0.5814814814814815
Riccardo Bonadio,1449.34247730366,1449.34247730366,1449.34247730366,1449.34247730366,181.0,325.0,31.7,180.0,0,2,0.5,0.5,0.5,0.5,27.363893699182427,27.363893699182427,27.363893699182427,27.363893699182427,1.5,1.5,1.5,1.5,1.5,1.5,0.7005928853754941,0.7005928853754941,0.7005928853754941,0.375,0.375,0.375
Chris Woodruff,1883.3200241605668,1990.0218700279743,1915.264032046111,1947.0218273188354,156.0,248.0,52.1,188.0,0,221,0.4,0.36,0.38,0.4225352112676056,-66.03676427335199,-20.435391865825977,-83.46862684296548,-104.40892301005215,3.4,3.4,5.44,3.6,4.35,4.06,0.6833660689870699,0.6555127253170784,0.6787461747983218,0.6592946269416857,0.5774682343799991,0.5362560527707587
Kei Nishikori,1894.9454403404409,1636.5210333671225,1695.1814521948613,1407.711820304085,141.0,418.0,35.8,178.0,0,670,0.6,0.52,0.6,0.57,-110.81447016932248,-103.14546217273119,-81.7885100875908,-325.09987976664775,2.2,1.8,1.76,1.0,1.6,1.56,0.7181321763711604,0.6423124561133312,0.5656757009785284,0.6206349206349208,0.547281746031746,0.49234348821113527
Peter August Anker,1400.0,1400.0,1400.0,1400.0,2000.0,0.0,25.6,185.67156964873536,0,0,0.0,0.0,0.0,0.0,0.0,0.0,0.0,0.0,0.0,0.0,0.0,0.0,0.0,0.0,0.0,0.0,0.0,0.0,0.0,0.0
Henrique Rocha,1421.6139768917617,1424.6219713621904,1380.5008904077629,1421.6139768917617,159.0,374.0,21.4,180.0,0,5,0.4,0.4,0.4,0.4,21.613976891761695,21.613976891761695,21.613976891761695,21.613976891761695,2.8,2.8,2.8,3.4,3.4,3.4,0.6033372086313263,0.6033372086313263,0.6033372086313263,0.36007326007326,0.36007326007326,0.36007326007326
Matija Pecotic,1400.0,1440.4511439826317,1400.0,1400.0,784.0,24.0,35.6,185.0,1,0,0.0,0.0,0.0,0.0,0.0,0.0,0.0,0.0,0.0,0.0,0.0,0.0,0.0,0.0,0.0,0.0,0.0,0.0,0.0,0.0
Menelaos Efstathiou,1363.4922209806562,1387.8961139256662,1400.0,1363.4922209806562,1222.0,6.0,25.9,183.0,0,2,0.0,0.0,0.0,0.0,-36.50777901934384,-36.50777901934384,-36.50777901934384,-36.50777901934384,2.0,2.0,2.0,4.0,4.0,4.0,0.5898910411622276,0.5898910411622276,0.5898910411622276,0.3,0.3,0.3
Petru Alexandru Luncanu,1389.836755085338,1374.9881164780738,1400.0,1389.836755085338,443.0,82.0,35.9,185.0,1,2,0.0,0.0,0.0,0.0,-10.163244914662073,-10.163244914662073,-10.163244914662073,-10.163244914662073,0.0,0.0,0.0,4.0,4.0,4.0,0.5909926470588236,0.5909926470588236,0.5909926470588236,0.6515151515151515,0.6515151515151515,0.6515151515151515
Tomas Cakl,1619.7395219474595,1565.7055183545833,1642.608421206561,1619.7395219474595,283.0,135.0,43.7,178.0,0,21,0.2,0.2727272727272727,0.2727272727272727,0.2727272727272727,14.14917467102282,14.14917467102282,14.14917467102282,14.14917467102282,6.2,5.909090909090909,5.909090909090909,4.8,4.181818181818182,4.181818181818182,0.6515870965906798,0.6621270697350033,0.6621270697350033,0.5319047619047619,0.6217335694608422,0.6217335694608422
Damian Patriarca,1400.0,1400.0,1400.0,1400.0,284.0,128.0,42.0,185.67156964873536,0,0,0.0,0.0,0.0,0.0,0.0,0.0,0.0,0.0,0.0,0.0,0.0,0.0,0.0,0.0,0.0,0.0,0.0,0.0,0.0,0.0
Dinu Pescariu,1857.609622993789,1857.609622993789,1843.284889708647,1857.609622993789,669.0,20.0,51.4,185.0,0,53,0.6666666666666666,0.6666666666666666,0.6666666666666666,0.6666666666666666,27.508456111434953,27.508456111434953,27.508456111434953,27.508456111434953,0.3333333333333333,0.3333333333333333,0.3333333333333333,0.0,0.0,0.0,0.43303571428571425,0.43303571428571425,0.43303571428571425,0.3238095238095238,0.3238095238095238,0.3238095238095238
Dilshod Sharifi,1355.0431439785941,1375.0,1400.0,1355.0431439785941,2000.0,0.0,38.7,185.67156964873536,0,2,0.0,0.0,0.0,0.0,-44.95685602140588,-44.95685602140588,-44.95685602140588,-44.95685602140588,-1.0,-1.0,-1.0,-1.0,-1.0,-1.0,0.0,0.0,0.0,0.0,0.0,0.0
Hsin Han Lee,1358.3413010433087,1380.0270901689541,1358.3413010433087,1358.3413010433087,815.0,14.0,37.1,181.0,0,3,0.0,0.0,0.0,0.0,-41.658698956691296,-41.658698956691296,-41.658698956691296,-41.658698956691296,-1.0,-1.0,-1.0,-1.0,-1.0,-1.0,0.0,0.0,0.0,0.0,0.0,0.0
Jack Loutit,1400.0,1400.0,1400.0,1400.0,790.0,27.0,21.2,186.27336318231923,1,0,0.0,0.0,0.0,0.0,0.0,0.0,0.0,0.0,0.0,0.0,0.0,0.0,0.0,0.0,0.0,0.0,0.0,0.0,0.0,0.0
Alex Michelsen,1751.8233395203963,1678.7737120764193,1377.447857530456,1522.585930047276,41.0,1245.0,21.3,193.0,0,76,0.8,0.6,0.52,0.5131578947368421,83.1956538788993,179.98482270551335,138.5907510433458,351.8233395203963,8.2,5.3,4.3,2.8,2.35,2.32,0.7169120769874227,0.7034934145396677,0.693376701614695,0.6831746031746031,0.5703174603174603,0.5840166208060945
Sergi Bruguera,1869.1582148880902,1719.5186913898265,1904.2419890964436,1727.4436465217018,140.0,285.0,54.2,188.0,0,121,0.2,0.36,0.46,0.4647887323943662,-137.16736526235286,-78.73902164013361,-15.965011202606547,141.71456836638845,7.0,5.2,4.74,6.0,5.85,3.92,0.6621849426098779,0.7046611380182288,0.710502263906772,0.3935353535353535,0.424209320091673,0.49855274790568904
Kasidit Samrej,1381.74764536373,1404.094407250599,1381.74764536373,1381.74764536373,575.0,47.0,24.6,191.0,0,3,0.3333333333333333,0.3333333333333333,0.3333333333333333,0.3333333333333333,-18.252354636269956,-18.252354636269956,-18.252354636269956,-18.252354636269956,3.3333333333333335,3.3333333333333335,3.3333333333333335,4.666666666666667,4.666666666666667,4.666666666666667,0.47222222222222215,0.47222222222222215,0.47222222222222215,0.29437229437229434,0.29437229437229434,0.29437229437229434
Luca Preda,1400.0,1400.0,1400.0,1400.0,1099.0,8.0,18.8,185.67156964873536,0,0,0.0,0.0,0.0,0.0,0.0,0.0,0.0,0.0,0.0,0.0,0.0,0.0,0.0,0.0,0.0,0.0,0.0,0.0,0.0,0.0
Marc Andrea Huesler,1485.166508621387,1544.2331667516714,1399.6998777320953,1361.4534309527826,152.0,383.0,29.3,196.0,1,82,0.4,0.28,0.32,0.3902439024390244,-69.81161920798127,-151.53743380933292,-149.45878614579055,85.16650862138704,7.4,9.45,8.2,0.8,2.75,2.34,0.5915825844397273,0.683215225421365,0.6971435101399222,0.58,0.6167554341083752,0.5756624911036675
Christopher Rungkat,1566.3683017404785,1516.3327350184236,1400.0,1566.3683017404785,2000.0,0.0,35.1,175.0,0,30,1.0,0.64,0.6,0.6,162.45561279102208,166.3683017404785,166.3683017404785,166.3683017404785,1.6,-0.35,-0.5666666666666667,0.2,-0.7,-0.8,0.28794117647058826,0.07198529411764706,0.04799019607843137,0.17777777777777776,0.04444444444444444,0.029629629629629627
Lado Chikhladze,1405.325902496089,1377.379843986165,1396.860734436948,1405.325902496089,1012.0,17.0,39.7,186.27336318231923,0,15,0.4,0.3333333333333333,0.3333333333333333,0.3333333333333333,5.325902496088929,5.325902496088929,5.325902496088929,5.325902496088929,-1.0,-1.0,-1.0,-1.0,-1.0,-1.0,0.0,0.0,0.0,0.0,0.0,0.0
Paul Capdeville,1584.890168684995,1584.4062788114697,1584.974422130264,1550.3997200130202,151.0,370.0,42.4,190.0,0,136,0.4,0.28,0.3,0.36,-52.185113218097285,-43.434424576840684,-136.8835153190264,-206.4824903299177,2.4,2.15,2.6,0.2,1.6,2.12,0.299057344854674,0.3582642139148433,0.4624432318106531,0.275,0.31937437562437565,0.3449890942390942
Rolandas Murashka,1430.1554435774642,1400.0,1430.1554435774642,1430.1554435774642,2000.0,0.0,50.3,186.27336318231923,0,2,0.5,0.5,0.5,0.5,30.15544357746421,30.15544357746421,30.15544357746421,30.15544357746421,-1.0,-1.0,-1.0,-1.0,-1.0,-1.0,0.0,0.0,0.0,0.0,0.0,0.0
Sam Querrey,1605.62206606661,1375.4791126943123,1360.9244888857736,1685.8198968676202,287.0,172.0,37.8,198.0,0,717,0.2,0.32,0.34,0.47,-156.3682084214788,-184.2882114166248,-311.5364952253922,-210.9860511757638,12.8,12.6,14.6,4.2,4.4,4.36,0.7621989971886504,0.7883430309446435,0.7856214904806744,0.23333333333333348,0.40214285714285725,0.43168109668109667
Alex Molcan,1763.284847424926,1434.4811822730162,1709.1175102099216,1399.8173139525675,135.0,473.0,27.2,178.0,1,94,0.6,0.56,0.48,0.5319148936170213,-2.5676226248795047,28.527847641991457,-59.64692612805402,363.28484742492606,1.8,2.6,2.58,2.0,2.4,2.28,0.3915094339622641,0.5888112643385907,0.5795058079471038,0.3252380952380953,0.579745670995671,0.5262984466513878
Martin Emmrich,1400.0,1400.0,1400.0,1400.0,994.0,7.0,40.4,183.0,1,0,0.0,0.0,0.0,0.0,0.0,0.0,0.0,0.0,0.0,0.0,0.0,0.0,0.0,0.0,0.0,0.0,0.0,0.0,0.0,0.0
Alexandre Simoni,1723.2728765772638,1784.7980837813443,1784.555447229528,1762.31099165646,301.0,114.0,45.7,188.0,0,82,0.2,0.24,0.3125,0.3125,-76.57607273446706,-64.85352253170436,-64.85352253170436,-64.85352253170436,6.2,7.25,6.15625,6.8,4.15,4.125,0.6492548138521059,0.6442212439459549,0.6480991596338708,0.5366666666666667,0.5223318103465162,0.5470923021014933
Yannick Maden,1557.3389256942537,1496.9699274082798,1475.4146072465535,1391.6717806138502,131.0,404.0,35.2,185.0,0,25,0.4,0.36,0.36,0.36,109.89359197857857,157.3389256942537,157.3389256942537,157.3389256942537,3.2,2.25,2.2,0.8,1.2,1.6,0.652406500962732,0.6296492170051458,0.627173919058662,0.5613719613719613,0.5743603196320587,0.5519327001500914
Jason Engelhardt,1400.0,1400.0,1400.0,1400.0,2000.0,0.0,42.1,185.67156964873536,0,0,0.0,0.0,0.0,0.0,0.0,0.0,0.0,0.0,0.0,0.0,0.0,0.0,0.0,0.0,0.0,0.0,0.0,0.0,0.0,0.0
Andrei Soltoianu,1400.0,1400.0,1400.0,1400.0,2000.0,0.0,31.7,185.67156964873536,0,0,0.0,0.0,0.0,0.0,0.0,0.0,0.0,0.0,0.0,0.0,0.0,0.0,0.0,0.0,0.0,0.0,0.0,0.0,0.0,0.0
Bradley Klahn,1449.2387574897095,1493.3244833370652,1343.8645743579273,1434.4955300038484,797.0,26.0,34.9,183.0,1,55,0.2,0.24,0.24,0.23636363636363636,-66.87798227597705,32.5472331494866,27.45963390384668,49.23875748970954,9.4,8.7,8.24,5.0,4.5,4.56,0.6870704990589729,0.7100645738453617,0.7128533899342133,0.6327450980392156,0.5700315126050419,0.5184926627130761
Kenneth Carlsen,1737.7926584713157,1939.375770252418,1725.1708781654854,1913.5736031726854,304.0,117.0,52.4,190.0,1,351,0.4,0.44,0.42,0.45,-50.846164832318436,1.0139443717155245,-70.76748711050732,-71.6526860128713,3.6,6.6,6.32,-0.2,1.6,1.96,0.41487179487179493,0.643677656250652,0.6743212833246391,0.225,0.47384740259740254,0.5179422799422799
Christian Vinck,1732.7818279745131,1750.3728422430847,1773.6717928890496,1846.1059576875452,267.0,108.0,49.4,183.0,1,86,0.2,0.16,0.2777777777777778,0.2777777777777778,-93.06028012437446,-72.89540165833523,-58.69982122020906,-58.69982122020906,3.4,3.05,3.5833333333333335,1.8,2.8,3.4166666666666665,0.6204252897362095,0.6215462763757067,0.645377753089069,0.5147186147186147,0.5587973137973138,0.6010645037605822
Andrei Stoliarov,1824.7416268014879,1900.6556904934657,1816.253801622616,1835.3249429690525,361.0,78.0,48.7,178.0,0,138,0.2,0.32,0.36,0.38636363636363635,-81.83252722422458,-49.840002675610094,-47.574764067109754,-16.488477475742002,4.2,4.35,4.76,2.2,3.3,3.42,0.7165309200603318,0.6636333961705276,0.6596909173961872,0.5294117647058824,0.5117332830568124,0.5134790275084392
Stefano Napolitano,1463.632246716186,1422.6964275392447,1501.8643011531396,1422.6964275392447,125.0,497.0,30.2,196.0,0,9,0.4,0.3333333333333333,0.3333333333333333,0.3333333333333333,40.93581917694132,40.93581917694132,40.93581917694132,40.93581917694132,7.2,6.666666666666667,6.666666666666667,2.4,2.2222222222222223,2.2222222222222223,0.7044971886351197,0.6890794725294932,0.6890794725294932,0.6266666666666667,0.5333333333333333,0.5333333333333333
Ilia Kushev,1439.3279263808574,1439.3279263808574,1398.5949104616482,1439.3279263808574,520.0,48.0,44.5,185.67156964873536,0,6,0.4,0.3333333333333333,0.3333333333333333,0.3333333333333333,39.327926380857434,39.327926380857434,39.327926380857434,39.327926380857434,-1.0,-1.0,-1.0,-1.0,-1.0,-1.0,0.0,0.0,0.0,0.0,0.0,0.0
Vladimir Obradovic,1400.0,1400.0,1400.0,1400.0,775.0,13.0,44.2,196.0,0,0,0.0,0.0,0.0,0.0,0.0,0.0,0.0,0.0,0.0,0.0,0.0,0.0,0.0,0.0,0.0,0.0,0.0,0.0,0.0,0.0
Rene Busch,1443.781201215952,1443.781201215952,1443.781201215952,1443.781201215952,2000.0,0.0,53.7,185.67156964873536,0,1,1.0,1.0,1.0,1.0,43.781201215952024,43.781201215952024,43.781201215952024,43.781201215952024,-1.0,-1.0,-1.0,-1.0,-1.0,-1.0,0.0,0.0,0.0,0.0,0.0,0.0
Manuel Castellanos,1400.0,1400.0,1400.0,1400.0,2000.0,0.0,28.5,185.67156964873536,0,0,0.0,0.0,0.0,0.0,0.0,0.0,0.0,0.0,0.0,0.0,0.0,0.0,0.0,0.0,0.0,0.0,0.0,0.0,0.0,0.0
Andre Agassi,1980.4569418287379,2446.857576322844,2251.5413881225536,2349.956547405883,39.0,925.0,55.3,180.0,0,857,0.6,0.64,0.7,0.71,-163.4735111567411,-103.9385529162414,-142.3278590147611,-175.81964608457383,11.2,8.25,7.26,4.2,2.95,2.96,0.7746870820389242,0.7203930735735113,0.7459066744559439,0.6411764705882355,0.5850658736688149,0.6028966349554584
Dimitri Badra,1400.0,1400.0,1400.0,1400.0,2000.0,0.0,24.1,185.67156964873536,0,0,0.0,0.0,0.0,0.0,0.0,0.0,0.0,0.0,0.0,0.0,0.0,0.0,0.0,0.0,0.0,0.0,0.0,0.0,0.0,0.0
Juan Carlos Fuentes Vasquez,1425.0,1400.0,1400.0,1425.0,2000.0,0.0,19.9,185.67156964873536,0,1,1.0,1.0,1.0,1.0,25.0,25.0,25.0,25.0,1.0,1.0,1.0,1.0,1.0,1.0,0.7142857142857143,0.7142857142857143,0.7142857142857143,1.0,1.0,1.0
Julen Uriguen,1358.7873255894294,1400.320000096147,1383.2431165842004,1358.7873255894294,1076.0,5.0,33.9,186.27336318231923,0,4,0.25,0.25,0.25,0.25,-41.21267441057057,-41.21267441057057,-41.21267441057057,-41.21267441057057,-1.0,-1.0,-1.0,-1.0,-1.0,-1.0,0.0,0.0,0.0,0.0,0.0,0.0
Younes Lalami Laaroussi,1381.8387809007688,1381.8387809007688,1381.8387809007688,1381.8387809007688,1074.0,11.0,24.3,188.0,0,1,0.0,0.0,0.0,0.0,-18.161219099231175,-18.161219099231175,-18.161219099231175,-18.161219099231175,1.0,1.0,1.0,5.0,5.0,5.0,0.6071428571428571,0.6071428571428571,0.6071428571428571,0.2857142857142857,0.2857142857142857,0.2857142857142857
Victor Ionita,1435.9999899099118,1435.9999899099118,1435.9999899099118,1435.9999899099118,271.0,142.0,42.3,185.0,0,3,0.3333333333333333,0.3333333333333333,0.3333333333333333,0.3333333333333333,35.99998990991185,35.99998990991185,35.99998990991185,35.99998990991185,0.6666666666666666,0.6666666666666666,0.6666666666666666,1.6666666666666667,1.6666666666666667,1.6666666666666667,0.26936026936026936,0.26936026936026936,0.26936026936026936,0.27777777777777773,0.27777777777777773,0.27777777777777773
Sumit Nagal,1467.7079916213318,1439.8782427723397,1456.3883765450626,1400.0,83.0,697.0,28.2,178.0,0,47,0.0,0.32,0.2765957446808511,0.2765957446808511,-73.56195990745755,114.35510543640385,67.70799162133176,67.70799162133176,1.4,1.65,1.0638297872340425,1.8,1.75,1.9148936170212767,0.5567257906336669,0.6156913995332947,0.5090828940248381,0.41344877344877345,0.5829392537287273,0.45619789722533277
Bartlomiej Dabrowski,1696.9193418782077,1739.032467228541,1678.3286030865095,1696.9193418782077,614.0,27.0,52.6,185.67156964873536,0,62,0.6,0.4166666666666667,0.4166666666666667,0.4166666666666667,-42.11312535033335,-42.11312535033335,-42.11312535033335,-42.11312535033335,-0.6,-0.8333333333333334,-0.8333333333333334,0.0,-0.5833333333333334,-0.5833333333333334,0.23752860411899315,0.09897025171624714,0.09897025171624714,0.10666666666666666,0.044444444444444446,0.044444444444444446
Austin Krajicek,1555.5846796760582,1615.205351239085,1389.2863375049512,1385.5128957144855,274.0,187.0,35.0,188.0,1,35,0.2,0.36,0.34285714285714286,0.34285714285714286,52.306226220984854,160.5117143683167,155.58467967605816,155.58467967605816,7.6,8.65,8.114285714285714,6.4,4.05,3.8,0.7357404321614849,0.7169870450476752,0.7134314209838142,0.4355555555555556,0.5383333333333333,0.5070294784580499
Daniil Medvedev,2038.7600078763974,1945.0085008480098,1389.317508242481,1494.2764147800017,4.0,4830.0,29.7,198.0,0,534,0.6,0.6,0.66,0.7,-134.84941525300587,-119.91999147404727,-113.68354934735021,-147.3480303344429,8.0,6.85,6.44,6.0,5.35,4.36,0.7631638416469763,0.7360487950902841,0.7242389170283582,0.3816666666666667,0.6027867965367965,0.569536408036408
Victor Bruthans,1672.0996465931107,1672.0996465931107,1672.0996465931107,1672.0996465931107,318.0,100.0,45.2,185.67156964873536,0,10,0.0,0.0,0.0,0.0,0.0,0.0,0.0,0.0,0.0,0.0,0.0,0.0,0.0,0.0,0.0,0.0,0.0,0.0,0.0,0.0
Lleyton Cronje,1400.0,1400.0,1400.0,1400.0,2000.0,0.0,24.9,185.67156964873536,0,0,0.0,0.0,0.0,0.0,0.0,0.0,0.0,0.0,0.0,0.0,0.0,0.0,0.0,0.0,0.0,0.0,0.0,0.0,0.0,0.0
Vilius Gaubas,1365.7233033980006,1370.1838021832573,1400.0,1365.7233033980006,182.0,324.0,20.6,178.0,0,5,0.2,0.2,0.2,0.2,-34.27669660199945,-34.27669660199945,-34.27669660199945,-34.27669660199945,0.8,0.8,0.8,2.2,2.2,2.2,0.4194117647058824,0.4194117647058824,0.4194117647058824,0.395,0.395,0.395
Cesar Escobar Serrano,1400.0,1400.0,1400.0,1400.0,2000.0,0.0,33.7,185.67156964873536,0,0,0.0,0.0,0.0,0.0,0.0,0.0,0.0,0.0,0.0,0.0,0.0,0.0,0.0,0.0,0.0,0.0,0.0,0.0,0.0,0.0
Patrick Kaukovalta,1400.0,1400.0,1400.0,1400.0,782.0,28.0,26.9,193.0,0,0,0.0,0.0,0.0,0.0,0.0,0.0,0.0,0.0,0.0,0.0,0.0,0.0,0.0,0.0,0.0,0.0,0.0,0.0,0.0,0.0
Diego Acuna,1574.9444023343788,1574.9444023343788,1611.5736717800655,1574.9444023343788,891.0,9.0,43.8,185.67156964873536,0,11,0.0,0.0,0.0,0.0,-36.62926944568676,-36.62926944568676,-36.62926944568676,-36.62926944568676,-1.0,-1.0,-1.0,-1.0,-1.0,-1.0,0.0,0.0,0.0,0.0,0.0,0.0
Yassine Idmbarek,1442.3231783823567,1418.188866649917,1433.512661083557,1442.3231783823567,910.0,16.0,38.5,186.27336318231923,0,10,0.0,0.4,0.4,0.4,42.32317838235667,42.32317838235667,42.32317838235667,42.32317838235667,-0.6,-0.8,-0.8,2.0,0.5,0.5,0.1896761133603239,0.09483805668016194,0.09483805668016194,0.22564102564102564,0.11282051282051282,0.11282051282051282
Dimitar Grabuloski,1326.9997538533403,1389.712067501407,1372.6829205393929,1326.9997538533403,1340.0,2.0,43.6,186.27336318231923,0,7,0.2,0.14285714285714285,0.14285714285714285,0.14285714285714285,-73.00024614665972,-73.00024614665972,-73.00024614665972,-73.00024614665972,-1.0,-1.0,-1.0,-1.0,-1.0,-1.0,0.0,0.0,0.0,0.0,0.0,0.0
Alexandar Lazov,1328.5289502028015,1343.7815798844576,1400.0,1328.5289502028015,438.0,95.0,34.5,183.0,1,6,0.2,0.16666666666666666,0.16666666666666666,0.16666666666666666,-71.47104979719848,-71.47104979719848,-71.47104979719848,-71.47104979719848,-1.0,-1.0,-1.0,-1.0,-1.0,-1.0,0.0,0.0,0.0,0.0,0.0,0.0
Ismael Changawa Ruwa Mzai,1400.0,1400.0,1400.0,1400.0,2000.0,0.0,28.6,185.67156964873536,1,0,0.0,0.0,0.0,0.0,0.0,0.0,0.0,0.0,0.0,0.0,0.0,0.0,0.0,0.0,0.0,0.0,0.0,0.0,0.0,0.0
Yazan Al Kasim,1400.0,1400.0,1400.0,1400.0,2000.0,0.0,40.6,185.67156964873536,0,0,0.0,0.0,0.0,0.0,0.0,0.0,0.0,0.0,0.0,0.0,0.0,0.0,0.0,0.0,0.0,0.0,0.0,0.0,0.0,0.0
Dominik Hrbaty,1571.7796832638346,1979.6385884915414,1903.5907906303742,1890.3602131746823,154.0,324.0,47.0,183.0,0,792,0.6,0.36,0.32,0.43,-67.85601075375939,-139.90106397084082,-263.0596632718257,-275.05396059096324,1.6,1.55,2.44,1.2,2.5,3.66,0.4225657894736842,0.49937206936994005,0.5768752122829777,0.3333333333333333,0.3775158175158175,0.4017216886850754
Jonathan Chu,1447.677419487702,1469.3373515233734,1447.677419487702,1447.677419487702,2000.0,0.0,42.0,186.27336318231923,0,2,1.0,1.0,1.0,1.0,47.67741948770208,47.67741948770208,47.67741948770208,47.67741948770208,-1.0,-1.0,-1.0,-1.0,-1.0,-1.0,0.0,0.0,0.0,0.0,0.0,0.0
Philippe Grandjean,1349.5757896903629,1400.0,1400.0,1349.5757896903629,2000.0,0.0,41.0,185.67156964873536,0,2,0.0,0.0,0.0,0.0,-50.42421030963715,-50.42421030963715,-50.42421030963715,-50.42421030963715,-1.0,-1.0,-1.0,-1.0,-1.0,-1.0,0.0,0.0,0.0,0.0,0.0,0.0
Juan Borba,1349.3785948379984,1349.3785948379984,1349.3785948379984,1349.3785948379984,2000.0,0.0,29.4,185.67156964873536,0,4,0.25,0.25,0.25,0.25,-50.621405162001565,-50.621405162001565,-50.621405162001565,-50.621405162001565,-1.0,-1.0,-1.0,-1.0,-1.0,-1.0,0.0,0.0,0.0,0.0,0.0,0.0
Alvaro Guillen Meza,1423.527855040869,1423.527855040869,1423.527855040869,1423.527855040869,312.0,173.0,22.0,175.0,0,1,1.0,1.0,1.0,1.0,23.5278550408691,23.5278550408691,23.5278550408691,23.5278550408691,-1.0,-1.0,-1.0,-1.0,-1.0,-1.0,0.0,0.0,0.0,0.0,0.0,0.0
Marko Djokovic,1379.6838577660933,1396.3045222704282,1390.949923842348,1379.6838577660933,878.0,12.0,33.6,185.67156964873536,0,3,0.0,0.0,0.0,0.0,-20.316142233906703,-20.316142233906703,-20.316142233906703,-20.316142233906703,0.6666666666666666,0.6666666666666666,0.6666666666666666,4.333333333333333,4.333333333333333,4.333333333333333,0.5026528005838351,0.5026528005838351,0.5026528005838351,0.40079365079365076,0.40079365079365076,0.40079365079365076
Rogelio Siller,1400.0,1400.0,1400.0,1400.0,2000.0,0.0,29.7,186.27336318231923,0,0,0.0,0.0,0.0,0.0,0.0,0.0,0.0,0.0,0.0,0.0,0.0,0.0,0.0,0.0,0.0,0.0,0.0,0.0,0.0,0.0
Filip Urban,1415.9626551322265,1415.9626551322265,1415.9626551322265,1415.9626551322265,434.0,62.0,42.9,193.0,0,3,0.3333333333333333,0.3333333333333333,0.3333333333333333,0.3333333333333333,15.962655132226473,15.962655132226473,15.962655132226473,15.962655132226473,1.3333333333333333,1.3333333333333333,1.3333333333333333,1.6666666666666667,1.6666666666666667,1.6666666666666667,0.4514260249554367,0.4514260249554367,0.4514260249554367,0.2814814814814815,0.2814814814814815,0.2814814814814815
Matias Silva,1460.3334013708388,1400.0,1446.7260195722886,1460.3334013708388,653.0,28.0,40.8,185.67156964873536,0,8,0.6,0.625,0.625,0.625,60.33340137083883,60.33340137083883,60.33340137083883,60.33340137083883,-1.0,-1.0,-1.0,-1.0,-1.0,-1.0,0.0,0.0,0.0,0.0,0.0,0.0
Guido Pella,1620.0552469178722,1494.9225653591352,1601.2566439120992,1409.6113064903336,203.0,305.0,35.2,183.0,1,280,0.4,0.44,0.36,0.43,-31.468471910976177,-23.14842478638525,-110.65424257691711,-227.39514367703282,4.6,3.25,3.78,2.2,2.7,2.58,0.657011507011507,0.6588626181245625,0.6385991183013066,0.5883333333333333,0.6027016121133768,0.5675384093031152
Muhammad Shoaib,1361.775957098366,1400.0,1400.0,1406.5942482412602,2000.0,0.0,23.5,185.67156964873536,0,4,0.25,0.25,0.25,0.25,-38.22404290163399,-38.22404290163399,-38.22404290163399,-38.22404290163399,3.5,3.5,3.5,2.75,2.75,2.75,0.35813492063492064,0.35813492063492064,0.35813492063492064,0.3611111111111111,0.3611111111111111,0.3611111111111111
Brian Macphie,1775.7464543448823,1775.7464543448823,1775.7464543448823,1775.7464543448823,419.0,59.0,52.7,180.0,1,51,1.0,1.0,1.0,1.0,26.883659262036645,26.883659262036645,26.883659262036645,26.883659262036645,13.0,13.0,13.0,3.0,3.0,3.0,0.7291666666666666,0.7291666666666666,0.7291666666666666,0.8333333333333334,0.8333333333333334,0.8333333333333334
Alexander Donski,1390.2928185461133,1390.2928185461133,1390.2928185461133,1390.2928185461133,566.0,44.0,26.5,188.0,0,1,0.0,0.0,0.0,0.0,-9.707181453886733,-9.707181453886733,-9.707181453886733,-9.707181453886733,8.0,8.0,8.0,4.0,4.0,4.0,0.7878787878787878,0.7878787878787878,0.7878787878787878,0.5714285714285714,0.5714285714285714,0.5714285714285714
Renzo Furlan,1784.3908571055517,1804.3420178187012,1778.4175627835991,1784.3908571055517,164.0,222.0,55.1,175.0,0,68,0.2,0.3333333333333333,0.3333333333333333,0.3333333333333333,-9.95438746103946,-9.95438746103946,-9.95438746103946,-9.95438746103946,3.4,2.7777777777777777,2.7777777777777777,1.8,1.6666666666666667,1.6666666666666667,0.6673996675894209,0.6299548226914975,0.6299548226914975,0.379047619047619,0.47492538325871664,0.47492538325871664
Hyun Joon Kim,1410.1367730985644,1424.3422738627514,1400.0,1410.1367730985644,800.0,15.0,37.3,186.27336318231923,1,2,0.5,0.5,0.5,0.5,10.13677309856439,10.13677309856439,10.13677309856439,10.13677309856439,-1.0,-1.0,-1.0,-1.0,-1.0,-1.0,0.0,0.0,0.0,0.0,0.0,0.0
Nicolas Kiefer,1725.3262102149824,2170.4469618263347,1994.5511071606961,2201.1887312643075,178.0,262.0,47.9,183.0,0,937,0.4,0.44,0.48,0.53,-111.28607458706028,-143.73699804399985,-175.38617463107244,-185.24781639262278,13.4,7.85,7.7,5.8,3.75,3.4,0.7872902761005478,0.7584424104298406,0.7415383492179258,0.6636363636363638,0.6207106782106783,0.5810089033773245
Chun Hun Wong,1377.1536855235606,1377.1536855235606,1377.1536855235606,1377.1536855235606,978.0,11.0,29.4,170.0,0,1,0.0,0.0,0.0,0.0,-22.846314476439375,-22.846314476439375,-22.846314476439375,-22.846314476439375,4.0,4.0,4.0,3.0,3.0,3.0,0.6666666666666666,0.6666666666666666,0.6666666666666666,0.75,0.75,0.75
Ivo Lagzdins,1393.284001008522,1393.284001008522,1400.0,1393.284001008522,2000.0,0.0,44.8,185.67156964873536,0,1,0.0,0.0,0.0,0.0,-6.715998991478045,-6.715998991478045,-6.715998991478045,-6.715998991478045,-1.0,-1.0,-1.0,-1.0,-1.0,-1.0,0.0,0.0,0.0,0.0,0.0,0.0
Christophe Rochus,1442.2187694093238,1759.4919478162744,1840.4975687720578,1653.6987854706233,160.0,302.0,46.5,170.0,0,382,0.0,0.12,0.3,0.29,-149.18220671073755,-233.50094594984967,-189.58520765625758,-367.54140249118495,3.4,2.2,2.02,2.8,2.4,2.22,0.6409595417114213,0.5689371228882873,0.6063075613348324,0.5434188034188034,0.46676973353443946,0.4561220136073077
Joao Souza,1428.7221474440732,1358.1916523511784,1516.4044659134338,1404.5809995111715,131.0,449.0,36.7,193.0,0,75,0.2,0.24,0.28,0.3466666666666667,-190.79945067693916,-158.7545590380489,-197.61098834198037,24.14114793290173,7.8,4.85,4.18,3.2,2.05,1.9,0.7578968740154723,0.5884084686088604,0.632553161863997,0.5595238095238095,0.43101190476190476,0.43674603174603177
Oliver Freelove,1597.037309886352,1597.037309886352,1597.037309886352,1597.037309886352,620.0,23.0,48.7,185.67156964873536,0,10,0.0,0.0,0.0,0.0,0.0,0.0,0.0,0.0,0.0,0.0,0.0,0.0,0.0,0.0,0.0,0.0,0.0,0.0,0.0,0.0
Alexander Blockx,1379.3932759235445,1379.3932759235445,1379.3932759235445,1379.3932759235445,231.0,247.0,20.5,191.0,0,2,0.0,0.0,0.0,0.0,-20.60672407645552,-20.60672407645552,-20.60672407645552,-20.60672407645552,6.0,6.0,6.0,1.0,1.0,1.0,0.7538377192982456,0.7538377192982456,0.7538377192982456,0.7023809523809523,0.7023809523809523,0.7023809523809523
Ryan Sweeting,1792.2604410183897,1663.9515495047497,1493.9538789961528,1390.0783105871872,156.0,347.0,37.5,196.0,0,91,0.4,0.36,0.44,0.38461538461538464,102.12022154084298,23.55761085130962,170.799700181022,392.26044101838966,7.6,4.75,3.96,3.8,4.6,4.92,0.7655426958447686,0.7527288809872931,0.6999684713498041,0.8584615384615384,0.5881471306471306,0.5836657786657786
Dawid Olejniczak,1435.9110907173983,1432.8733231551855,1393.3369473459518,1400.0,202.0,190.0,42.3,185.67156964873536,0,7,0.2,0.42857142857142855,0.42857142857142855,0.42857142857142855,35.91109071739834,35.91109071739834,35.91109071739834,35.91109071739834,1.0,0.42857142857142855,0.42857142857142855,0.8,0.2857142857142857,0.2857142857142857,0.26554054054054055,0.18967181467181465,0.18967181467181465,0.17575757575757572,0.12554112554112554,0.12554112554112554
Ivan Cerovic,1400.0,1400.0,1400.0,1400.0,355.0,87.0,42.9,190.0,1,0,0.0,0.0,0.0,0.0,0.0,0.0,0.0,0.0,0.0,0.0,0.0,0.0,0.0,0.0,0.0,0.0,0.0,0.0,0.0,0.0
Patrick Boza,1400.0,1400.0,1400.0,1400.0,2000.0,0.0,46.9,185.67156964873536,0,0,0.0,0.0,0.0,0.0,0.0,0.0,0.0,0.0,0.0,0.0,0.0,0.0,0.0,0.0,0.0,0.0,0.0,0.0,0.0,0.0
Guillermo Garcia Lopez,1634.8049324163298,1420.099520702197,1659.0290691447794,1406.048906832137,165.0,326.0,42.2,188.0,0,652,0.2,0.32,0.42,0.36,-82.56165474290924,-68.7976385183506,-39.77492153152889,-238.01616142087914,5.0,4.35,3.54,4.0,3.2,4.06,0.6860095582483642,0.6944511855995326,0.7048572225683136,0.5913929208046855,0.5598079371608783,0.5516164521752757
Paris Gemouchidis,1320.452643130202,1320.452643130202,1320.452643130202,1320.452643130202,672.0,25.0,37.0,175.0,0,4,0.0,0.0,0.0,0.0,-79.54735686979802,-79.54735686979802,-79.54735686979802,-79.54735686979802,-1.0,-1.0,-1.0,-1.0,-1.0,-1.0,0.0,0.0,0.0,0.0,0.0,0.0
Tiago Sousa,1619.680552830964,1619.680552830964,1651.402031039404,1619.680552830964,964.0,5.0,46.4,185.67156964873536,0,12,0.0,0.0,0.0,0.0,-31.721478208439976,-31.721478208439976,-31.721478208439976,-31.721478208439976,-1.0,-1.0,-1.0,-1.0,-1.0,-1.0,0.0,0.0,0.0,0.0,0.0,0.0
Igor Levine,1400.0,1400.0,1400.0,1400.0,854.0,10.0,44.9,185.67156964873536,0,0,0.0,0.0,0.0,0.0,0.0,0.0,0.0,0.0,0.0,0.0,0.0,0.0,0.0,0.0,0.0,0.0,0.0,0.0,0.0,0.0
Oliver Anderson,1400.0,1400.0,1400.0,1400.0,813.0,25.0,26.6,175.0,0,0,0.0,0.0,0.0,0.0,0.0,0.0,0.0,0.0,0.0,0.0,0.0,0.0,0.0,0.0,0.0,0.0,0.0,0.0,0.0,0.0
Sasi Kumar Mukund,1340.297012308019,1363.7332969299596,1340.297012308019,1400.0,365.0,137.0,28.6,185.0,0,3,0.0,0.0,0.0,0.0,-59.70298769198098,-59.70298769198098,-59.70298769198098,-59.70298769198098,2.3333333333333335,2.3333333333333335,2.3333333333333335,1.6666666666666667,1.6666666666666667,1.6666666666666667,0.6136511456023651,0.6136511456023651,0.6136511456023651,0.47575757575757577,0.47575757575757577,0.47575757575757577
Muhd Ashaari Bin Zinal Abidin,1400.0,1400.0,1400.0,1400.0,2000.0,0.0,36.3,185.67156964873536,0,0,0.0,0.0,0.0,0.0,0.0,0.0,0.0,0.0,0.0,0.0,0.0,0.0,0.0,0.0,0.0,0.0,0.0,0.0,0.0,0.0
Dario Acosta,1400.0,1400.0,1400.0,1400.0,1447.0,4.0,37.4,185.67156964873536,0,0,0.0,0.0,0.0,0.0,0.0,0.0,0.0,0.0,0.0,0.0,0.0,0.0,0.0,0.0,0.0,0.0,0.0,0.0,0.0,0.0
Alejandro Falla,1671.8922089812734,1495.364967798887,1518.41178808359,1439.790769574822,310.0,161.0,41.2,185.0,1,281,0.2,0.32,0.36,0.38,-57.08676698178351,-123.70915540785927,-78.92749943868762,-149.2929307445179,2.2,3.0,3.36,-0.2,3.05,3.44,0.4305555555555555,0.6015757973384961,0.6252297928968596,0.2333333333333333,0.4677146464646465,0.4962853110941346
Viktor Durasovic,1357.3409263477768,1361.8008071192046,1404.9256276799222,1357.3409263477768,413.0,110.0,27.8,185.0,0,30,0.2,0.28,0.26666666666666666,0.26666666666666666,18.14551467361639,-42.65907365222324,-42.65907365222324,-42.65907365222324,0.4,3.05,2.933333333333333,-0.2,1.4,1.6,0.12444444444444444,0.4596500356487795,0.41901966655218303,0.16,0.34698051948051944,0.31406283531283535
Guillermo Olaso,1421.727868880193,1421.9785836044775,1459.8017882825673,1421.727868880193,309.0,137.0,37.0,175.0,0,4,0.25,0.25,0.25,0.25,-0.2507147242845349,-0.2507147242845349,-0.2507147242845349,-0.2507147242845349,2.5,2.5,2.5,3.0,3.0,3.0,0.6728055516112708,0.6728055516112708,0.6728055516112708,0.5178571428571429,0.5178571428571429,0.5178571428571429
Roger Smith,1400.0,1400.0,1400.0,1400.0,2000.0,0.0,61.4,185.0,0,0,0.0,0.0,0.0,0.0,0.0,0.0,0.0,0.0,0.0,0.0,0.0,0.0,0.0,0.0,0.0,0.0,0.0,0.0,0.0,0.0
Martin Antonio Vergara Del Puerto,1395.130769464976,1395.130769464976,1395.130769464976,1395.130769464976,2000.0,0.0,20.7,185.67156964873536,0,2,0.5,0.5,0.5,0.5,-4.869230535023917,-4.869230535023917,-4.869230535023917,-4.869230535023917,0.0,0.0,0.0,2.5,2.5,2.5,0.2549019607843137,0.2549019607843137,0.2549019607843137,0.26666666666666666,0.26666666666666666,0.26666666666666666
Blaise Bicknell,1377.6897500122132,1402.3738826844933,1400.293105884742,1377.6897500122132,319.0,169.0,23.1,191.0,0,5,0.4,0.4,0.4,0.4,-22.310249987786847,-22.310249987786847,-22.310249987786847,-22.310249987786847,-0.2,-0.2,-0.2,0.8,0.8,0.8,0.286687306501548,0.286687306501548,0.286687306501548,0.28923076923076924,0.28923076923076924,0.28923076923076924
Alberto Brizzi,1400.0,1400.0,1400.0,1400.0,273.0,136.0,41.3,185.67156964873536,0,0,0.0,0.0,0.0,0.0,0.0,0.0,0.0,0.0,0.0,0.0,0.0,0.0,0.0,0.0,0.0,0.0,0.0,0.0,0.0,0.0
Vaja Uzakov,1325.72268057645,1361.9373135233664,1389.5738653980181,1325.72268057645,959.0,8.0,36.7,185.67156964873536,0,5,0.0,0.0,0.0,0.0,-74.2773194235499,-74.2773194235499,-74.2773194235499,-74.2773194235499,-1.0,-1.0,-1.0,-1.0,-1.0,-1.0,0.0,0.0,0.0,0.0,0.0,0.0
Micke Kontinen,1357.4846644634438,1401.180121099481,1377.2182876526035,1357.4846644634438,379.0,112.0,32.5,185.67156964873536,0,8,0.2,0.25,0.25,0.25,-42.51533553655622,-42.51533553655622,-42.51533553655622,-42.51533553655622,-1.0,-1.0,-1.0,-1.0,-1.0,-1.0,0.0,0.0,0.0,0.0,0.0,0.0
Yanquiel Medina Sobrino,1400.0,1400.0,1400.0,1400.0,2000.0,0.0,42.0,186.27336318231923,0,0,0.0,0.0,0.0,0.0,0.0,0.0,0.0,0.0,0.0,0.0,0.0,0.0,0.0,0.0,0.0,0.0,0.0,0.0,0.0,0.0
Gustavo Ramirez,1392.604714397291,1364.3447181088586,1400.8124846376954,1392.604714397291,1818.0,1.0,39.2,185.67156964873536,0,10,0.4,0.4,0.4,0.4,-7.395285602709009,-7.395285602709009,-7.395285602709009,-7.395285602709009,-1.0,-1.0,-1.0,-1.0,-1.0,-1.0,0.0,0.0,0.0,0.0,0.0,0.0
Jorge Tejada,1400.0,1400.0,1400.0,1400.0,2000.0,0.0,56.7,185.67156964873536,0,0,0.0,0.0,0.0,0.0,0.0,0.0,0.0,0.0,0.0,0.0,0.0,0.0,0.0,0.0,0.0,0.0,0.0,0.0,0.0,0.0
Mardy Fish,2024.1720215636246,1706.0239635639502,1423.8508967564496,1738.9293091277161,581.0,55.0,43.7,188.0,0,524,0.2,0.52,0.52,0.6,-78.91158116481665,-100.81622519258872,-171.2049584806382,-167.26842048244453,7.2,7.1,8.04,3.4,2.6,2.4,0.7539458292831606,0.7100928831574677,0.732732765962799,0.5616666666666665,0.5242162004662004,0.5667600732600733
Gabriel Moraru,1396.1994941824103,1396.1994941824103,1396.1994941824103,1396.1994941824103,418.0,89.0,43.2,180.0,0,1,0.0,0.0,0.0,0.0,-3.8005058175897375,-3.8005058175897375,-3.8005058175897375,-3.8005058175897375,1.0,1.0,1.0,1.0,1.0,1.0,0.5625,0.5625,0.5625,0.5,0.5,0.5
Barry Cowan,1709.0942733469215,1758.5048391236771,1782.1909140221003,1772.7043344712702,251.0,136.0,50.8,188.0,1,66,0.2,0.25,0.25,0.25,-73.09664067517883,-73.09664067517883,-73.09664067517883,-73.09664067517883,8.6,6.6875,6.6875,6.0,4.5,4.5,0.6084559187589849,0.635287643232693,0.635287643232693,0.5423684210526316,0.537783602813595,0.537783602813595
Flavio Cipolla,1567.8931825538327,1584.2306168911407,1545.9389200267897,1370.915426077175,147.0,377.0,41.7,173.0,0,101,0.2,0.32,0.38,0.36,-67.91556104021743,-184.28395108152858,-129.06077077984128,82.41540193778178,0.4,0.7,0.8,4.2,3.8,3.28,0.5065770575588248,0.5812354051003183,0.6059423709422229,0.4333333333333334,0.4932824663259446,0.4814211267561651
Andres Molteni,1399.7052149632143,1399.7052149632143,1399.7052149632143,1399.7052149632143,280.0,169.0,36.9,180.0,0,1,0.0,0.0,0.0,0.0,-0.29478503678569723,-0.29478503678569723,-0.29478503678569723,-0.29478503678569723,0.0,0.0,0.0,2.0,2.0,2.0,0.26666666666666666,0.26666666666666666,0.26666666666666666,0.16666666666666666,0.16666666666666666,0.16666666666666666
Miguel Angel Este,1378.0782162834425,1400.0,1400.0,1378.0782162834425,1336.0,4.0,26.3,186.27336318231923,0,1,0.0,0.0,0.0,0.0,-21.921783716557457,-21.921783716557457,-21.921783716557457,-21.921783716557457,-1.0,-1.0,-1.0,-1.0,-1.0,-1.0,0.0,0.0,0.0,0.0,0.0,0.0
Giorgi Javakhishvili,1400.0,1400.0,1400.0,1400.0,1105.0,9.0,29.3,185.67156964873536,0,0,0.0,0.0,0.0,0.0,0.0,0.0,0.0,0.0,0.0,0.0,0.0,0.0,0.0,0.0,0.0,0.0,0.0,0.0,0.0,0.0
Robert Yim,1399.0989705392956,1399.0989705392956,1399.0989705392956,1399.0989705392956,802.0,12.0,40.4,185.67156964873536,1,1,0.0,0.0,0.0,0.0,-0.9010294607044216,-0.9010294607044216,-0.9010294607044216,-0.9010294607044216,2.0,2.0,2.0,3.0,3.0,3.0,0.6829268292682927,0.6829268292682927,0.6829268292682927,0.5,0.5,0.5
Tobias Summerer,1434.397438603594,1426.7790976094648,1439.344652907677,1427.83522551522,219.0,176.0,42.2,185.0,0,8,0.2,0.125,0.125,0.125,6.562213088374165,6.562213088374165,6.562213088374165,6.562213088374165,4.8,4.75,4.75,3.2,3.0,3.0,0.6159830171358629,0.6349043516963089,0.6349043516963089,0.5757575757575758,0.5167929292929293,0.5167929292929293
Samir Iftikhar,1404.459218259586,1422.6032266683499,1400.0,1404.459218259586,2000.0,0.0,33.4,185.67156964873536,0,5,0.4,0.4,0.4,0.4,4.459218259585896,4.459218259585896,4.459218259585896,4.459218259585896,-1.0,-1.0,-1.0,-1.0,-1.0,-1.0,0.0,0.0,0.0,0.0,0.0,0.0
Chieh Fu Wang,1400.483855628811,1400.483855628811,1400.483855628811,1400.483855628811,1047.0,10.0,32.0,186.27336318231923,0,2,0.5,0.5,0.5,0.5,0.483855628810943,0.483855628810943,0.483855628810943,0.483855628810943,-1.0,-1.0,-1.0,-1.0,-1.0,-1.0,0.0,0.0,0.0,0.0,0.0,0.0
Christopher Oconnell,1603.3990863987494,1621.8693702823666,1385.701426766806,1421.7939272723504,71.0,765.0,31.4,183.0,0,114,0.2,0.36,0.4,0.42,-121.27568114566179,-8.293052133819401,-91.48920571301392,207.82789419208484,6.8,5.95,7.92,1.2,2.3,2.04,0.7138839746424885,0.7158764313054988,0.7357607074013981,0.6466666666666667,0.49617063492063496,0.5741392920804685
Adrian Andreev,1414.336372501029,1414.336372501029,1414.336372501029,1414.336372501029,319.0,158.0,24.3,175.0,0,8,0.4,0.25,0.25,0.25,14.336372501029018,14.336372501029018,14.336372501029018,14.336372501029018,0.6,1.0,1.0,1.2,2.375,2.375,0.47146341463414637,0.4978284058585003,0.4978284058585003,0.4800000000000001,0.4222222222222222,0.4222222222222222
Andrei Luzgin,1479.1352589473815,1400.0,1479.1352589473815,1479.1352589473815,1311.0,2.0,52.0,186.27336318231923,0,5,0.6,0.6,0.6,0.6,79.13525894738154,79.13525894738154,79.13525894738154,79.13525894738154,-1.0,-1.0,-1.0,-1.0,-1.0,-1.0,0.0,0.0,0.0,0.0,0.0,0.0
Freddy Murray,1400.0,1400.0,1400.0,1400.0,2000.0,0.0,22.1,186.27336318231923,0,0,0.0,0.0,0.0,0.0,0.0,0.0,0.0,0.0,0.0,0.0,0.0,0.0,0.0,0.0,0.0,0.0,0.0,0.0,0.0,0.0
Luis Perez Chete,1457.4936867542783,1457.4936867542783,1457.4936867542783,1457.4936867542783,2000.0,0.0,54.4,185.67156964873536,0,5,0.6,0.6,0.6,0.6,57.493686754278315,57.493686754278315,57.493686754278315,57.493686754278315,-1.0,-1.0,-1.0,-1.0,-1.0,-1.0,0.0,0.0,0.0,0.0,0.0,0.0
Lovro Zovko,1747.5174038099858,1736.5222525987385,1731.016779862112,1747.5174038099858,2000.0,0.0,44.1,190.0,0,61,0.4,0.45454545454545453,0.45454545454545453,0.45454545454545453,23.83069331565912,23.83069331565912,23.83069331565912,23.83069331565912,6.0,6.0,6.0,2.0,1.9090909090909092,1.9090909090909092,0.6141414141414141,0.5392108321252707,0.5392108321252707,0.5833333333333334,0.5235930735930736,0.5235930735930736
Conor Niland,1464.136139893063,1464.2777441067808,1431.8961063723862,1390.4913802067676,312.0,139.0,43.5,185.0,0,26,0.4,0.4,0.38461538461538464,0.38461538461538464,119.33276603380955,64.13613989306305,64.13613989306305,64.13613989306305,-0.6,-0.15,-0.34615384615384615,-0.4,-0.05,-0.2692307692307692,0.08,0.08666276346604215,0.06666366420464781,0.03333333333333333,0.05083333333333333,0.0391025641025641
Thomas Blake,1693.5733944154908,1698.231763327655,1694.009119221312,1694.009119221312,332.0,89.0,48.5,185.67156964873536,0,55,0.4,0.4,0.4,0.4,-0.43572480582110984,-0.43572480582110984,-0.43572480582110984,-0.43572480582110984,5.6,5.6,5.6,2.2,2.2,2.2,0.5628757136583223,0.5628757136583223,0.5628757136583223,0.54,0.54,0.54
Alexandru Andronachi,1400.0,1400.0,1400.0,1400.0,2000.0,0.0,42.1,185.67156964873536,0,0,0.0,0.0,0.0,0.0,0.0,0.0,0.0,0.0,0.0,0.0,0.0,0.0,0.0,0.0,0.0,0.0,0.0,0.0,0.0,0.0
Sergio Gutierrez Ferrol,1410.739623581937,1410.739623581937,1447.0291585942293,1410.739623581937,544.0,52.0,36.0,186.27336318231923,0,2,0.5,0.5,0.5,0.5,10.73962358193694,10.73962358193694,10.73962358193694,10.73962358193694,6.0,6.0,6.0,3.0,3.0,3.0,0.7431318681318682,0.7431318681318682,0.7431318681318682,0.5595238095238095,0.5595238095238095,0.5595238095238095
Matteo Viola,1504.0389020819032,1554.6160987765036,1428.8454322310763,1436.25878157918,218.0,228.0,38.1,188.0,0,16,0.2,0.25,0.25,0.25,59.44633132718286,59.44633132718286,59.44633132718286,59.44633132718286,0.6,1.8125,1.8125,5.0,5.0625,5.0625,0.610345242125481,0.6028083112153899,0.6028083112153899,0.47435897435897434,0.5095512126762127,0.5095512126762127
Dalibor Svrcina,1424.5882951427068,1424.5882951427068,1424.5882951427068,1424.5882951427068,194.0,315.0,22.3,178.0,0,5,0.4,0.4,0.4,0.4,24.588295142706784,24.588295142706784,24.588295142706784,24.588295142706784,0.6,0.6,0.6,3.6,3.6,3.6,0.6208062365522162,0.6208062365522162,0.6208062365522162,0.5621728271728272,0.5621728271728272,0.5621728271728272
Younes El Aynaoui,1810.267592581775,1993.710977668337,2006.8530939106677,2010.728034903592,2000.0,0.0,53.3,193.0,0,598,0.6,0.56,0.42,0.5,0.7497798886925011,-141.69617709913246,-231.76716260200897,-323.3216074165523,8.8,4.65,4.14,2.8,0.95,1.62,0.6191705895624114,0.4574679935895912,0.46212912723231936,0.445151515151515,0.3831060606060606,0.37921556221556224
Thai Son Kwiatkowski,1346.100892440199,1359.3828589017205,1346.100892440199,1400.0,477.0,89.0,30.5,188.0,0,6,0.0,0.0,0.0,0.0,-53.899107559800996,-53.899107559800996,-53.899107559800996,-53.899107559800996,9.0,8.333333333333334,8.333333333333334,5.0,4.833333333333333,4.833333333333333,0.6840850554058101,0.6638208795048418,0.6638208795048418,0.4557142857142857,0.42142857142857143,0.42142857142857143
William Kirkman,1400.0,1400.0,1400.0,1400.0,2000.0,0.0,27.1,185.67156964873536,0,0,0.0,0.0,0.0,0.0,0.0,0.0,0.0,0.0,0.0,0.0,0.0,0.0,0.0,0.0,0.0,0.0,0.0,0.0,0.0,0.0
Hugo Nys,1380.0318967758526,1400.0,1400.0,1380.0318967758526,2000.0,0.0,34.5,185.0,0,1,0.0,0.0,0.0,0.0,-19.9681032241474,-19.9681032241474,-19.9681032241474,-19.9681032241474,-1.0,-1.0,-1.0,-1.0,-1.0,-1.0,0.0,0.0,0.0,0.0,0.0,0.0
Thabo Ncube,1400.0,1400.0,1400.0,1400.0,2000.0,0.0,24.6,185.67156964873536,0,0,0.0,0.0,0.0,0.0,0.0,0.0,0.0,0.0,0.0,0.0,0.0,0.0,0.0,0.0,0.0,0.0,0.0,0.0,0.0,0.0
Minjong Park,1400.0,1400.0,1400.0,1400.0,2000.0,0.0,23.2,185.67156964873536,0,0,0.0,0.0,0.0,0.0,0.0,0.0,0.0,0.0,0.0,0.0,0.0,0.0,0.0,0.0,0.0,0.0,0.0,0.0,0.0,0.0
Ernests Gulbis,1684.4752933155894,1389.7125449496743,1532.195987072257,1389.137525478812,196.0,359.0,37.0,190.0,0,483,0.4,0.28,0.4,0.4,-96.16273712178167,-195.656888037292,-133.8675234840391,-164.87458128243725,3.8,6.4,8.28,3.0,4.75,4.92,0.44811330222289125,0.6531484805969707,0.7144664825256437,0.2861111111111112,0.5217745816275228,0.5272377769289534
Juan Carlos Gonzalez,1400.0,1400.0,1400.0,1400.0,2000.0,0.0,42.8,185.67156964873536,0,0,0.0,0.0,0.0,0.0,0.0,0.0,0.0,0.0,0.0,0.0,0.0,0.0,0.0,0.0,0.0,0.0,0.0,0.0,0.0,0.0
Akira Santillan,1375.354072945594,1397.7758965446071,1381.2573237630154,1400.0,163.0,341.0,28.3,180.0,0,8,0.4,0.25,0.25,0.25,-24.645927054406002,-24.645927054406002,-24.645927054406002,-24.645927054406002,5.2,4.25,4.25,2.6,2.5,2.5,0.7340556408943505,0.7044002742612309,0.7044002742612309,0.38571428571428573,0.41607142857142854,0.41607142857142854
Rafael Eduardo Gonzalez Retana,1400.0,1400.0,1400.0,1400.0,2000.0,0.0,25.0,185.67156964873536,0,0,0.0,0.0,0.0,0.0,0.0,0.0,0.0,0.0,0.0,0.0,0.0,0.0,0.0,0.0,0.0,0.0,0.0,0.0,0.0,0.0
Martin Damm,1894.8899982103658,1921.5259600457227,1894.8899982103658,1894.8899982103658,204.0,296.0,21.4,203.0,1,50,0.0,0.0,0.0,0.0,0.0,0.0,0.0,0.0,0.0,0.0,0.0,0.0,0.0,0.0,0.0,0.0,0.0,0.0,0.0,0.0
Josh Goodall,1328.5090942974387,1357.087673378789,1328.5090942974387,1384.8329872436773,215.0,229.0,39.6,188.0,0,15,0.2,0.06666666666666667,0.06666666666666667,0.06666666666666667,-71.49090570256135,-71.49090570256135,-71.49090570256135,-71.49090570256135,4.6,6.466666666666667,6.466666666666667,1.6,2.933333333333333,2.933333333333333,0.48170419794273006,0.5659983419143239,0.5659983419143239,0.28666666666666674,0.328015873015873,0.328015873015873
Alexander Skrypko,1393.2053847282864,1377.7067157834265,1398.8929089370058,1393.2053847282864,2000.0,0.0,39.2,185.67156964873536,0,6,0.2,0.16666666666666666,0.16666666666666666,0.16666666666666666,-6.79461527171361,-6.79461527171361,-6.79461527171361,-6.79461527171361,-1.0,-1.0,-1.0,-1.0,-1.0,-1.0,0.0,0.0,0.0,0.0,0.0,0.0
Nuno Borges,1708.9152649475182,1572.611136136169,1647.35833600639,1332.563262753592,33.0,1446.0,28.7,185.0,0,88,0.4,0.52,0.5,0.4431818181818182,103.09392816418699,101.67253629412107,174.6528243124319,308.91526494751815,8.2,6.4,5.82,5.8,3.7,2.84,0.6947682808465976,0.6996096366118988,0.7042890303771289,0.62,0.565064935064935,0.5612567987567987
David Ferrer,1818.0647863638658,1598.6704934694042,1753.3817554455989,1328.2230839649528,144.0,400.0,43.0,175.0,0,1117,0.6,0.4,0.44,0.5,-49.468221133941825,-155.00705636240264,-182.18595857214427,-235.21099833976655,2.8,1.7,2.12,3.4,3.45,4.22,0.6782772956679276,0.6652693662674277,0.6718545240587342,0.6190476190476193,0.5565476190476191,0.5835745088245088
Marcelo Filippini,1875.0008624348072,1875.0008624348072,1875.0008624348072,1875.0008624348072,420.0,56.0,57.9,178.0,0,51,0.0,0.0,0.0,0.0,-17.407377985761514,-17.407377985761514,-17.407377985761514,-17.407377985761514,3.0,3.0,3.0,1.0,1.0,1.0,0.65,0.65,0.65,0.75,0.75,0.75
Jorge Brian Panta Herreros,1393.890334772823,1393.890334772823,1393.890334772823,1393.890334772823,878.0,16.0,29.5,3.0,0,4,0.5,0.5,0.5,0.5,-6.109665227176947,-6.109665227176947,-6.109665227176947,-6.109665227176947,-1.0,-1.0,-1.0,-1.0,-1.0,-1.0,0.0,0.0,0.0,0.0,0.0,0.0
Alejandro Moro Canas,1432.2465087973874,1432.2465087973874,1400.0,1400.0,188.0,321.0,24.5,183.0,0,2,0.5,0.5,0.5,0.5,32.24650879738738,32.24650879738738,32.24650879738738,32.24650879738738,3.5,3.5,3.5,1.5,1.5,1.5,0.5775862068965517,0.5775862068965517,0.5775862068965517,0.6125,0.6125,0.6125
Samuel Fumi,1400.0,1400.0,1400.0,1400.0,2000.0,0.0,43.5,185.67156964873536,0,0,0.0,0.0,0.0,0.0,0.0,0.0,0.0,0.0,0.0,0.0,0.0,0.0,0.0,0.0,0.0,0.0,0.0,0.0,0.0,0.0
Asim Shafik,1330.5837119768107,1366.7715861977467,1400.0,1400.0,2000.0,0.0,49.7,185.67156964873536,0,8,0.2,0.25,0.25,0.25,-69.41628802318928,-69.41628802318928,-69.41628802318928,-69.41628802318928,-1.0,-1.0,-1.0,-1.0,-1.0,-1.0,0.0,0.0,0.0,0.0,0.0,0.0
Sargis Sargsian,1776.4320753833579,1887.0966278690491,1910.9979635928842,1883.9223379830016,391.0,74.0,51.7,180.0,0,371,0.2,0.36,0.32,0.41,-106.81485503804947,-160.37097044703023,-215.77227042721552,-174.97462847156066,3.0,3.8,4.4,4.4,3.85,3.46,0.5581982616866338,0.6214095125338432,0.6389865300463766,0.5553968253968253,0.4834046509046509,0.4694830724830725
Peter Bertran,1404.0033526642103,1371.732571519634,1400.0,1404.0033526642103,552.0,52.0,29.5,183.0,0,2,0.5,0.5,0.5,0.5,4.003352664210297,4.003352664210297,4.003352664210297,4.003352664210297,-1.0,-1.0,-1.0,-1.0,-1.0,-1.0,0.0,0.0,0.0,0.0,0.0,0.0
Gaston Etlis,1855.3301466037692,1948.5957286351354,1796.7773082285887,1855.3301466037692,260.0,130.0,50.8,185.0,0,78,0.6,0.36,0.35714285714285715,0.35714285714285715,39.77234596996209,-4.608180885165439,-4.608180885165439,-4.608180885165439,6.2,4.7,4.785714285714286,5.2,4.35,4.0,0.6734873151164944,0.6810103602732483,0.6856646556804551,0.6998917748917748,0.6143292818292819,0.5862828639614354
Nam Hoang Ly,1443.0103551283362,1459.333718506395,1400.0,1443.0103551283362,554.0,67.0,27.9,175.0,0,7,0.6,0.5714285714285714,0.5714285714285714,0.5714285714285714,43.01035512833619,43.01035512833619,43.01035512833619,43.01035512833619,2.0,2.0,2.0,1.0,1.8571428571428572,1.8571428571428572,0.49682834537323706,0.5375436764060366,0.5375436764060366,0.47777777777777775,0.47052154195011336,0.47052154195011336
Sanchai Ratiwatana,1522.340112097007,1568.7952939245406,1586.5499730021907,1522.340112097007,1417.0,1.0,43.6,175.0,0,18,0.2,0.375,0.375,0.375,-68.23734862750575,-68.23734862750575,-68.23734862750575,-68.23734862750575,-1.0,-1.0,-1.0,-1.0,-1.0,-1.0,0.0,0.0,0.0,0.0,0.0,0.0
Mohammed Abdulla,1400.0,1400.0,1400.0,1400.0,1349.0,2.0,39.6,185.67156964873536,0,0,0.0,0.0,0.0,0.0,0.0,0.0,0.0,0.0,0.0,0.0,0.0,0.0,0.0,0.0,0.0,0.0,0.0,0.0,0.0,0.0
Roman Valent,1400.0,1400.0,1400.0,1400.0,1088.0,7.0,42.2,183.0,0,0,0.0,0.0,0.0,0.0,0.0,0.0,0.0,0.0,0.0,0.0,0.0,0.0,0.0,0.0,0.0,0.0,0.0,0.0,0.0,0.0
Mili Poljicak,1388.2912547887797,1388.2912547887797,1388.2912547887797,1388.2912547887797,481.0,87.0,21.0,185.0,0,1,0.0,0.0,0.0,0.0,-11.708745211220275,-11.708745211220275,-11.708745211220275,-11.708745211220275,3.0,3.0,3.0,4.0,4.0,4.0,0.6461538461538462,0.6461538461538462,0.6461538461538462,0.75,0.75,0.75
Dragos Nicolae Madaras,1356.4226261708588,1366.2293737305706,1400.0,1356.4226261708588,191.0,308.0,27.8,191.0,1,3,0.0,0.0,0.0,0.0,-43.57737382914115,-43.57737382914115,-43.57737382914115,-43.57737382914115,1.6666666666666667,1.6666666666666667,1.6666666666666667,3.3333333333333335,3.3333333333333335,3.3333333333333335,0.5686903092232686,0.5686903092232686,0.5686903092232686,0.3111111111111111,0.3111111111111111,0.3111111111111111
Albert Ramos,1453.870697214599,1355.8936419367903,1666.6942514036562,1316.6914041241535,122.0,483.0,37.6,188.0,1,612,0.0,0.36,0.3,0.4,-83.98978046040361,-73.57204362889479,-203.9498194981354,-185.3035366135673,1.2,1.85,2.5,1.0,1.8,2.0,0.5971195741195741,0.6253486844828815,0.6454108042901968,0.47015873015873016,0.528044733044733,0.5997637460578636
Sebastian Dominko,1350.756482041064,1400.0,1373.8805707214228,1350.756482041064,1107.0,8.0,21.7,203.0,1,2,0.0,0.0,0.0,0.0,-49.24351795893608,-49.24351795893608,-49.24351795893608,-49.24351795893608,7.0,7.0,7.0,5.5,5.5,5.5,0.6807359307359307,0.6807359307359307,0.6807359307359307,0.5,0.5,0.5
Thomas Yaka Kofi Setodji,1394.086614315926,1417.606849916372,1394.086614315926,1394.086614315926,1240.0,6.0,29.9,183.0,0,2,0.5,0.5,0.5,0.5,-5.913385684074001,-5.913385684074001,-5.913385684074001,-5.913385684074001,6.0,6.0,6.0,2.5,2.5,2.5,0.6956709956709957,0.6956709956709957,0.6956709956709957,0.7777777777777778,0.7777777777777778,0.7777777777777778
Roberto Marcora,1476.0887364074893,1489.980912093298,1400.0,1476.0887364074893,208.0,320.0,36.0,193.0,0,6,0.6,0.5,0.5,0.5,76.08873640748925,76.08873640748925,76.08873640748925,76.08873640748925,3.4,3.1666666666666665,3.1666666666666665,0.8,1.0,1.0,0.7390168852557479,0.7225140710464566,0.7225140710464566,0.41500000000000004,0.4172619047619048,0.4172619047619048
Mao Xin Gong,1404.4295296636021,1404.4295296636021,1404.4295296636021,1404.4295296636021,718.0,27.0,38.1,178.0,0,7,0.2,0.2857142857142857,0.2857142857142857,0.2857142857142857,4.429529663602125,4.429529663602125,4.429529663602125,4.429529663602125,-0.2,-0.42857142857142855,-0.42857142857142855,1.6,0.8571428571428571,0.8571428571428571,0.3369001547987616,0.24064296771340116,0.24064296771340116,0.25727272727272726,0.18376623376623377,0.18376623376623377
Shendrit Deari,1400.0,1400.0,1400.0,1400.0,2000.0,0.0,36.5,185.67156964873536,0,0,0.0,0.0,0.0,0.0,0.0,0.0,0.0,0.0,0.0,0.0,0.0,0.0,0.0,0.0,0.0,0.0,0.0,0.0,0.0,0.0
Zachary Svajda,1392.3080959147098,1454.804632533815,1392.3080959147098,1400.0,131.0,452.0,22.8,175.0,0,20,0.4,0.25,0.25,0.25,9.780864433376792,-7.691904085290162,-7.691904085290162,-7.691904085290162,2.6,3.85,3.85,2.4,2.3,2.3,0.660032996952819,0.6638927933584938,0.6638927933584938,0.5892857142857143,0.5041620879120879,0.5041620879120879
Stefano Galvani,1690.3638564976618,1748.9528610167956,1744.0661840558846,1790.9969490324163,321.0,143.0,47.6,178.0,0,104,0.2,0.32,0.34,0.3333333333333333,-65.76982182222923,-151.67552577798733,-102.07768596638152,-97.21163969930694,3.0,1.9,2.72,4.0,4.35,4.22,0.650445805461003,0.6436255087424925,0.6136340771223212,0.5242424242424242,0.5208606671106671,0.4732398712398712
Yu Zhang,1388.0114418578926,1363.8737457520856,1388.0114418578926,1388.0114418578926,755.0,13.0,49.4,185.67156964873536,0,9,0.2,0.1111111111111111,0.1111111111111111,0.1111111111111111,-11.988558142107422,-11.988558142107422,-11.988558142107422,-11.988558142107422,-0.4,-0.6666666666666666,-0.6666666666666666,-0.6,-0.7777777777777778,-0.7777777777777778,0.11515151515151516,0.06397306397306397,0.06397306397306397,0.08,0.044444444444444446,0.044444444444444446
Andrei Karatchenia,1478.6351323368176,1518.367966346361,1400.0,1478.6351323368176,589.0,73.0,36.3,185.67156964873536,0,5,0.6,0.6,0.6,0.6,78.6351323368176,78.6351323368176,78.6351323368176,78.6351323368176,-1.0,-1.0,-1.0,-1.0,-1.0,-1.0,0.0,0.0,0.0,0.0,0.0,0.0
Josselin Ouanna,1673.7280331529698,1474.2158179777239,1527.853481634549,1673.7280331529698,156.0,333.0,38.9,193.0,0,25,0.2,0.36,0.36,0.36,193.2431140275114,273.72803315296983,273.72803315296983,273.72803315296983,7.0,7.05,6.84,4.4,3.85,3.4,0.7397548205323694,0.7481547959055501,0.7418231100317779,0.5716666666666667,0.472165404040404,0.4701767676767677
Karlis Lejnieks,1376.2155010961203,1430.0379526402432,1348.3879067012715,1376.2155010961203,519.0,51.0,37.4,185.67156964873536,0,9,0.4,0.3333333333333333,0.3333333333333333,0.3333333333333333,-23.784498903879694,-23.784498903879694,-23.784498903879694,-23.784498903879694,2.8,1.1111111111111112,1.1111111111111112,0.8,0.0,0.0,0.25142857142857145,0.13968253968253969,0.13968253968253969,0.22051282051282053,0.12250712250712252,0.12250712250712252
Jesper De Jong,1460.099250302998,1445.4377882863919,1454.0129631584741,1430.101166882354,109.0,541.0,25.4,180.0,0,9,0.2,0.2222222222222222,0.2222222222222222,0.2222222222222222,29.99808342064398,29.99808342064398,29.99808342064398,29.99808342064398,5.4,5.777777777777778,5.777777777777778,4.2,3.6666666666666665,3.6666666666666665,0.6766782106782108,0.6695992807897571,0.6695992807897571,0.49883838383838386,0.5629669713003046,0.5629669713003046
Dino Prizmic,1419.4575112583225,1396.7992602211177,1376.628258435348,1419.4575112583225,171.0,361.0,19.5,188.0,0,10,0.2,0.3,0.3,0.3,19.457511258322484,19.457511258322484,19.457511258322484,19.457511258322484,3.2,2.1,2.1,2.6,2.9,2.9,0.6609976177596188,0.6667025125835131,0.6667025125835131,0.4086601307189543,0.5404014939309058,0.5404014939309058
Reda El Amrani,1494.4897727978118,1400.0,1559.8805324985544,1494.4897727978118,667.0,38.0,36.8,185.0,0,15,0.4,0.4666666666666667,0.4666666666666667,0.4666666666666667,94.48977279781184,94.48977279781184,94.48977279781184,94.48977279781184,4.2,3.7333333333333334,3.7333333333333334,5.2,3.2666666666666666,3.2666666666666666,0.5554074857512192,0.40655971731945645,0.40655971731945645,0.3888888888888889,0.3625891700891701,0.3625891700891701
Jack Sock,1683.510858631158,1534.884181016892,1522.2788038993165,1428.2862182994115,166.0,359.0,32.5,191.0,0,335,0.4,0.36,0.42,0.4,-54.4490973859688,14.68963201512247,-3.7636055029413455,-382.7831827756754,6.4,6.55,6.62,5.6,4.1,3.94,0.7256539768393316,0.6710610285295636,0.687712333747581,0.7471861471861472,0.567958152958153,0.5432497502497502
William Blumberg,1400.0,1400.0,1400.0,1400.0,773.0,21.0,27.4,188.0,0,0,0.0,0.0,0.0,0.0,0.0,0.0,0.0,0.0,0.0,0.0,0.0,0.0,0.0,0.0,0.0,0.0,0.0,0.0,0.0,0.0
Mate Valkusz,1335.1776838881608,1399.4096700163445,1360.577852259702,1335.1776838881608,402.0,117.0,27.0,183.0,0,8,0.2,0.125,0.125,0.125,-64.8223161118392,-64.8223161118392,-64.8223161118392,-64.8223161118392,2.8,2.0,2.0,3.0,3.25,3.25,0.5476632419773051,0.5595753842409895,0.5595753842409895,0.33974358974358976,0.4057109557109557,0.4057109557109557
Jean Francois Bachelot,1782.959986732616,1756.4300513218468,1767.3861000028387,1732.8701890440018,165.0,225.0,48.0,183.0,0,57,0.4,0.42857142857142855,0.42857142857142855,0.42857142857142855,26.529935410769212,26.529935410769212,26.529935410769212,26.529935410769212,3.2,3.857142857142857,3.857142857142857,2.0,3.5714285714285716,3.5714285714285716,0.5664892043774031,0.6201227833464967,0.6201227833464967,0.5276960784313725,0.5480403699941515,0.5480403699941515
Wan Gao,1400.0,1400.0,1400.0,1400.0,1249.0,4.0,37.6,185.67156964873536,0,0,0.0,0.0,0.0,0.0,0.0,0.0,0.0,0.0,0.0,0.0,0.0,0.0,0.0,0.0,0.0,0.0,0.0,0.0,0.0,0.0
Ronald Agenor,1758.8510243849864,1839.7276253352577,1843.4653621443517,1917.1546539407716,178.0,207.0,60.7,180.0,0,175,0.2,0.28,0.28,0.28,-93.24615460709288,-146.4676057031429,-146.4676057031429,-146.4676057031429,1.6,2.55,2.4,2.6,2.6,2.6,0.6452654734707923,0.6223279005956046,0.6316386852957893,0.6335087719298246,0.5077920183531639,0.4895669480158644
Mark Hilton,1677.080155132776,1677.080155132776,1677.080155132776,1677.080155132776,212.0,197.0,44.1,170.0,1,14,0.25,0.25,0.25,0.25,13.954368782103757,13.954368782103757,13.954368782103757,13.954368782103757,4.25,4.25,4.25,7.5,7.5,7.5,0.669377990430622,0.669377990430622,0.669377990430622,0.6305555555555555,0.6305555555555555,0.6305555555555555
Vladimir Ivanov,1423.3116476577272,1504.9817392907676,1353.0700106679146,1423.3116476577272,717.0,32.0,38.4,185.67156964873536,0,12,0.4,0.5,0.5,0.5,23.311647657727235,23.311647657727235,23.311647657727235,23.311647657727235,1.6,0.08333333333333333,0.08333333333333333,1.0,-0.16666666666666666,-0.16666666666666666,0.3195548489666137,0.13314785373608903,0.13314785373608903,0.14666666666666667,0.06111111111111111,0.06111111111111111
Khumoun Sultanov,1399.637434141052,1397.882139159633,1400.0,1400.0,236.0,243.0,26.8,180.0,0,6,0.2,0.3333333333333333,0.3333333333333333,0.3333333333333333,-0.3625658589480736,-0.3625658589480736,-0.3625658589480736,-0.3625658589480736,2.2,3.1666666666666665,3.1666666666666665,0.0,0.5,0.5,0.38870614035087725,0.45725511695906434,0.45725511695906434,0.3638888888888889,0.43657407407407406,0.43657407407407406
Kris Van Wyk,1425.1250838975375,1400.0,1425.1250838975375,1425.1250838975375,416.0,109.0,28.3,185.0,0,1,1.0,1.0,1.0,1.0,25.12508389753748,25.12508389753748,25.12508389753748,25.12508389753748,4.0,4.0,4.0,2.0,2.0,2.0,0.6956521739130435,0.6956521739130435,0.6956521739130435,0.5454545454545454,0.5454545454545454,0.5454545454545454
Ryan Henry,1400.0,1400.0,1400.0,1400.0,578.0,30.0,40.2,183.0,0,0,0.0,0.0,0.0,0.0,0.0,0.0,0.0,0.0,0.0,0.0,0.0,0.0,0.0,0.0,0.0,0.0,0.0,0.0,0.0,0.0
Brian Wilson,1415.2677706141208,1438.5347470005797,1415.2677706141208,1400.0,249.0,161.0,42.7,190.0,0,4,0.25,0.25,0.25,0.25,15.267770614120764,15.267770614120764,15.267770614120764,15.267770614120764,5.25,5.25,5.25,6.25,6.25,6.25,0.7435711665733863,0.7435711665733863,0.7435711665733863,0.7833333333333333,0.7833333333333333,0.7833333333333333
Guillem Burniol,1394.68999523867,1394.68999523867,1394.68999523867,1394.68999523867,505.0,49.0,41.6,185.67156964873536,0,1,0.0,0.0,0.0,0.0,-5.310004761329992,-5.310004761329992,-5.310004761329992,-5.310004761329992,3.0,3.0,3.0,11.0,11.0,11.0,0.6851851851851852,0.6851851851851852,0.6851851851851852,0.6,0.6,0.6
Chun Hsin Tseng,1353.7235052587687,1388.3842775740643,1363.2703562439447,1400.0,121.0,489.0,24.1,175.0,0,31,0.2,0.2,0.25806451612903225,0.25806451612903225,-95.84890090351678,-46.27649474123132,-46.27649474123132,-46.27649474123132,0.6,2.05,2.0,0.4,3.0,2.806451612903226,0.4096774193548387,0.5819830359304633,0.5990772674832374,0.17714285714285713,0.47316738816738824,0.44474833620943677
Takahiro Ittogi,1400.0,1400.0,1400.0,1400.0,2000.0,0.0,36.7,185.67156964873536,0,0,0.0,0.0,0.0,0.0,0.0,0.0,0.0,0.0,0.0,0.0,0.0,0.0,0.0,0.0,0.0,0.0,0.0,0.0,0.0,0.0
Mario Vilella Martinez,1471.4047544100047,1469.4889220725172,1448.7638690422214,1471.4047544100047,167.0,446.0,30.0,178.0,0,9,0.4,0.4444444444444444,0.4444444444444444,0.4444444444444444,59.08157581694741,59.08157581694741,59.08157581694741,59.08157581694741,7.6,7.888888888888889,7.888888888888889,6.4,5.888888888888889,5.888888888888889,0.7179230139230139,0.732890689732795,0.732890689732795,0.6233333333333333,0.6926807760141094,0.6926807760141094
Stephane Robert,1593.0555203458025,1489.58727465394,1497.1554511456743,1427.5146206455033,661.0,30.0,44.6,185.0,0,112,0.2,0.2,0.34,0.31,-98.95024798437817,-66.50192209728402,28.6986994947938,-38.7962601673546,6.8,3.85,4.56,6.4,5.6,4.88,0.7273157773157773,0.6699597563084086,0.6952283408382277,0.47928571428571426,0.4882594448035625,0.5078755248019954
Nick Chappell,1375.4300488252443,1375.4300488252443,1375.4300488252443,1375.4300488252443,432.0,101.0,32.4,178.0,1,1,0.0,0.0,0.0,0.0,-24.569951174755715,-24.569951174755715,-24.569951174755715,-24.569951174755715,1.0,1.0,1.0,1.0,1.0,1.0,0.6756756756756757,0.6756756756756757,0.6756756756756757,0.0,0.0,0.0
Strong Kirchheimer,1390.2596085856119,1390.2596085856119,1390.2596085856119,1390.2596085856119,511.0,77.0,30.3,185.0,0,1,0.0,0.0,0.0,0.0,-9.740391414388114,-9.740391414388114,-9.740391414388114,-9.740391414388114,4.0,4.0,4.0,2.0,2.0,2.0,0.5,0.5,0.5,0.6,0.6,0.6
Christophe Tholl,1351.2679381709527,1367.1281697020202,1400.0,1351.2679381709527,2000.0,0.0,30.1,185.67156964873536,0,2,0.0,0.0,0.0,0.0,-48.732061829047325,-48.732061829047325,-48.732061829047325,-48.732061829047325,-1.0,-1.0,-1.0,-1.0,-1.0,-1.0,0.0,0.0,0.0,0.0,0.0,0.0
Tennys Sandgren,1558.8863858641412,1549.9995314125786,1369.5954111673059,1534.014610810219,281.0,200.0,33.5,188.0,0,122,0.2,0.28,0.32,0.38,-59.70224959899451,-167.4228725440289,-128.57008060345765,-78.9910375946206,5.2,6.7,9.06,3.8,2.95,2.92,0.7068626925441845,0.6790483106529794,0.7078988412485117,0.5683333333333334,0.48907828282828286,0.5659093684093683
Jimmy Wang,1708.328151761729,1574.810072683276,1427.4083171578761,1519.6406832361101,274.0,167.0,40.5,178.0,0,88,0.4,0.36,0.42,0.45454545454545453,-27.901658801624308,-58.690529455242995,-30.27209112544415,308.32815176172903,3.8,4.1,2.98,2.8,2.6,1.8,0.6930495336289894,0.6170206655725486,0.5314614138502725,0.49480519480519475,0.48042792733582207,0.462827459090617
Leonardo Tavares,1449.8539846498063,1379.3750263346253,1450.190581499358,1449.8539846498063,311.0,141.0,41.3,185.0,0,16,0.4,0.375,0.375,0.375,49.85398464980631,49.85398464980631,49.85398464980631,49.85398464980631,0.2,-0.375,-0.375,0.4,-0.1875,-0.1875,0.2658947368421053,0.12165593505039193,0.12165593505039193,0.3466666666666667,0.14479166666666668,0.14479166666666668
Harri Heliovaara,1390.4810608113921,1439.5913932044007,1381.7112890429785,1390.4810608113921,605.0,37.0,35.7,188.0,0,23,0.4,0.34782608695652173,0.34782608695652173,0.34782608695652173,33.974148959879585,-9.518939188607874,-9.518939188607874,-9.518939188607874,5.0,2.55,2.0869565217391304,2.0,1.05,0.782608695652174,0.6121927065972976,0.3652948107295969,0.3176476615039973,0.6,0.32881944444444444,0.28592995169082125
Daniel Alejandro Lopez Cassaccia,1373.0175838269247,1452.9557288219173,1362.7012441386764,1373.0175838269247,702.0,24.0,35.5,185.67156964873536,0,9,0.4,0.3333333333333333,0.3333333333333333,0.3333333333333333,-26.982416173075308,-26.982416173075308,-26.982416173075308,-26.982416173075308,-1.0,-1.0,-1.0,-1.0,-1.0,-1.0,0.0,0.0,0.0,0.0,0.0,0.0
Aleksandre Bakshi,1379.664066548613,1403.5014477534835,1379.664066548613,1379.664066548613,512.0,75.0,28.1,180.0,1,1,0.0,0.0,0.0,0.0,-20.335933451387064,-20.335933451387064,-20.335933451387064,-20.335933451387064,0.0,0.0,0.0,6.0,6.0,6.0,0.4857142857142857,0.4857142857142857,0.4857142857142857,0.5,0.5,0.5
Clemens Trimmel,1683.9987969839185,1683.9987969839185,1689.2659121587963,1683.9987969839185,148.0,267.0,46.8,185.0,0,52,0.0,0.0,0.0,0.0,-16.608610349243918,-16.608610349243918,-16.608610349243918,-16.608610349243918,3.0,3.0,3.0,3.5,3.5,3.5,0.7078817733990148,0.7078817733990148,0.7078817733990148,0.55,0.55,0.55
Jamal Darmadi,1400.0,1400.0,1400.0,1400.0,2000.0,0.0,44.5,185.67156964873536,0,0,0.0,0.0,0.0,0.0,0.0,0.0,0.0,0.0,0.0,0.0,0.0,0.0,0.0,0.0,0.0,0.0,0.0,0.0,0.0,0.0
Daniel Isaza,1400.0,1400.0,1400.0,1400.0,2000.0,0.0,38.4,185.67156964873536,0,0,0.0,0.0,0.0,0.0,0.0,0.0,0.0,0.0,0.0,0.0,0.0,0.0,0.0,0.0,0.0,0.0,0.0,0.0,0.0,0.0
Vasilis Mazarakis,1729.5997424417303,1777.5310009732905,1776.2659079270898,1729.5997424417303,126.0,344.0,45.0,178.0,0,68,0.4,0.4444444444444444,0.4444444444444444,0.4444444444444444,-63.59250040033294,-63.59250040033294,-63.59250040033294,-63.59250040033294,-0.8,-0.6111111111111112,-0.6111111111111112,-0.4,-0.2777777777777778,-0.2777777777777778,0.1,0.12960441547933516,0.12960441547933516,0.08,0.09294532627865962,0.09294532627865962
Francis Casey Alcantara,1475.457844194147,1428.5173953755916,1456.4698474726463,1475.457844194147,1189.0,6.0,33.4,175.0,0,9,0.8,0.6666666666666666,0.6666666666666666,0.6666666666666666,75.4578441941469,75.4578441941469,75.4578441941469,75.4578441941469,0.8,0.0,0.0,0.0,-0.4444444444444444,-0.4444444444444444,0.15,0.08333333333333333,0.08333333333333333,0.06666666666666667,0.037037037037037035,0.037037037037037035
Marcel Granollers,1664.7074398656744,1381.7332139518917,1612.6852554855332,1503.6556599877447,100.0,551.0,39.4,191.0,0,452,0.4,0.44,0.34,0.4,-32.757959833183804,-23.12833291953325,-186.16128099860225,-150.82182705233322,5.8,4.6,4.62,2.8,2.1,2.36,0.7698503401360545,0.7448781677197683,0.7031641227027139,0.27499999999999997,0.4801510989010989,0.4978736263736264
Fazaluddin Syed,1689.2314482696804,1671.0467760139827,1689.2314482696804,1700.1155345533018,663.0,20.0,50.3,185.67156964873536,0,55,0.4,0.4,0.4,0.4,-28.532044765918954,-28.532044765918954,-28.532044765918954,-28.532044765918954,0.6,0.6,0.6,-0.6,-0.6,-0.6,0.12592592592592594,0.12592592592592594,0.12592592592592594,0.1,0.1,0.1
Austin Smith,1400.0,1400.0,1400.0,1400.0,2000.0,0.0,31.6,185.67156964873536,0,0,0.0,0.0,0.0,0.0,0.0,0.0,0.0,0.0,0.0,0.0,0.0,0.0,0.0,0.0,0.0,0.0,0.0,0.0,0.0,0.0
Ryan Harrison,1652.0937888710585,1695.4387742503739,1366.6324585257903,1393.1470336427356,481.0,73.0,32.6,185.0,0,278,0.4,0.48,0.44,0.47,-106.16265883987603,-124.67890642444922,-165.7527170271328,-125.43807376451377,4.8,8.6,8.26,4.6,3.25,3.24,0.7179044020979505,0.730596719345385,0.7329655056381229,0.5966666666666668,0.5982251082251083,0.5653519813519814
Terence Nugent,1375.0,1400.0,1400.0,1375.0,2000.0,0.0,39.3,185.67156964873536,0,1,0.0,0.0,0.0,0.0,-25.0,-25.0,-25.0,-25.0,-1.0,-1.0,-1.0,-1.0,-1.0,-1.0,0.0,0.0,0.0,0.0,0.0,0.0
Andrej Kracman,1634.5260068098785,1666.3148282434006,1717.20211767499,1634.5260068098785,2000.0,0.0,42.5,186.27336318231923,0,21,0.4,0.45454545454545453,0.45454545454545453,0.45454545454545453,-46.72455628229045,-46.72455628229045,-46.72455628229045,-46.72455628229045,-1.0,-1.0,-1.0,-1.0,-1.0,-1.0,0.0,0.0,0.0,0.0,0.0,0.0
Tomislav Ternar,1417.2708402142766,1417.2708402142766,1417.2708402142766,1417.2708402142766,792.0,23.0,34.5,185.67156964873536,0,2,0.5,0.5,0.5,0.5,17.27084021427663,17.27084021427663,17.27084021427663,17.27084021427663,-0.5,-0.5,-0.5,0.0,0.0,0.0,0.42857142857142855,0.42857142857142855,0.42857142857142855,0.5,0.5,0.5
Luis Diego Nunez,1400.0,1395.094977982674,1400.0,1400.0,2000.0,0.0,51.1,185.67156964873536,0,0,0.0,0.0,0.0,0.0,0.0,0.0,0.0,0.0,0.0,0.0,0.0,0.0,0.0,0.0,0.0,0.0,0.0,0.0,0.0,0.0
Harutyun Sofyan,1400.0,1400.0,1400.0,1400.0,2000.0,0.0,42.4,180.0,0,0,0.0,0.0,0.0,0.0,0.0,0.0,0.0,0.0,0.0,0.0,0.0,0.0,0.0,0.0,0.0,0.0,0.0,0.0,0.0,0.0
Yassine Dlimi,1421.4286128497863,1400.0776015737163,1400.0,1421.4286128497863,1123.0,9.0,22.3,191.0,0,3,0.6666666666666666,0.6666666666666666,0.6666666666666666,0.6666666666666666,21.428612849786305,21.428612849786305,21.428612849786305,21.428612849786305,-0.6666666666666666,-0.6666666666666666,-0.6666666666666666,1.6666666666666667,1.6666666666666667,1.6666666666666667,0.2152777777777778,0.2152777777777778,0.2152777777777778,0.24242424242424243,0.24242424242424243,0.24242424242424243
Tomas Tenconi,1436.0508257777424,1436.0508257777424,1436.0508257777424,1436.0508257777424,147.0,299.0,44.7,178.0,0,2,0.5,0.5,0.5,0.5,36.050825777742375,36.050825777742375,36.050825777742375,36.050825777742375,3.0,3.0,3.0,3.0,3.0,3.0,0.6770833333333333,0.6770833333333333,0.6770833333333333,0.7083333333333333,0.7083333333333333,0.7083333333333333
Sean Karam,1400.0,1400.0,1400.0,1400.0,2000.0,0.0,56.0,185.67156964873536,0,0,0.0,0.0,0.0,0.0,0.0,0.0,0.0,0.0,0.0,0.0,0.0,0.0,0.0,0.0,0.0,0.0,0.0,0.0,0.0,0.0
Jad Ballout,1371.228144219277,1400.0,1400.0,1371.228144219277,2000.0,0.0,28.3,185.67156964873536,0,1,0.0,0.0,0.0,0.0,-28.771855780722944,-28.771855780722944,-28.771855780722944,-28.771855780722944,-1.0,-1.0,-1.0,-1.0,-1.0,-1.0,0.0,0.0,0.0,0.0,0.0,0.0
Michael Ryderstedt,1551.512446482314,1509.0993221782999,1445.7648060000754,1551.512446482314,457.0,76.0,40.8,188.0,1,24,0.0,0.3333333333333333,0.3333333333333333,0.3333333333333333,19.493750067917972,151.5124464823141,151.5124464823141,151.5124464823141,3.0,4.85,5.166666666666667,1.6,1.75,1.7916666666666667,0.398036797334927,0.547711856927777,0.5881895068363797,0.28444444444444444,0.5125946275946276,0.5188288563288563
Martin Vaisse,1400.0,1400.0,1400.0,1400.0,309.0,146.0,37.7,185.67156964873536,0,0,0.0,0.0,0.0,0.0,0.0,0.0,0.0,0.0,0.0,0.0,0.0,0.0,0.0,0.0,0.0,0.0,0.0,0.0,0.0,0.0
Bob Borella,1556.2944008828167,1581.6774029110625,1581.6774029110625,1556.2944008828167,1147.0,3.0,45.0,186.27336318231923,0,11,0.0,0.0,0.0,0.0,-25.383002028245755,-25.383002028245755,-25.383002028245755,-25.383002028245755,-1.0,-1.0,-1.0,-1.0,-1.0,-1.0,0.0,0.0,0.0,0.0,0.0,0.0
Denis Istomin,1569.7653971239242,1423.0694529093712,1390.0159974595226,1594.3000359307,420.0,97.0,39.0,185.0,0,497,0.2,0.2,0.3,0.39,-141.39157591944218,-136.2358938449231,-221.17224054979147,-199.92367696004635,2.2,4.05,5.08,1.6,2.0,1.86,0.5487893884668078,0.6573706100776959,0.6955360727956018,0.5325252525252526,0.5420048007548008,0.5112423125325939
Christopher Eubanks,1587.3790809198258,1496.8626661960893,1330.7691225653314,1562.5168961215122,106.0,545.0,29.3,201.0,0,102,0.6,0.36,0.44,0.41,-78.39996238951016,-122.44218149174208,-65.06962031067906,179.20418933674432,9.4,9.15,11.02,3.8,3.65,3.24,0.7430217872401037,0.7155143360158789,0.7293589648460878,0.5703030303030303,0.5336634199134199,0.5845825840825841
Albano Olivetti,1497.9887794279352,1542.8859988241488,1400.0,1378.6353621131284,793.0,24.0,33.5,203.0,0,13,0.2,0.38461538461538464,0.38461538461538464,0.38461538461538464,97.98877942793524,97.98877942793524,97.98877942793524,97.98877942793524,15.6,16.0,16.0,5.8,5.230769230769231,5.230769230769231,0.7777301781585747,0.7913681134019548,0.7913681134019548,0.5599999999999999,0.5853057199211045,0.5853057199211045
Jacobo Diaz,1756.3598075878378,1802.9162292489655,1891.5122886179702,1910.8636517963334,430.0,51.0,48.5,173.0,0,193,0.2,0.28,0.2558139534883721,0.2558139534883721,-105.33412529491216,-51.962345800606954,-154.5038442084956,-154.5038442084956,4.6,3.3,3.0232558139534884,2.8,3.75,3.7906976744186047,0.5934738485558159,0.6438791432554318,0.6488336640307679,0.5654545454545454,0.5593056943056942,0.5606496520655208
Luis Javier Cuellar Contreras,1400.0,1400.0,1400.0,1400.0,1507.0,1.0,37.1,185.67156964873536,0,0,0.0,0.0,0.0,0.0,0.0,0.0,0.0,0.0,0.0,0.0,0.0,0.0,0.0,0.0,0.0,0.0,0.0,0.0,0.0,0.0
Patricio Arquez,1652.1775591897522,1652.1775591897522,1652.1775591897522,1652.1775591897522,266.0,128.0,44.8,185.67156964873536,0,10,0.0,0.0,0.0,0.0,0.0,0.0,0.0,0.0,0.0,0.0,0.0,0.0,0.0,0.0,0.0,0.0,0.0,0.0,0.0,0.0
Igor Kornienko,1709.6568189517807,1709.6568189517807,1709.6568189517807,1709.6568189517807,693.0,18.0,53.3,185.67156964873536,0,50,0.0,0.0,0.0,0.0,0.0,0.0,0.0,0.0,0.0,0.0,0.0,0.0,0.0,0.0,0.0,0.0,0.0,0.0,0.0,0.0
Daniel Cukierman,1395.1637933757063,1398.329046976914,1375.0294588561399,1395.1637933757063,508.0,77.0,30.1,186.27336318231923,0,8,0.4,0.375,0.375,0.375,-4.836206624293709,-4.836206624293709,-4.836206624293709,-4.836206624293709,-0.2,0.375,0.375,0.8,1.25,1.25,0.23004434589800446,0.2974235495195861,0.2974235495195861,0.13999999999999999,0.2357142857142857,0.2357142857142857
Doug Bohaboy,1566.017592260695,1566.017592260695,1566.017592260695,1566.017592260695,283.0,104.0,49.0,185.67156964873536,0,10,0.0,0.0,0.0,0.0,0.0,0.0,0.0,0.0,0.0,0.0,0.0,0.0,0.0,0.0,0.0,0.0,0.0,0.0,0.0,0.0
Will Farah Lebar,1425.4660165554649,1388.902176757186,1425.4660165554649,1425.4660165554649,2000.0,0.0,47.7,185.67156964873536,0,1,1.0,1.0,1.0,1.0,25.466016555464876,25.466016555464876,25.466016555464876,25.466016555464876,-1.0,-1.0,-1.0,-1.0,-1.0,-1.0,0.0,0.0,0.0,0.0,0.0,0.0
Jerzy Janowicz,1837.5508817188054,1601.408257727528,1419.2268304954584,1532.5230814521256,461.0,68.0,34.3,203.0,0,197,0.6,0.4,0.42,0.46,-24.58142158677242,-41.66272145077414,-99.30607979038632,-153.2779801961574,8.0,9.95,7.92,3.4,4.65,4.02,0.8156600553917628,0.7700372507720019,0.6818645439163775,0.5077777777777778,0.5763492063492063,0.5756715506715507
Ervin Eleskovic,1429.357287946657,1387.2783691186198,1468.820078202182,1429.357287946657,355.0,115.0,38.1,185.67156964873536,0,10,0.4,0.2,0.2,0.2,29.357287946656925,29.357287946656925,29.357287946656925,29.357287946656925,5.4,4.9,4.9,3.4,5.0,5.0,0.7004308943089431,0.6812891651031896,0.6812891651031896,0.6325396825396825,0.5958152958152958,0.5958152958152958
Charalampos Kapogiannis,1365.1433190052346,1365.1433190052346,1365.1433190052346,1365.1433190052346,949.0,13.0,35.2,185.67156964873536,0,2,0.0,0.0,0.0,0.0,-34.856680994765384,-34.856680994765384,-34.856680994765384,-34.856680994765384,-1.0,-1.0,-1.0,-1.0,-1.0,-1.0,0.0,0.0,0.0,0.0,0.0,0.0
Marcus Sarstrand,1693.3112498814119,1698.9262440777627,1698.9262440777627,1693.3112498814119,397.0,66.0,46.9,183.0,0,51,0.0,0.0,0.0,0.0,-5.614994196350835,-5.614994196350835,-5.614994196350835,-5.614994196350835,6.0,6.0,6.0,4.0,4.0,4.0,0.6842105263157895,0.6842105263157895,0.6842105263157895,0.3333333333333333,0.3333333333333333,0.3333333333333333
Michel Koning,1400.0,1400.0,1400.0,1400.0,793.0,16.0,41.1,185.67156964873536,0,0,0.0,0.0,0.0,0.0,0.0,0.0,0.0,0.0,0.0,0.0,0.0,0.0,0.0,0.0,0.0,0.0,0.0,0.0,0.0,0.0
Roko Karanusic,1552.1170403556494,1438.3816051908987,1386.2563416027858,1525.3139838810248,131.0,465.0,43.0,183.0,0,56,0.2,0.36,0.28,0.25,67.78209050847704,126.88269876010668,193.0729654639715,152.11704035564935,2.4,3.75,3.56,0.2,1.25,1.06,0.3393883134649208,0.528210524372183,0.5717418921115662,0.2777777777777778,0.3626587301587302,0.41859773559773555
Alex Kuznetsov,1498.1074045435187,1490.7888973845834,1438.4038501674077,1413.8565145996677,311.0,153.0,38.4,183.0,0,38,0.2,0.24,0.23684210526315788,0.23684210526315788,22.208201050809066,112.76089107528242,98.10740454351867,98.10740454351867,5.2,7.6,7.394736842105263,2.8,2.25,2.710526315789474,0.7486993345432547,0.7259906621003569,0.7134496558204848,0.615,0.5404383116883117,0.5395868020868021
Daniel Brands,1679.5975478389628,1531.0602165734037,1507.301356725707,1473.1938224607816,180.0,285.0,37.5,196.0,0,151,0.0,0.24,0.36,0.4,-147.01594002629145,-188.4889364129151,-170.12048295548016,-37.05687960122623,6.2,8.45,8.92,4.8,4.1,2.84,0.703281504337401,0.7088881661388788,0.6877641943054035,0.643073593073593,0.5405762293262294,0.5471006216006216
Gianluca Pozzi,1820.0093385490463,1846.972899512402,1842.5302517952866,1950.6558122255155,122.0,333.0,60.3,180.0,1,229,0.2,0.2,0.32,0.43037974683544306,-176.4610765651264,-224.2752753531695,-223.52952557352683,-88.05230537104399,7.6,4.15,4.86,3.8,3.35,2.44,0.7670824340180067,0.7508858081239277,0.7196168633321902,0.6257142857142857,0.536649531024531,0.4886017871017871
Bertrand Madsen,1601.4476953765177,1630.8291696309057,1667.704110980833,1601.4476953765177,2000.0,0.0,52.8,186.27336318231923,0,14,0.5,0.5,0.5,0.5,-56.29179620282639,-56.29179620282639,-56.29179620282639,-56.29179620282639,-1.0,-1.0,-1.0,-1.0,-1.0,-1.0,0.0,0.0,0.0,0.0,0.0,0.0
Dick Norman,1708.003063514784,1526.9673456285072,1492.1605176468454,1571.1536081013442,263.0,246.0,54.2,203.0,1,55,0.8,0.32,0.28,0.2727272727272727,111.38764706089864,113.16192900758074,238.25082245888984,252.76879731139775,10.6,10.0,10.54,5.8,5.7,5.52,0.8212182266735178,0.6593332723564979,0.7021374509362953,0.6,0.5943252124219867,0.5907394644781742
Louis Wessels,1416.1300599228432,1416.1300599228432,1400.0,1400.0,347.0,139.0,26.8,198.0,0,2,0.5,0.5,0.5,0.5,16.130059922843202,16.130059922843202,16.130059922843202,16.130059922843202,2.5,2.5,2.5,4.5,4.5,4.5,0.5904761904761905,0.5904761904761905,0.5904761904761905,0.4875,0.4875,0.4875
Iurie Gorban,1397.291158557298,1397.291158557298,1400.0,1397.291158557298,2000.0,0.0,49.0,185.67156964873536,0,1,0.0,0.0,0.0,0.0,-2.708841442701896,-2.708841442701896,-2.708841442701896,-2.708841442701896,-1.0,-1.0,-1.0,-1.0,-1.0,-1.0,0.0,0.0,0.0,0.0,0.0,0.0
Jonathan Eysseric,1385.3783310262145,1400.0,1387.3849797196044,1385.3783310262145,290.0,169.0,35.2,180.0,1,3,0.0,0.0,0.0,0.0,-14.621668973785518,-14.621668973785518,-14.621668973785518,-14.621668973785518,2.3333333333333335,2.3333333333333335,2.3333333333333335,6.666666666666667,6.666666666666667,6.666666666666667,0.6700449411952759,0.6700449411952759,0.6700449411952759,0.46108140225787286,0.46108140225787286,0.46108140225787286
Ya Nan Ma,1400.0,1400.0,1400.0,1400.0,941.0,9.0,34.6,185.67156964873536,0,0,0.0,0.0,0.0,0.0,0.0,0.0,0.0,0.0,0.0,0.0,0.0,0.0,0.0,0.0,0.0,0.0,0.0,0.0,0.0,0.0
Maxim Bulat,1374.0067869355748,1374.0067869355748,1374.0067869355748,1374.0067869355748,2000.0,0.0,28.3,185.67156964873536,0,1,0.0,0.0,0.0,0.0,-25.993213064425163,-25.993213064425163,-25.993213064425163,-25.993213064425163,-1.0,-1.0,-1.0,-1.0,-1.0,-1.0,0.0,0.0,0.0,0.0,0.0,0.0
Gert Vilms,1442.4612917037507,1400.0,1442.4612917037507,1442.4612917037507,2000.0,0.0,45.3,185.67156964873536,0,1,1.0,1.0,1.0,1.0,42.4612917037507,42.4612917037507,42.4612917037507,42.4612917037507,-1.0,-1.0,-1.0,-1.0,-1.0,-1.0,0.0,0.0,0.0,0.0,0.0,0.0
Adrian Menendez Maceiras,1446.920199775299,1495.2587008213095,1379.4085388574667,1417.2700922167887,139.0,408.0,39.4,185.0,0,23,0.2,0.2608695652173913,0.2608695652173913,0.2608695652173913,75.80407886925423,44.82095805392419,44.82095805392419,44.82095805392419,2.8,4.75,4.739130434782608,2.4,2.35,2.4782608695652173,0.6574540211872376,0.6729682751814106,0.6588634939766284,0.3904761904761905,0.5230555555555555,0.523671497584541
Tomas Martin Etcheverry,1751.909182802993,1529.536051411849,1728.7042745470842,1321.2699847121805,39.0,1315.0,26.3,196.0,0,136,0.4,0.52,0.54,0.53,57.55206406452817,25.254335417586162,34.31797002160192,178.30573048553129,12.0,8.65,6.38,1.8,2.35,1.84,0.8115475828519306,0.7479350293339281,0.7276717918542548,0.6333333333333334,0.5658518564768565,0.5603696026196026
Sandor Martinez Breijo,1356.7894771060428,1427.450837586659,1352.7585796558496,1356.7894771060428,2000.0,0.0,44.0,185.67156964873536,0,8,0.4,0.375,0.375,0.375,-43.210522893957204,-43.210522893957204,-43.210522893957204,-43.210522893957204,-1.0,-1.0,-1.0,-1.0,-1.0,-1.0,0.0,0.0,0.0,0.0,0.0,0.0
Isaac Becroft,1400.0,1400.0,1400.0,1400.0,1016.0,9.0,24.8,180.0,0,0,0.0,0.0,0.0,0.0,0.0,0.0,0.0,0.0,0.0,0.0,0.0,0.0,0.0,0.0,0.0,0.0,0.0,0.0,0.0,0.0
Damir Dzumhur,1566.4735484675448,1450.2547032628693,1492.3054222256735,1458.1382360126233,100.0,584.0,33.4,175.0,0,273,0.4,0.4,0.34,0.38,-34.090049249768526,-39.54781583108456,-109.68951795384464,-226.46814473664858,-0.2,0.75,1.42,0.6,0.9,2.14,0.38823788823788824,0.44393705711877346,0.5692848751999595,0.33015873015873015,0.3145833333333333,0.4291597174755069
Dimitar Kutrovsky,1527.2432757454933,1462.1771206231952,1454.676817931372,1527.2432757454933,307.0,149.0,38.0,175.0,0,12,0.8,0.6666666666666666,0.6666666666666666,0.6666666666666666,127.24327574549329,127.24327574549329,127.24327574549329,127.24327574549329,-1.0,-0.16666666666666666,-0.16666666666666666,-1.0,0.08333333333333333,0.08333333333333333,0.0,0.16163306388811013,0.16163306388811013,0.0,0.11944444444444442,0.11944444444444442
Amer Delic,1728.628787215682,1762.0675833264515,1358.6548503944202,1431.6839461025806,210.0,231.0,42.7,196.0,0,87,0.8,0.52,0.4,0.367816091954023,14.571072600578646,139.96013316043582,16.96670141618347,328.628787215682,1.2,7.3,8.72,0.0,1.35,2.36,0.12666666666666665,0.393968664464932,0.5971497500765919,0.13333333333333336,0.38846153846153847,0.5745685980685981
Robert Farah,1470.3747918894505,1386.353542742318,1512.1565463570691,1470.3747918894505,2000.0,0.0,38.1,193.0,0,12,0.6,0.3333333333333333,0.3333333333333333,0.3333333333333333,49.820138792311354,49.820138792311354,49.820138792311354,49.820138792311354,7.0,4.5,4.5,1.8,1.75,1.75,0.6672031278037738,0.4766650889412869,0.4766650889412869,0.6952380952380952,0.46221741221741225,0.46221741221741225
Riccardo Ghedin,1386.1350862703907,1400.0,1386.1350862703907,1393.3876975100206,319.0,134.0,39.5,188.0,0,2,0.0,0.0,0.0,0.0,-13.86491372960927,-13.86491372960927,-13.86491372960927,-13.86491372960927,4.0,4.0,4.0,2.5,2.5,2.5,0.6130952380952381,0.6130952380952381,0.6130952380952381,0.3611111111111111,0.3611111111111111,0.3611111111111111
Maxime Janvier,1348.5030861762855,1400.0,1388.626313369861,1400.0,225.0,269.0,28.7,196.0,0,5,0.0,0.0,0.0,0.0,-51.49691382371452,-51.49691382371452,-51.49691382371452,-51.49691382371452,3.8,3.8,3.8,1.4,1.4,1.4,0.6770159084804532,0.6770159084804532,0.6770159084804532,0.5053391053391053,0.5053391053391053,0.5053391053391053
Andrea Gaudenzi,1780.3841500284695,1798.1275542500666,1965.389324353635,1912.2713361525648,136.0,286.0,51.7,183.0,0,259,0.4,0.28,0.3,0.38,-137.81702653651791,-126.43666515813698,-186.00195793499097,-112.27187096142961,1.8,2.85,2.96,4.0,4.85,4.6,0.6425070997632115,0.6804398552522909,0.6854755052721321,0.495,0.49061953569306505,0.5029113762054939
Siim Troost,1400.0,1400.0,1400.0,1400.0,1580.0,2.0,25.7,183.0,0,0,0.0,0.0,0.0,0.0,0.0,0.0,0.0,0.0,0.0,0.0,0.0,0.0,0.0,0.0,0.0,0.0,0.0,0.0,0.0,0.0
Bruno Abdel Nour,1400.0,1400.0,1400.0,1400.0,1135.0,4.0,34.1,186.27336318231923,0,0,0.0,0.0,0.0,0.0,0.0,0.0,0.0,0.0,0.0,0.0,0.0,0.0,0.0,0.0,0.0,0.0,0.0,0.0,0.0,0.0
Alexander Reichel,1669.1868021771584,1669.1868021771584,1669.1868021771584,1669.1868021771584,1154.0,4.0,53.9,193.0,0,10,0.0,0.0,0.0,0.0,0.0,0.0,0.0,0.0,0.0,0.0,0.0,0.0,0.0,0.0,0.0,0.0,0.0,0.0,0.0,0.0
Christopher Koutrouzas,1358.491656886202,1400.0,1400.0,1358.491656886202,2000.0,0.0,37.5,185.67156964873536,0,2,0.0,0.0,0.0,0.0,-41.50834311379799,-41.50834311379799,-41.50834311379799,-41.50834311379799,-1.0,-1.0,-1.0,-1.0,-1.0,-1.0,0.0,0.0,0.0,0.0,0.0,0.0
Marcello Craca,1807.751188626036,1807.751188626036,1807.751188626036,1807.751188626036,325.0,89.0,50.9,180.0,0,50,0.0,0.0,0.0,0.0,0.0,0.0,0.0,0.0,0.0,0.0,0.0,0.0,0.0,0.0,0.0,0.0,0.0,0.0,0.0,0.0
Pascal Schaul,1447.834198237171,1400.0,1424.911903283787,1447.834198237171,2000.0,0.0,46.2,185.67156964873536,0,2,1.0,1.0,1.0,1.0,47.834198237170995,47.834198237170995,47.834198237170995,47.834198237170995,-1.0,-1.0,-1.0,-1.0,-1.0,-1.0,0.0,0.0,0.0,0.0,0.0,0.0
Mike Vermeer,1342.064280733452,1342.064280733452,1342.064280733452,1342.064280733452,1019.0,7.0,32.2,185.67156964873536,0,3,0.0,0.0,0.0,0.0,-57.93571926654795,-57.93571926654795,-57.93571926654795,-57.93571926654795,-1.0,-1.0,-1.0,-1.0,-1.0,-1.0,0.0,0.0,0.0,0.0,0.0,0.0
Jacob Coenraad De Klerk,1390.3548309899938,1400.0,1390.3548309899938,1390.3548309899938,1485.0,2.0,33.3,185.67156964873536,0,1,0.0,0.0,0.0,0.0,-9.645169010006157,-9.645169010006157,-9.645169010006157,-9.645169010006157,-1.0,-1.0,-1.0,-1.0,-1.0,-1.0,0.0,0.0,0.0,0.0,0.0,0.0
Fabiano De Paula,1400.0,1400.0,1400.0,1400.0,458.0,86.0,36.6,178.0,0,0,0.0,0.0,0.0,0.0,0.0,0.0,0.0,0.0,0.0,0.0,0.0,0.0,0.0,0.0,0.0,0.0,0.0,0.0,0.0,0.0
Alexander Kudryavtsev,1439.2103293216483,1475.4776797894826,1400.0,1398.1394646476103,179.0,302.0,39.6,183.0,0,19,0.2,0.2631578947368421,0.2631578947368421,0.2631578947368421,39.21032932164826,39.21032932164826,39.21032932164826,39.21032932164826,9.8,6.421052631578948,6.421052631578948,3.4,2.473684210526316,2.473684210526316,0.7503023292496975,0.738393109975797,0.738393109975797,0.6327561327561327,0.4407612854981276,0.4407612854981276
Gustavo Marcaccio,1672.0892417316284,1636.4434613496383,1669.6829656083403,1672.0892417316284,406.0,74.0,47.9,170.0,0,14,0.5,0.5,0.5,0.5,35.64578038199011,35.64578038199011,35.64578038199011,35.64578038199011,3.0,3.0,3.0,1.5,1.5,1.5,0.6420917734601075,0.6420917734601075,0.6420917734601075,0.5660714285714286,0.5660714285714286,0.5660714285714286
Raven Klaasen,1553.4312660348528,1499.937537824712,1553.4312660348528,1463.3162006149196,247.0,195.0,42.9,178.0,0,11,0.6,0.6363636363636364,0.6363636363636364,0.6363636363636364,153.4312660348528,153.4312660348528,153.4312660348528,153.4312660348528,5.0,4.0,4.0,1.4,1.5454545454545454,1.5454545454545454,0.5740210401100331,0.5037959405632734,0.5037959405632734,0.4990476190476191,0.5184573002754821,0.5184573002754821
Jacob Rasolondrazana,1368.6764741539232,1400.0,1393.860398451544,1368.6764741539232,2000.0,0.0,41.2,185.67156964873536,0,3,0.0,0.0,0.0,0.0,-31.32352584607679,-31.32352584607679,-31.32352584607679,-31.32352584607679,-1.0,-1.0,-1.0,-1.0,-1.0,-1.0,0.0,0.0,0.0,0.0,0.0,0.0
Pruchya Isarow,1505.1961873732012,1505.1961873732012,1505.1961873732012,1505.1961873732012,987.0,12.0,29.9,175.0,0,13,0.8,0.6923076923076923,0.6923076923076923,0.6923076923076923,105.19618737320116,105.19618737320116,105.19618737320116,105.19618737320116,11.6,3.8461538461538463,3.8461538461538463,5.6,1.5384615384615385,1.5384615384615385,0.766702494906393,0.29488557496399725,0.29488557496399725,0.5328571428571428,0.20494505494505494,0.20494505494505494
Lester Cook,1400.0,1400.0,1400.0,1400.0,1445.0,1.0,41.2,180.0,0,0,0.0,0.0,0.0,0.0,0.0,0.0,0.0,0.0,0.0,0.0,0.0,0.0,0.0,0.0,0.0,0.0,0.0,0.0,0.0,0.0
Ilya Ivashka,1684.5539058046,1603.0974196791553,1434.2260033664086,1461.9429142622544,103.0,571.0,31.5,193.0,0,177,0.4,0.36,0.46,0.53,-105.48806625397128,-171.89468660907437,-149.47942213608985,-17.101410995174774,5.2,3.95,4.24,7.2,3.9,3.28,0.7072134063925467,0.6975353268928659,0.7065575634398268,0.6633333333333333,0.5736660561660561,0.5937496947496947
Jakub Mensik,1780.0807661351778,1700.4671966805124,1491.7205828948659,1387.9808926880328,48.0,1136.0,20.2,193.0,0,47,0.4,0.56,0.5957446808510638,0.5957446808510638,63.418323149395746,63.407428873635126,374.2409322459239,374.2409322459239,16.4,11.3,10.191489361702128,3.4,4.0,3.7872340425531914,0.8077172498554077,0.7380680982213551,0.7319668826945067,0.7811111111111112,0.5680700998348056,0.5952626388442898
Matthew Ebden,1588.4295177547767,1617.1753914735593,1268.5119136816104,1552.8983180326863,2000.0,0.0,37.6,188.0,0,207,0.2,0.36,0.38,0.39,1.8433018683363116,-123.72853329010104,-87.47002665299647,31.761664646064446,4.4,5.2,6.64,3.4,4.3,5.32,0.7024765878775312,0.7244699429534658,0.7238986340038035,0.3942857142857143,0.5759733893557423,0.5567647483235718
Daniele Bracciali,1750.7301279621315,1596.6624592638948,1740.436284640974,1787.0257527757785,2000.0,0.0,47.6,180.0,0,95,0.0,0.28,0.36,0.3764705882352941,-97.06326880272172,-142.58519212445526,-82.37572030614797,74.72038764340505,0.6,4.2,6.74,1.4,1.85,2.22,0.3702380952380952,0.6121291866593019,0.6922222459045654,0.2547008547008547,0.5165431790431791,0.6014065934065934
Carlos Palencia,1447.5766253793972,1425.5036287951784,1400.0,1447.5766253793972,557.0,44.0,44.0,185.67156964873536,0,2,1.0,1.0,1.0,1.0,47.57662537939723,47.57662537939723,47.57662537939723,47.57662537939723,-1.0,-1.0,-1.0,-1.0,-1.0,-1.0,0.0,0.0,0.0,0.0,0.0,0.0
Deniss Pavlovs,1473.6250171408717,1400.0,1388.541334410256,1473.6250171408717,620.0,35.0,41.9,185.67156964873536,0,13,0.8,0.5384615384615384,0.5384615384615384,0.5384615384615384,73.6250171408717,73.6250171408717,73.6250171408717,73.6250171408717,-1.0,-1.0,-1.0,-1.0,-1.0,-1.0,0.0,0.0,0.0,0.0,0.0,0.0
Eduardo Schwank,1738.677140155278,1474.2814410944004,1730.3323395456848,1362.8384677618783,139.0,377.0,39.2,183.0,0,104,0.6,0.36,0.38,0.38,43.84701055757341,-98.75167931962187,28.724058499414923,280.16257826457536,4.0,3.2,3.36,2.2,2.0,2.62,0.6771657779598372,0.60743854700065,0.5926950684733264,0.5205128205128207,0.43792929292929295,0.4094053169053169
John El Khoury,1400.0,1400.0,1400.0,1400.0,2000.0,0.0,39.5,185.67156964873536,0,0,0.0,0.0,0.0,0.0,0.0,0.0,0.0,0.0,0.0,0.0,0.0,0.0,0.0,0.0,0.0,0.0,0.0,0.0,0.0,0.0
Daniel King Turner,1481.5076085362793,1475.449094980755,1393.5707946480727,1400.0,366.0,108.0,40.8,190.0,0,27,0.6,0.56,0.5185185185185185,0.5185185185185185,75.96907603413365,81.50760853627935,81.50760853627935,81.50760853627935,-0.4,0.3,0.25925925925925924,-0.8,0.0,0.07407407407407407,0.13999999999999999,0.14188280986153326,0.14925090458635742,0.06666666666666667,0.09907616892911011,0.0954356101414925
Tigre Hank,1315.0710888437727,1355.200966336874,1400.0,1315.0710888437727,567.0,57.0,33.8,188.0,1,8,0.0,0.125,0.125,0.125,-84.92891115622729,-84.92891115622729,-84.92891115622729,-84.92891115622729,-0.6,0.75,0.75,-0.6,-0.375,-0.375,0.0967741935483871,0.14946692181519955,0.14946692181519955,0.11111111111111112,0.1527777777777778,0.1527777777777778
Emmanuel Heussner,1399.9632877236343,1400.0,1438.3855775086902,1399.9632877236343,2000.0,0.0,54.0,185.67156964873536,0,8,0.4,0.25,0.25,0.25,-0.03671227636573349,-0.03671227636573349,-0.03671227636573349,-0.03671227636573349,-1.0,-1.0,-1.0,-1.0,-1.0,-1.0,0.0,0.0,0.0,0.0,0.0,0.0
Markus Kerner,1400.0,1400.0,1400.0,1400.0,1343.0,3.0,30.3,185.67156964873536,0,0,0.0,0.0,0.0,0.0,0.0,0.0,0.0,0.0,0.0,0.0,0.0,0.0,0.0,0.0,0.0,0.0,0.0,0.0,0.0,0.0
Franz Luna Lavidalie,1370.013255294872,1370.013255294872,1370.013255294872,1370.013255294872,2000.0,0.0,27.4,185.67156964873536,0,1,0.0,0.0,0.0,0.0,-29.986744705128103,-29.986744705128103,-29.986744705128103,-29.986744705128103,-1.0,-1.0,-1.0,-1.0,-1.0,-1.0,0.0,0.0,0.0,0.0,0.0,0.0
Brandon Holt,1392.938454966036,1392.938454966036,1392.938454966036,1392.938454966036,227.0,255.0,27.3,185.0,0,8,0.2,0.25,0.25,0.25,-7.0615450339639665,-7.0615450339639665,-7.0615450339639665,-7.0615450339639665,5.8,7.875,7.875,1.0,1.625,1.625,0.6221338069969964,0.6486198016427688,0.6486198016427688,0.536842105263158,0.5781670084301663,0.5781670084301663
Lee Childs,1615.9250490303466,1566.017592260695,1615.9250490303466,1548.0031234814014,408.0,74.0,43.0,185.67156964873536,0,20,0.2,0.3,0.3,0.3,49.90745676965162,49.90745676965162,49.90745676965162,49.90745676965162,7.2,4.8,4.8,4.0,3.4,3.4,0.654012841491001,0.5977231924558433,0.5977231924558433,0.5886246364574538,0.5038361277525365,0.5038361277525365
